mls_number,listing_date,time_on_realtor,pull_date,address
40535927,2024-02-01 00:00:00,971 DAYS,2026-09-29,2395 Speakman Drive
40535941,2024-02-01 00:00:00,971 DAYS,2026-09-29,2395 Speakman Drive
40535948,2024-02-01 00:00:00,971 DAYS,2026-09-29,2395 Speakman Drive
C8433028,2024-06-14 00:00:00,829 DAYS,2026-09-21,130 Queens Quay East Street
E9039551,2024-07-17 00:00:00,796 DAYS,2026-09-21,202/203 - 880 Ellesmere Road
C9255196,2024-08-18 00:00:00,764 DAYS,2026-09-21,12 Centre Avenue
W9415407,2024-10-28 00:00:00,695 DAYS,2026-09-23,203 - 755 Queensway E
W10426631,2024-11-26 00:00:00,666 DAYS,2026-09-23,5655 Timberlea Boulevard
E11932758,2025-01-22 00:00:00,607 DAYS,2026-09-21,3218 Danforth Avenue
W11934052,2025-01-23 00:00:00,606 DAYS,2026-09-21,2497 Dufferin Street
E11941666,2025-01-28 00:00:00,601 DAYS,2026-09-21,1256 Markham Road
E12056485,2025-04-04 00:00:00,535 DAYS,2026-09-21,20 Commander Boulevard
W12058742,2025-04-04 00:00:00,542 DAYS,2026-09-28,251-255 Attwell Drive
W12058759,2025-04-04 00:00:00,542 DAYS,2026-09-28,251-255 Attwell Drive
W12066221,2025-04-07 00:00:00,540 DAYS,2026-09-29,2489 Sheridan Way
W12073452,2025-04-12 00:00:00,527 DAYS,2026-09-21,1826 Weston Road
W12089143,2025-04-20 00:00:00,519 DAYS,2026-09-21,324 - 1787 St.Clair Avenue W
W12082187,2025-04-25 00:00:00,516 DAYS,2026-09-23,6130 Tomken Road
E12112415,2025-05-02 00:00:00,507 DAYS,2026-09-21,21 Golden Gate Court
E12122889,2025-05-06 00:00:00,503 DAYS,2026-09-21,1095 Bellamy Road N
W12142471,2025-05-14 00:00:00,495 DAYS,2026-09-21,3129 Dufferin Street
C12143089,2025-05-15 00:00:00,494 DAYS,2026-09-21,144 Wedgewood Drive
C12170188,2025-05-26 00:00:00,483 DAYS,2026-09-21,309 - 2 Post Road
40737243,2025-06-04 00:00:00,482 DAYS,2026-09-29,2395 Speakman Drive
40737231,2025-06-04 00:00:00,482 DAYS,2026-09-29,2395 Speakman Drive
W12196497,2025-06-05 00:00:00,481 DAYS,2026-09-29,Opt 1 - 2395 Speakman Drive
W12196520,2025-06-05 00:00:00,481 DAYS,2026-09-29,Opt 6 - 2395 Speakman Drive
W12196509,2025-06-05 00:00:00,481 DAYS,2026-09-29,Opt 5 - 2395 Speakman Drive
W12196500,2025-06-05 00:00:00,481 DAYS,2026-09-29,Opt 2 - 2395 Speakman Drive
W12207175,2025-06-10 00:00:00,475 DAYS,2026-09-28,385-387 Carlingview Drive
W12190157,2025-06-13 00:00:00,467 DAYS,2026-09-23,999 North Service Road
C12239419,2025-06-26 00:00:00,452 DAYS,2026-09-21,11 Carhartt Street
C12239420,2025-06-26 00:00:00,452 DAYS,2026-09-21,11 Carhartt Street
C12300387,2025-07-24 00:00:00,424 DAYS,2026-09-21,101 Duncan Mill Road
E12331952,2025-08-10 00:00:00,407 DAYS,2026-09-21,R-03 - 3435 Sheppard Avenue E
C12349024,2025-08-20 00:00:00,397 DAYS,2026-09-21,Parking P757 - 36 Forest Manor Road
E12357590,2025-08-24 00:00:00,393 DAYS,2026-09-21,2708 - 286 Main Street
W12373799,2025-09-04 00:00:00,382 DAYS,2026-09-21,144 Oakdale Road
W12384749,2025-09-07 00:00:00,379 DAYS,2026-09-21,Unit 14 - 100 The East Mall
W12397273,2025-09-14 00:00:00,372 DAYS,2026-09-21,606 - 2111 Lake Shore Boulevard W
C12413294,2025-09-20 00:00:00,366 DAYS,2026-09-21,55 Gervais Drive
C12413303,2025-09-20 00:00:00,366 DAYS,2026-09-21,55 Gervais Drive
C12416791,2025-09-23 00:00:00,363 DAYS,2026-09-21,806 - 205 Hilda Avenue E
E12418396,2025-09-24 00:00:00,362 DAYS,2026-09-21,18 Howden Road
E12418326,2025-09-25 00:00:00,361 DAYS,2026-09-21,968 O'Connor Drive
C12423273,2025-09-25 00:00:00,361 DAYS,2026-09-21,740-748 Sheppard Avenue W
E12432702,2025-10-01 00:00:00,355 DAYS,2026-09-21,27 - 80 Dynamic Drive
C12435748,2025-10-02 00:00:00,354 DAYS,2026-09-21,1802 Avenue Road
E12437959,2025-10-03 00:00:00,353 DAYS,2026-09-21,134 - 70 Silver Star Boulevard
E12444414,2025-10-04 00:00:00,359 DAYS,2026-09-28,2478 - 2480 Kingston Road
W12427525,2025-10-06 00:00:00,352 DAYS,2026-09-23,1203 - 90 Absolute Avenue
W12450015,2025-10-08 00:00:00,355 DAYS,2026-09-28,121 Fourth Street
C12449284,2025-10-09 00:00:00,347 DAYS,2026-09-21,1008 - 130 Queens Quay E
W12450604,2025-10-10 00:00:00,346 DAYS,2026-09-21,504 - 33 Shore Breeze Drive
W12454250,2025-10-11 00:00:00,345 DAYS,2026-09-21,2 - 2427 Eglinton Avenue W
C12455710,2025-10-12 00:00:00,344 DAYS,2026-09-21,120 Lower Sherbourne Street
W12423154,2025-10-15 00:00:00,343 DAYS,2026-09-23,5040 Spectrum Way
E12461357,2025-10-16 00:00:00,340 DAYS,2026-09-21,11 - 3833 Midland Avenue
W12448365,2025-10-17 00:00:00,341 DAYS,2026-09-23,5 - 1455 Britannia Road
W12433202,2025-10-18 00:00:00,340 DAYS,2026-09-23,Pt 2 & 3 Matheson Boulevard E
W12469755,2025-10-20 00:00:00,336 DAYS,2026-09-21,4 Church Street
W12473272,2025-10-24 00:00:00,332 DAYS,2026-09-21,1705 - 3 Marine Parade Drive
W12460021,2025-10-25 00:00:00,333 DAYS,2026-09-23,5205 Satellite Drive
C12477557,2025-10-26 00:00:00,330 DAYS,2026-09-21,104 Maxome Avenue
C12477558,2025-10-26 00:00:00,330 DAYS,2026-09-21,106 Maxome Avenue
E12481864,2025-10-27 00:00:00,329 DAYS,2026-09-21,B - 2270 Markham Road
E12483847,2025-10-29 00:00:00,327 DAYS,2026-09-21,10-11 - 3720 Midland Avenue
C12483537,2025-10-29 00:00:00,327 DAYS,2026-09-21,33 Kern Road
C12485108,2025-10-30 00:00:00,326 DAYS,2026-09-21,62 Laird Drive
C12483354,2025-10-30 00:00:00,326 DAYS,2026-09-21,405 - 36 Forest Manor Road
C12497214,2025-11-02 00:00:00,323 DAYS,2026-09-21,1530 Bayview Ave Avenue
W12479038,2025-11-03 00:00:00,324 DAYS,2026-09-23,B1 #8 - 1833 Buckhorn Gate
W12479049,2025-11-03 00:00:00,324 DAYS,2026-09-23,B1 #9 - 1833 Buckhorn Gate
W12479025,2025-11-03 00:00:00,324 DAYS,2026-09-23,B1 #7 - 1833 Buckhorn Gate
W12478141,2025-11-03 00:00:00,324 DAYS,2026-09-23,B1 #4 - 1833 Buckhorn Gate
W12478742,2025-11-03 00:00:00,324 DAYS,2026-09-23,B1 #5 - 1833 Buckhorn Gate
W12478862,2025-11-03 00:00:00,324 DAYS,2026-09-23,B1 #6 - 1833 Buckhorn Gate
W12479099,2025-11-03 00:00:00,324 DAYS,2026-09-23,B1 #10 - 1833 Buckhorn Gate
W12478110,2025-11-03 00:00:00,324 DAYS,2026-09-23,B1 #2 - 1833 Buckhorn Gate
W12478088,2025-11-03 00:00:00,324 DAYS,2026-09-23,B1 #1 - 1833 Buckhorn Gate
W12508970,2025-11-06 00:00:00,319 DAYS,2026-09-21,413 - 1280 Finch Avenue
W12513926,2025-11-07 00:00:00,318 DAYS,2026-09-21,343-347 Roncesvalles Avenue
E12516466,2025-11-08 00:00:00,317 DAYS,2026-09-21,Unit#1 - 2372 Eglinton Avenue E
C12513112,2025-11-08 00:00:00,317 DAYS,2026-09-21,32 Brookfield Road
W12523974,2025-11-09 00:00:00,316 DAYS,2026-09-21,Unit B6 - 111-151 Steinway Boulevard
W12541488,2025-11-15 00:00:00,310 DAYS,2026-09-21,21 - 6119 Steeles Avenue W
W12548558,2025-11-17 00:00:00,308 DAYS,2026-09-21,66 N Queen Street
C12548318,2025-11-18 00:00:00,307 DAYS,2026-09-21,711 - 1338 York Mills Road
W12548692,2025-11-18 00:00:00,307 DAYS,2026-09-21,600 The Queensway Toronto W7 Way
E12550182,2025-11-19 00:00:00,306 DAYS,2026-09-21,11 - 3833 Midland Avenue
W12551128,2025-11-20 00:00:00,305 DAYS,2026-09-21,115 Parkside Drive
W12531084,2025-11-21 00:00:00,306 DAYS,2026-09-23,3 - 1185 Queensway Avenue E
W12568318,2025-11-23 00:00:00,302 DAYS,2026-09-21,602 The Queensway Way
W12576082,2025-11-27 00:00:00,298 DAYS,2026-09-21,4 & 5 - 66 Jutland Road
W12577082,2025-11-28 00:00:00,297 DAYS,2026-09-21,114 - 127 Westmore Drive
E12595444,2025-12-04 00:00:00,291 DAYS,2026-09-21,2A13 & 2A15 - 4675 Steeles Avenue E
E12593404,2025-12-04 00:00:00,291 DAYS,2026-09-21,70 Mcgriskin Road
W12571380,2025-12-05 00:00:00,292 DAYS,2026-09-23,5155 Spectrum Way
W12604626,2025-12-05 00:00:00,298 DAYS,2026-09-29,1491 Watersedge Road
W12602544,2025-12-06 00:00:00,289 DAYS,2026-09-21,119 Milvan Drive
E12628150,2025-12-14 00:00:00,281 DAYS,2026-09-21,13 - 170 Clonmore Drive
E12632702,2025-12-16 00:00:00,279 DAYS,2026-09-21,128 - 3700 Midland Avenue
C12646596,2025-12-25 00:00:00,270 DAYS,2026-09-21,61 Highland Crescent
W12657530,2026-01-04 00:00:00,260 DAYS,2026-09-21,113 Lambton Avenue
W12657820,2026-01-04 00:00:00,260 DAYS,2026-09-21,2323 Bloor Street W
W12656492,2026-01-04 00:00:00,260 DAYS,2026-09-21,8 - 2323 Bloor Street W
W12657430,2026-01-04 00:00:00,260 DAYS,2026-09-21,1634 Weston Road W
W12663834,2026-01-08 00:00:00,256 DAYS,2026-09-21,1015 - 816 Lansdowne Avenue
W12669430,2026-01-08 00:00:00,256 DAYS,2026-09-21,1568 Bloor Street W
E12670730,2026-01-09 00:00:00,255 DAYS,2026-09-21,1D18** - 4675 Steeles Avenue E
E12678648,2026-01-10 00:00:00,254 DAYS,2026-09-21,2367 Warden Avenue
E12681768,2026-01-11 00:00:00,253 DAYS,2026-09-21,137 - 4438 Sheppard Avenue E
C12686194,2026-01-14 00:00:00,250 DAYS,2026-09-21,375 Wilson Avenue
E12688566,2026-01-14 00:00:00,250 DAYS,2026-09-21,2C10** - 4675 Steeles Avenue E
C12687098,2026-01-14 00:00:00,250 DAYS,2026-09-21,21 Kern Road
C12687084,2026-01-14 00:00:00,250 DAYS,2026-09-21,21 Kern Road
C12685100,2026-01-14 00:00:00,250 DAYS,2026-09-21,2 Lesgay Crescent
E12688542,2026-01-14 00:00:00,250 DAYS,2026-09-21,2C12** - 4675 Steeles Avenue E
W12690784,2026-01-15 00:00:00,249 DAYS,2026-09-21,1698 Weston Road
W12701698,2026-01-17 00:00:00,247 DAYS,2026-09-21,"14, 15 & 16 - 4480 Chesswood Drive"
C12694680,2026-01-17 00:00:00,247 DAYS,2026-09-21,45 Bayview Ridge
C12704032,2026-01-18 00:00:00,246 DAYS,2026-09-21,345 Wilson Avenue
C12703896,2026-01-18 00:00:00,246 DAYS,2026-09-21,345 Wilson Avenue
W12674606,2026-01-18 00:00:00,248 DAYS,2026-09-23,45 - 4141 Dixie Road
W12705896,2026-01-19 00:00:00,245 DAYS,2026-09-21,8 Westmore Drive
C12713216,2026-01-21 00:00:00,243 DAYS,2026-09-21,N/A Bayview Ave & Nesbitt Dr Avenue
E12709554,2026-01-21 00:00:00,243 DAYS,2026-09-21,1 - 2560 Lawrence Avenue E
W12687306,2026-01-23 00:00:00,243 DAYS,2026-09-23,1020 Stacey Court
W12658452,2026-01-24 00:00:00,242 DAYS,2026-09-23,6832 Campbell Settler Court
W12722246,2026-01-24 00:00:00,240 DAYS,2026-09-21,1 Hafis Road
W12719510,2026-01-25 00:00:00,239 DAYS,2026-09-21,911 - 1808 St. Clair Avenue W
W12727464,2026-01-25 00:00:00,246 DAYS,2026-09-28,421 - 8 Drummond Street
E12723812,2026-01-26 00:00:00,238 DAYS,2026-09-21,14 - 176 Clonmore Avenue
C12724848,2026-01-26 00:00:00,238 DAYS,2026-09-21,2638A Bayview Avenue
C12728120,2026-01-27 00:00:00,237 DAYS,2026-09-21,B05-B06 - 3365 Steeles Avenue
W12674522,2026-01-28 00:00:00,238 DAYS,2026-09-23,35 York Street
W12734066,2026-01-29 00:00:00,235 DAYS,2026-09-21,1780 St. Clair Avenue
E12731672,2026-01-30 00:00:00,234 DAYS,2026-09-21,3 - 170 Clonmore Avenue
E12735818,2026-01-30 00:00:00,234 DAYS,2026-09-21,4750 Sheppard Avenue E
W12710004,2026-01-30 00:00:00,236 DAYS,2026-09-23,35 - 5359 Timberlea Boulevard
W12736224,2026-01-30 00:00:00,234 DAYS,2026-09-21,959 Albion Road
W12719194,2026-02-01 00:00:00,234 DAYS,2026-09-23,1C13-1C14 (75 & 76) - 7205 Goreway Drive
W12722668,2026-02-02 00:00:00,233 DAYS,2026-09-23,B106 - 5266 Solar Drive E
W12706160,2026-02-04 00:00:00,231 DAYS,2026-09-23,P1-117 - 8 Nahani Way
C12754138,2026-02-05 00:00:00,228 DAYS,2026-09-21,208 - 45 Industrial Street
C12753810,2026-02-05 00:00:00,228 DAYS,2026-09-21,219-221 - 45 Industrial Street
C12754154,2026-02-05 00:00:00,228 DAYS,2026-09-21,219-221 - 45 Industrial Street
C12753046,2026-02-05 00:00:00,228 DAYS,2026-09-21,307/308 - 45 Industrial Street
C12753024,2026-02-05 00:00:00,228 DAYS,2026-09-21,307/308 - 45 Industrial Street
C12753874,2026-02-05 00:00:00,228 DAYS,2026-09-21,208 - 45 Industrial Street
W12762990,2026-02-07 00:00:00,226 DAYS,2026-09-21,6B - 66 Jutland Road
C12761102,2026-02-07 00:00:00,226 DAYS,2026-09-21,3921 Don Mills Road
C12759404,2026-02-07 00:00:00,226 DAYS,2026-09-21,8 Swansdown Drive
E12766500,2026-02-08 00:00:00,225 DAYS,2026-09-21,355 Beech Avenue
W12773886,2026-02-11 00:00:00,222 DAYS,2026-09-21,6 - 66 Jutland Road
E12773746,2026-02-11 00:00:00,222 DAYS,2026-09-21,3 - 155 Morningside Avenue
W12776030,2026-02-13 00:00:00,220 DAYS,2026-09-21,306 - 1787 St. Clair Avenue W
W12747810,2026-02-13 00:00:00,222 DAYS,2026-09-23,202 - 2985 Drew Road
W12734194,2026-02-15 00:00:00,220 DAYS,2026-09-23,208 - 1660 Bloor Street
W12756536,2026-02-15 00:00:00,220 DAYS,2026-09-23,9 - 259 Traders Boulevard E
C12781776,2026-02-15 00:00:00,218 DAYS,2026-09-21,1511 - 33 Singer Court
W12767664,2026-02-17 00:00:00,218 DAYS,2026-09-23,2891 Derry Road E
C12795404,2026-02-19 00:00:00,214 DAYS,2026-09-21,719 Sheppard Avenue W
E12799090,2026-02-20 00:00:00,213 DAYS,2026-09-21,1716 Queen St Street E
W12771086,2026-02-20 00:00:00,215 DAYS,2026-09-23,208 - 3530 Derry Road E
W12771022,2026-02-20 00:00:00,215 DAYS,2026-09-23,104 - 3530 Derry Road E
C12792916,2026-02-20 00:00:00,213 DAYS,2026-09-21,185 Maxome Avenue
W12771036,2026-02-20 00:00:00,215 DAYS,2026-09-23,201 - 3530 Derry Road E
W12771064,2026-02-20 00:00:00,215 DAYS,2026-09-23,106 - 3530 Derry Road E
W12805094,2026-02-22 00:00:00,211 DAYS,2026-09-21,111 - 1275 Finch Street
E12805042,2026-02-22 00:00:00,211 DAYS,2026-09-21,773 Warden Avenue
C12807014,2026-02-22 00:00:00,211 DAYS,2026-09-21,199 Bay Street
E12805016,2026-02-22 00:00:00,211 DAYS,2026-09-21,20 Sherry Road
C12808024,2026-02-23 00:00:00,210 DAYS,2026-09-21,156 Highland Crescent
W12782810,2026-02-23 00:00:00,212 DAYS,2026-09-23,34 - 5155 Spectrum Way
W12784458,2026-02-23 00:00:00,212 DAYS,2026-09-23,4 - 1015 Matheson Boulevard
W12782818,2026-02-23 00:00:00,212 DAYS,2026-09-23,34 - 5155 Spectrum Way
E12813378,2026-02-25 00:00:00,208 DAYS,2026-09-21,1007 Kingston Road
E12816566,2026-02-25 00:00:00,208 DAYS,2026-09-21,1680 Brimley Road
E12812764,2026-02-25 00:00:00,208 DAYS,2026-09-21,5741 Finch Avenue E
C12814018,2026-02-27 00:00:00,206 DAYS,2026-09-21,3 Mosedale Crescent
W12822580,2026-02-28 00:00:00,205 DAYS,2026-09-21,2393 Dundas Street W
W12773266,2026-02-28 00:00:00,207 DAYS,2026-09-23,4024 Longo Circle E
C12826422,2026-03-01 00:00:00,204 DAYS,2026-09-21,Unit 201 & 202 - 41 Industrial Street
E12827294,2026-03-01 00:00:00,204 DAYS,2026-09-21,122 - 4800 Sheppard Avenue E
W12802260,2026-03-02 00:00:00,205 DAYS,2026-09-23,30 Village Centre Place
W12807772,2026-03-03 00:00:00,204 DAYS,2026-09-23,1806 - 50 Absolute Avenue
E12841944,2026-03-04 00:00:00,208 DAYS,2026-09-28,2367 Kingston Road
E12836806,2026-03-04 00:00:00,201 DAYS,2026-09-21,G6 - 8 Glen Watford Drive
C12834950,2026-03-05 00:00:00,200 DAYS,2026-09-21,2619-21 Bayview Avenue
E12841550,2026-03-05 00:00:00,200 DAYS,2026-09-21,Lph 11 & 12 - 885 Progress Avenue
C12834942,2026-03-05 00:00:00,200 DAYS,2026-09-21,6 Heathcote Avenue
W12832338,2026-03-05 00:00:00,200 DAYS,2026-09-21,2411 - 15 Windermere Avenue
W12837978,2026-03-05 00:00:00,200 DAYS,2026-09-21,262 Jane Street
C12833200,2026-03-05 00:00:00,200 DAYS,2026-09-21,33 Stratheden Road
W12840882,2026-03-05 00:00:00,200 DAYS,2026-09-21,2989 Bloor Street W
W12842182,2026-03-06 00:00:00,199 DAYS,2026-09-21,101K - 1893 Finch Avenue W
E12846796,2026-03-06 00:00:00,199 DAYS,2026-09-21,112 - 390 Silver Star Boulevard
C12846052,2026-03-07 00:00:00,198 DAYS,2026-09-21,80 Kingslake Road
E12849706,2026-03-07 00:00:00,198 DAYS,2026-09-21,6 Collinsgrove Road
C12848186,2026-03-07 00:00:00,198 DAYS,2026-09-21,506-508 - 1110 Sheppard Avenue E
E12852470,2026-03-08 00:00:00,197 DAYS,2026-09-21,1533 O'Connor Drive
E12857070,2026-03-08 00:00:00,197 DAYS,2026-09-21,G60 - 8 Glen Watford Drive
W12433210,2026-03-09 00:00:00,198 DAYS,2026-09-23,Pt 2 & 3 Matheson Boulevard E
E12859300,2026-03-10 00:00:00,195 DAYS,2026-09-21,4A - 3220 Kingston Road
E12861232,2026-03-11 00:00:00,194 DAYS,2026-09-21,843 Kennedy Road
W12864040,2026-03-11 00:00:00,194 DAYS,2026-09-21,3030 Dundas Street W
E12860440,2026-03-11 00:00:00,194 DAYS,2026-09-21,7A Musgrave Street
W12861034,2026-03-11 00:00:00,194 DAYS,2026-09-21,58 Milvan Drive
E12863714,2026-03-11 00:00:00,194 DAYS,2026-09-21,B8A - 4227 Sheppard Avenue E
C12861498,2026-03-11 00:00:00,194 DAYS,2026-09-21,3307 Bayview Avenue
E12863806,2026-03-11 00:00:00,194 DAYS,2026-09-21,136 - 2301 Brimley Road
W12867688,2026-03-12 00:00:00,193 DAYS,2026-09-21,200 Ronson Drive
C12867292,2026-03-12 00:00:00,193 DAYS,2026-09-21,1556 Avenue Road
E12871944,2026-03-13 00:00:00,192 DAYS,2026-09-21,A010 - 4543 Kingston Road
C12872222,2026-03-13 00:00:00,192 DAYS,2026-09-21,200 - 23 Lesmill Road
C12875344,2026-03-14 00:00:00,191 DAYS,2026-09-21,100A - 2450 Victoria Park Avenue
E12875574,2026-03-14 00:00:00,191 DAYS,2026-09-21,G07 - 4168 Finch Avenue E
E12875756,2026-03-14 00:00:00,191 DAYS,2026-09-21,G08 - 4168 Finch Avenue E
C12877518,2026-03-15 00:00:00,190 DAYS,2026-09-21,1120 - 20 O'Neill Road
W12884408,2026-03-15 00:00:00,197 DAYS,2026-09-28,11 - 2783 Lake Shore Boulevard W
C12876500,2026-03-15 00:00:00,190 DAYS,2026-09-21,Ph4101 - 95 Mcmahon Drive
E12878914,2026-03-15 00:00:00,190 DAYS,2026-09-21,A18 - 63 Silver Star Boulevard
C12883816,2026-03-16 00:00:00,189 DAYS,2026-09-21,B3 - 3365 Steeles Ave E Avenue
W12890184,2026-03-17 00:00:00,196 DAYS,2026-09-29,552 Bobolink Road
W12889224,2026-03-18 00:00:00,187 DAYS,2026-09-21,3 - 32 Goodmark Place
W12858544,2026-03-18 00:00:00,189 DAYS,2026-09-23,2A10+2A11 - 7215 Goreway Drive
E12888782,2026-03-18 00:00:00,187 DAYS,2026-09-21,B2 - 3101 Kennedy Road
C12885504,2026-03-19 00:00:00,186 DAYS,2026-09-21,9 Lonergan Crescent
W12897854,2026-03-20 00:00:00,185 DAYS,2026-09-21,458 Caledonia Road
C12899932,2026-03-21 00:00:00,184 DAYS,2026-09-21,11 - 280 - 422 Consumers Road
W12897692,2026-03-21 00:00:00,184 DAYS,2026-09-21,P203 55 - 25 Neighbourhood Lane
C12894970,2026-03-21 00:00:00,184 DAYS,2026-09-21,49 Pheasant Road
W12898286,2026-03-22 00:00:00,183 DAYS,2026-09-21,45 Rutland Street
E12903090,2026-03-22 00:00:00,183 DAYS,2026-09-21,7 Village Green Square
W12877362,2026-03-23 00:00:00,184 DAYS,2026-09-23,5945 Dixie Road
W12906032,2026-03-23 00:00:00,182 DAYS,2026-09-21,4107 - 21 Rexdale Boulevard
C12906668,2026-03-23 00:00:00,182 DAYS,2026-09-21,69 Provost Drive
W12853372,2026-03-24 00:00:00,183 DAYS,2026-09-23,401 - 1275 Silver Spear Road
W12854518,2026-03-24 00:00:00,183 DAYS,2026-09-23,171 - 1055 Dundas Street E
C12912808,2026-03-26 00:00:00,179 DAYS,2026-09-21,2189 Dufferin Street
C12912802,2026-03-26 00:00:00,179 DAYS,2026-09-21,2189 Dufferin Street
W12915334,2026-03-26 00:00:00,179 DAYS,2026-09-21,1015 Weston Road
W12915956,2026-03-26 00:00:00,179 DAYS,2026-09-21,19 John Street
E12918138,2026-03-27 00:00:00,178 DAYS,2026-09-21,28 Howden Road
C12920862,2026-03-27 00:00:00,178 DAYS,2026-09-21,1819-1821 Avenue Road
W12888880,2026-03-27 00:00:00,180 DAYS,2026-09-23,20 & 21 - 1590 Matheson Boulevard
W12916810,2026-03-27 00:00:00,178 DAYS,2026-09-21,Ph502 - 80 Palace Pier Court
W12916802,2026-03-27 00:00:00,178 DAYS,2026-09-21,Ph502 - 80 Palace Pier Court
E12930038,2026-03-28 00:00:00,177 DAYS,2026-09-21,3431* St Clair Avenue E
W12868078,2026-03-28 00:00:00,179 DAYS,2026-09-23,66 - 1624 Bloor Street E
E12923190,2026-03-28 00:00:00,177 DAYS,2026-09-21,106 - 3250 Markham Road
E12923204,2026-03-28 00:00:00,177 DAYS,2026-09-21,103 - 3250 Markham Road
E12923210,2026-03-28 00:00:00,177 DAYS,2026-09-21,105 - 3250 Markham Road
E12923214,2026-03-28 00:00:00,177 DAYS,2026-09-21,103-105 - 3250 Markham Road
E12923220,2026-03-28 00:00:00,177 DAYS,2026-09-21,103-106 - 3250 Markham Road
E12926728,2026-03-28 00:00:00,177 DAYS,2026-09-21,3702 Kingston Road
C12929478,2026-03-29 00:00:00,176 DAYS,2026-09-21,3219 Yonge Street
C12929448,2026-03-29 00:00:00,176 DAYS,2026-09-21,3221 Yonge Street
C12932256,2026-03-30 00:00:00,175 DAYS,2026-09-21,3217 Yonge Street
W12927050,2026-03-30 00:00:00,175 DAYS,2026-09-21,2216 - 1926 Lakeshore Boulevard W
E12937366,2026-04-01 00:00:00,173 DAYS,2026-09-21,1B - 2901 Kennedy Road
W12946896,2026-04-02 00:00:00,179 DAYS,2026-09-28,27 Fasken Drive
W12946902,2026-04-02 00:00:00,179 DAYS,2026-09-28,27 & 31 Fasken Drive
E12938578,2026-04-02 00:00:00,172 DAYS,2026-09-21,677A Markham Road
W12941294,2026-04-02 00:00:00,172 DAYS,2026-09-21,F - 3300 Dufferin Street
W12941122,2026-04-02 00:00:00,172 DAYS,2026-09-21,110 Ronson Drive
E12946676,2026-04-02 00:00:00,172 DAYS,2026-09-21,4121 Kingston Road
W12947282,2026-04-03 00:00:00,171 DAYS,2026-09-21,120 Oakdale Rd
W12910852,2026-04-03 00:00:00,173 DAYS,2026-09-23,4A & 5A - 1185 Queensway E
W12955648,2026-04-03 00:00:00,179 DAYS,2026-09-29,920 Calder Road
E12945308,2026-04-03 00:00:00,171 DAYS,2026-09-21,3049 Kingston Road
W12942176,2026-04-04 00:00:00,170 DAYS,2026-09-21,1701 - 1900 Lake Shore Boulevard W
W12944608,2026-04-04 00:00:00,170 DAYS,2026-09-21,4410 - 20 Shore Breeze Drive
E12949398,2026-04-04 00:00:00,170 DAYS,2026-09-21,58 Redlea Avenue
W12915110,2026-04-04 00:00:00,172 DAYS,2026-09-23,5920 Atlantic Drive S
C12945142,2026-04-04 00:00:00,170 DAYS,2026-09-21,382 Old Yonge Street
W12949962,2026-04-04 00:00:00,170 DAYS,2026-09-21,2825-2827 Weston Road
W12915130,2026-04-04 00:00:00,172 DAYS,2026-09-23,5920 Atlantic Drive
W12951052,2026-04-04 00:00:00,170 DAYS,2026-09-21,35 - 101 Toro Road
E12956268,2026-04-05 00:00:00,169 DAYS,2026-09-21,F9 - 8 Glen Watford Drive
W12949034,2026-04-05 00:00:00,169 DAYS,2026-09-21,80 Cayuga Avenue
C12955030,2026-04-06 00:00:00,168 DAYS,2026-09-21,38 Pheasant Road
W12958640,2026-04-07 00:00:00,167 DAYS,2026-09-21,25 The West Mall #
E12956546,2026-04-07 00:00:00,167 DAYS,2026-09-21,4 Ferncrest Gate
E12958966,2026-04-08 00:00:00,166 DAYS,2026-09-21,2A17&18 - 4675 Steeles Avenue E
W12961398,2026-04-08 00:00:00,166 DAYS,2026-09-21,1122 Castlefield Avenue
E12964324,2026-04-09 00:00:00,165 DAYS,2026-09-21,3103 - 4438 Sheppard Avenue
E12967456,2026-04-09 00:00:00,165 DAYS,2026-09-21,"24, 25 - 50 Weybright Court"
W12903238,2026-04-10 00:00:00,166 DAYS,2026-09-23,"5,6 43R-16290 Matheson Boulevard E"
W12937412,2026-04-10 00:00:00,166 DAYS,2026-09-23,9 - 190 Britannia Road E
W12971672,2026-04-10 00:00:00,164 DAYS,2026-09-21,1742 Jane Street
W12962730,2026-04-10 00:00:00,164 DAYS,2026-09-21,722 Lansdowne Avenue
C12962416,2026-04-10 00:00:00,164 DAYS,2026-09-21,7 Roslin Avenue
C12969562,2026-04-10 00:00:00,164 DAYS,2026-09-21,1304 - 130 Queens Quay E
C12963916,2026-04-10 00:00:00,164 DAYS,2026-09-21,170 Ranee Avenue
E12974108,2026-04-10 00:00:00,164 DAYS,2026-09-21,817 - 210 Silver Star Boulevard
W12963976,2026-04-10 00:00:00,164 DAYS,2026-09-21,2512 - 1926 Lake Shore Boulevard W
E12974078,2026-04-10 00:00:00,164 DAYS,2026-09-21,815 - 210 Silver Star Boulevard
C12976342,2026-04-11 00:00:00,163 DAYS,2026-09-21,1880 O'Connor Drive
W12978908,2026-04-11 00:00:00,163 DAYS,2026-09-21,168 Bridgeland Avenue
W12978898,2026-04-11 00:00:00,163 DAYS,2026-09-21,168 Bridgeland Avenue
W12970002,2026-04-11 00:00:00,163 DAYS,2026-09-21,189 Parkside Drive
W12975910,2026-04-11 00:00:00,163 DAYS,2026-09-21,120 Oakdale Rd
W12941612,2026-04-11 00:00:00,165 DAYS,2026-09-23,2 - 2110 Dundas Street E
W12978914,2026-04-11 00:00:00,163 DAYS,2026-09-21,168 Bridgeland Avenue
W12916698,2026-04-12 00:00:00,164 DAYS,2026-09-23,305 - 1615 Bloor Street E
E12980796,2026-04-12 00:00:00,162 DAYS,2026-09-21,121 - 5215 Finch Avenue E
40819575,2026-04-12 00:00:00,162 DAYS,2026-09-21,3305 Sheppard Avenue E
C12974436,2026-04-12 00:00:00,162 DAYS,2026-09-21,760 - 60 Ann O'Reilly Road
E12985324,2026-04-12 00:00:00,162 DAYS,2026-09-21,3305 Sheppard Avenue E
W12985342,2026-04-12 00:00:00,162 DAYS,2026-09-21,3261 Dufferin Street
W12917932,2026-04-12 00:00:00,164 DAYS,2026-09-23,3657 Woodruff Crescent
W12942480,2026-04-12 00:00:00,164 DAYS,2026-09-23,131 Brunel Road
W12984090,2026-04-12 00:00:00,162 DAYS,2026-09-21,A101 - 6230 Finch Avenue W
W12946708,2026-04-12 00:00:00,164 DAYS,2026-09-23,1220 Matheson Boulevard E
W12981204,2026-04-13 00:00:00,161 DAYS,2026-09-21,1707 - 33 Shore Breeze Drive S
E12986376,2026-04-13 00:00:00,161 DAYS,2026-09-21,2633 Eglinton Avenue E
W12985914,2026-04-13 00:00:00,161 DAYS,2026-09-21,13 Racine Road
C12981626,2026-04-13 00:00:00,161 DAYS,2026-09-21,512 - 1338 York Mills Road
W12955326,2026-04-14 00:00:00,162 DAYS,2026-09-23,132 - 70 Absolute Avenue
W12930186,2026-04-15 00:00:00,161 DAYS,2026-09-23,7608 Benavon Road
E12989546,2026-04-15 00:00:00,159 DAYS,2026-09-21,Fc-03 - 300 Borough Drive
W12995562,2026-04-15 00:00:00,159 DAYS,2026-09-21,188 Fairholme Avenue
C12991220,2026-04-15 00:00:00,159 DAYS,2026-09-21,522 - 1315 Lawrence Avenue E
W12997524,2026-04-16 00:00:00,158 DAYS,2026-09-21,8 - 73 Alness Street
W12993040,2026-04-16 00:00:00,158 DAYS,2026-09-21,703 - 2285 Lake Shore Boulevard W
W12960558,2026-04-17 00:00:00,159 DAYS,2026-09-23,101 - 1055 Canadian Place
E13002600,2026-04-17 00:00:00,157 DAYS,2026-09-21,09 - 80 Ellesmere Road
W13002060,2026-04-17 00:00:00,157 DAYS,2026-09-21,12 Kincort Street
W13002292,2026-04-17 00:00:00,157 DAYS,2026-09-21,12 Kincort Street
W12939524,2026-04-18 00:00:00,158 DAYS,2026-09-23,7150 Harwick Drive
W13009692,2026-04-18 00:00:00,156 DAYS,2026-09-21,3115 Dundas Street W
C13009298,2026-04-18 00:00:00,156 DAYS,2026-09-21,2834 Victoria Park Avenue
W13009030,2026-04-18 00:00:00,156 DAYS,2026-09-21,744-746 Wilson Avenue
C13004804,2026-04-19 00:00:00,155 DAYS,2026-09-21,481-483-485 Wilson Avenue
W13010232,2026-04-19 00:00:00,155 DAYS,2026-09-21,703 Garyray Drive
C13004608,2026-04-19 00:00:00,155 DAYS,2026-09-21,481 Wilson Avenue
E13012152,2026-04-19 00:00:00,155 DAYS,2026-09-21,108 - 2347 Kennedy Road
40818978,2026-04-19 00:00:00,157 DAYS,2026-09-23,1400 Aimco Boulevard Unit# 4
W12974224,2026-04-19 00:00:00,157 DAYS,2026-09-23,4 - 1400 Aimco Boulevard
W13009586,2026-04-19 00:00:00,155 DAYS,2026-09-21,Wl08 - 80 Marine Parade Drive
C13004800,2026-04-19 00:00:00,155 DAYS,2026-09-21,483-485 Wilson Avenue
C13005614,2026-04-19 00:00:00,155 DAYS,2026-09-21,50 Yorkminster Road
C13014948,2026-04-20 00:00:00,154 DAYS,2026-09-21,80 Bayview Ridge
W12955636,2026-04-21 00:00:00,155 DAYS,2026-09-23,4040 Lookout Court
W13016012,2026-04-21 00:00:00,153 DAYS,2026-09-21,108 - 119 Ford Street
40819656,2026-04-21 00:00:00,155 DAYS,2026-09-23,6465 Airport Road
C13015320,2026-04-21 00:00:00,153 DAYS,2026-09-21,222 - 38 William Carson Crescent
W13017498,2026-04-21 00:00:00,153 DAYS,2026-09-21,1422 Bloor Street W
W12985270,2026-04-21 00:00:00,155 DAYS,2026-09-23,6465 Airport Road
W13018942,2026-04-22 00:00:00,152 DAYS,2026-09-21,4 - 573 Rogers Road
E13020960,2026-04-22 00:00:00,152 DAYS,2026-09-21,197 Bellamy Road N
W13023466,2026-04-23 00:00:00,151 DAYS,2026-09-21,33 Eddystone Avenue
C13020262,2026-04-23 00:00:00,151 DAYS,2026-09-21,175 Teddington Park Avenue
W13023408,2026-04-23 00:00:00,151 DAYS,2026-09-21,33 Eddystone Avenue
W13028074,2026-04-23 00:00:00,151 DAYS,2026-09-21,763 The Queensway Avenue
W13026384,2026-04-23 00:00:00,151 DAYS,2026-09-21,982 Albion Road
W13027774,2026-04-23 00:00:00,151 DAYS,2026-09-21,1826 Weston Road
W13025612,2026-04-23 00:00:00,151 DAYS,2026-09-21,3369 Lake Shore Boulevard W
W12992968,2026-04-24 00:00:00,152 DAYS,2026-09-23,1203 - 200 Robert Speck Parkway
C13024186,2026-04-24 00:00:00,150 DAYS,2026-09-21,108 Abitibi Avenue
W13027702,2026-04-24 00:00:00,150 DAYS,2026-09-21,304 - 110 Marine Parade Drive
W12992624,2026-04-24 00:00:00,152 DAYS,2026-09-23,3 - 5155 Spectrum Way
E13032652,2026-04-24 00:00:00,150 DAYS,2026-09-21,"2D3, 2D6 - 4675 Steeles Avenue E"
W13027486,2026-04-24 00:00:00,150 DAYS,2026-09-21,2407 - 1 Palace Pier Court
C13026590,2026-04-24 00:00:00,150 DAYS,2026-09-21,81 Upper Canada Drive
E13032674,2026-04-24 00:00:00,150 DAYS,2026-09-21,1050 Coxwell Avenue
W13028474,2026-04-24 00:00:00,150 DAYS,2026-09-21,131 Cartwright Avenue
W13026412,2026-04-24 00:00:00,150 DAYS,2026-09-21,40 Morningside Avenue
W13033040,2026-04-24 00:00:00,150 DAYS,2026-09-21,1525 Albion Road
W13042692,2026-04-25 00:00:00,157 DAYS,2026-09-29,1588 Watersedge Road
C13037584,2026-04-25 00:00:00,149 DAYS,2026-09-21,606 - 255 Duncan Mill Road
C13029310,2026-04-25 00:00:00,149 DAYS,2026-09-21,5 Fidelia Avenue
C13033688,2026-04-25 00:00:00,149 DAYS,2026-09-21,A9 - 2026 Sheppard Avenue E
W12994770,2026-04-25 00:00:00,151 DAYS,2026-09-23,310 Matheson Boulevard E
C13032314,2026-04-25 00:00:00,149 DAYS,2026-09-21,11 Montressor Drive
C13032356,2026-04-25 00:00:00,149 DAYS,2026-09-21,11 Montressor Drive
W13037706,2026-04-25 00:00:00,149 DAYS,2026-09-21,1853 Davenport Road
W13042650,2026-04-25 00:00:00,157 DAYS,2026-09-29,1400 Captain Court
C13028612,2026-04-25 00:00:00,149 DAYS,2026-09-21,15 Foursome Crescent
C13029244,2026-04-25 00:00:00,149 DAYS,2026-09-21,63 Hopperton Drive
W13040514,2026-04-26 00:00:00,148 DAYS,2026-09-21,1778 Jane Street
W13040590,2026-04-26 00:00:00,148 DAYS,2026-09-21,2444 Dufferin Street
C13033942,2026-04-26 00:00:00,148 DAYS,2026-09-21,207 - 19 Singer Court
W13043402,2026-04-26 00:00:00,148 DAYS,2026-09-21,2A - 12 Lepage Court
C13040360,2026-04-27 00:00:00,147 DAYS,2026-09-21,203 - 3555 Bathurst Street
W13014232,2026-04-28 00:00:00,148 DAYS,2026-09-23,1D17 - 7215 Goreway Drive
C13044612,2026-04-28 00:00:00,146 DAYS,2026-09-21,93 Pleasant View Drive
W13015406,2026-04-28 00:00:00,148 DAYS,2026-09-23,15-16 - 1645 Sismet Road
W13012202,2026-04-28 00:00:00,148 DAYS,2026-09-23,Unit # 6 - 7517 Bren Road
E13048406,2026-04-29 00:00:00,145 DAYS,2026-09-21,2C6 - 4675 Steeles Avenue E
E13046474,2026-04-29 00:00:00,145 DAYS,2026-09-21,1120 Bellamy Road N
E13046798,2026-04-29 00:00:00,145 DAYS,2026-09-21,4125 Lawrence Avenue E
W12986398,2026-04-29 00:00:00,147 DAYS,2026-09-23,606 - 1333 Bloor Street
W13047766,2026-04-29 00:00:00,145 DAYS,2026-09-21,B1A3 - 1013 The Queensway
W13047820,2026-04-29 00:00:00,145 DAYS,2026-09-21,B2A1 - 1041B The Queensway
W13047734,2026-04-29 00:00:00,145 DAYS,2026-09-21,B1A2 - 1015 The Queensway
W12986042,2026-04-29 00:00:00,147 DAYS,2026-09-23,2706 - 4205 Shipp Drive
W13046846,2026-04-29 00:00:00,145 DAYS,2026-09-21,177-181 Milvan Drive
C13046050,2026-04-29 00:00:00,145 DAYS,2026-09-21,3609 - 85 Mcmahon Drive
E13048020,2026-04-29 00:00:00,145 DAYS,2026-09-21,2C8 - 4675 Steeles Avenue E
C13050048,2026-04-30 00:00:00,144 DAYS,2026-09-21,31 George Henry Boulevard
E13054952,2026-04-30 00:00:00,144 DAYS,2026-09-21,315 - 4168 Finch Avenue E
E13053320,2026-04-30 00:00:00,144 DAYS,2026-09-21,3315 Midland Avenue
W13055280,2026-04-30 00:00:00,144 DAYS,2026-09-21,820 The Queensway Street
W13053832,2026-04-30 00:00:00,144 DAYS,2026-09-21,157 Roncesvalles Avenue
E13053884,2026-04-30 00:00:00,144 DAYS,2026-09-21,1355 Warden Avenue
W13054100,2026-04-30 00:00:00,144 DAYS,2026-09-21,159 Roncesvalles Avenue
W13052546,2026-05-01 00:00:00,143 DAYS,2026-09-21,1 Blue Goose Street
W13019542,2026-05-01 00:00:00,145 DAYS,2026-09-23,825 North Service Road
C13050936,2026-05-01 00:00:00,143 DAYS,2026-09-21,526 - 250 Lawrence Avenue W
W13059700,2026-05-01 00:00:00,143 DAYS,2026-09-21,Unit 4 - 136 Tycos Drive
W13059750,2026-05-01 00:00:00,143 DAYS,2026-09-21,2125-2127 & 2190 Albion Road
C13056406,2026-05-01 00:00:00,143 DAYS,2026-09-21,C104 - 10 Mallard Road
W13052628,2026-05-01 00:00:00,143 DAYS,2026-09-21,1 Blue Goose Street
W13051700,2026-05-01 00:00:00,143 DAYS,2026-09-21,18 Cavell Avenue
E13059814,2026-05-01 00:00:00,143 DAYS,2026-09-21,827 O'Connor Drive
E13059802,2026-05-01 00:00:00,143 DAYS,2026-09-21,819 O'Connor Drive
E13061530,2026-05-02 00:00:00,142 DAYS,2026-09-21,4023 Sheppard Avenue
W13062922,2026-05-02 00:00:00,142 DAYS,2026-09-21,879 Wilson Avenue
E13063368,2026-05-02 00:00:00,142 DAYS,2026-09-21,25 & 26 - 2691 Markham Road
E13065600,2026-05-02 00:00:00,142 DAYS,2026-09-21,2235 Kennedy Road
C13061230,2026-05-02 00:00:00,142 DAYS,2026-09-21,6166 Yonge Street
W13027556,2026-05-02 00:00:00,144 DAYS,2026-09-23,211 - 2601 Matheson Boulevard E
E13065154,2026-05-02 00:00:00,142 DAYS,2026-09-21,127 - 4438 Sheppard Avenue E
W13059180,2026-05-02 00:00:00,142 DAYS,2026-09-21,213 - 1787 St Clair Avenue W
W13025824,2026-05-02 00:00:00,144 DAYS,2026-09-23,Unit A - 7454 Airport Road
W13069428,2026-05-03 00:00:00,141 DAYS,2026-09-21,785 Arrow Road
W13069004,2026-05-03 00:00:00,141 DAYS,2026-09-21,1708 Eglinton Avenue W
E13071134,2026-05-03 00:00:00,141 DAYS,2026-09-21,5 - 2404 Eglinton Avenue E
E13072914,2026-05-03 00:00:00,141 DAYS,2026-09-21,6 Rylander Boulevard
C13065434,2026-05-03 00:00:00,141 DAYS,2026-09-21,537 Blythwood Road
W13067858,2026-05-03 00:00:00,141 DAYS,2026-09-21,1784 Jane Street
E13071412,2026-05-03 00:00:00,141 DAYS,2026-09-21,2183 & 2185 Danforth Avenue
C13073150,2026-05-03 00:00:00,141 DAYS,2026-09-21,17 Tippett Road
W13069410,2026-05-03 00:00:00,141 DAYS,2026-09-21,785 Arrow Road
C13065422,2026-05-03 00:00:00,141 DAYS,2026-09-21,530 Blythwood Road
W13074746,2026-05-04 00:00:00,140 DAYS,2026-09-21,1990 Eglinton Avenue W
W13072770,2026-05-04 00:00:00,140 DAYS,2026-09-21,128 Spears Street
W13037516,2026-05-04 00:00:00,142 DAYS,2026-09-23,11 - 5225 Orbitor Drive
W13074248,2026-05-04 00:00:00,140 DAYS,2026-09-21,"401, 402, 403 - 9 Milvan Road"
W13067492,2026-05-04 00:00:00,140 DAYS,2026-09-21,703 - 20 Shore Breeze Drive
W13042238,2026-05-05 00:00:00,141 DAYS,2026-09-23,2263 Harcourt Crescent
W13075734,2026-05-05 00:00:00,139 DAYS,2026-09-21,236 Canarctic Drive
E13075198,2026-05-05 00:00:00,139 DAYS,2026-09-21,B10 - 4779 Steeles Avenue E
W13081244,2026-05-05 00:00:00,147 DAYS,2026-09-29,722 Nautalex Court
C13079754,2026-05-06 00:00:00,138 DAYS,2026-09-21,32 - 500 Wilson Avenue
W13075208,2026-05-06 00:00:00,138 DAYS,2026-09-21,78 Evans Avenue
W13075890,2026-05-06 00:00:00,138 DAYS,2026-09-21,Ph01 - 15 Windermere Avenue
E13079780,2026-05-06 00:00:00,138 DAYS,2026-09-21,2211 - 2201 Kingston Road
W13014768,2026-05-06 00:00:00,140 DAYS,2026-09-23,100 - 107 Bristol Road E
W13085208,2026-05-06 00:00:00,146 DAYS,2026-09-29,903 - 1110 Walden Circle
W13080302,2026-05-06 00:00:00,138 DAYS,2026-09-21,2 - 70 Belfield Road
W13076876,2026-05-06 00:00:00,138 DAYS,2026-09-21,#7-8 - 22 Goodmark Place
E13081586,2026-05-06 00:00:00,138 DAYS,2026-09-21,752 Warden Avenue
W13080522,2026-05-07 00:00:00,137 DAYS,2026-09-21,308 - 155 Legion Road N
W13094014,2026-05-07 00:00:00,144 DAYS,2026-09-28,2977 Lake Shore Boulevard W
W13080064,2026-05-07 00:00:00,137 DAYS,2026-09-21,329 - 30 Shore Breeze Drive
W13086504,2026-05-07 00:00:00,137 DAYS,2026-09-21,7 - 1780 Albion Road
E13082568,2026-05-07 00:00:00,137 DAYS,2026-09-21,204 - 2855 Markham Road
W13086222,2026-05-07 00:00:00,137 DAYS,2026-09-21,7 - 1780 Albion Road
C13076508,2026-05-07 00:00:00,137 DAYS,2026-09-21,416 - 250 Lawrence Avenue W
E13087488,2026-05-07 00:00:00,137 DAYS,2026-09-21,109 - 3610 Mcnicoll Avenue
W13090120,2026-05-08 00:00:00,136 DAYS,2026-09-21,98 Tycos Drive
W13085624,2026-05-08 00:00:00,136 DAYS,2026-09-21,19 Park Lane
W13086924,2026-05-08 00:00:00,136 DAYS,2026-09-21,756 - 24 Southport Street
W13085404,2026-05-08 00:00:00,136 DAYS,2026-09-21,18 Cavell Avenue
W13088678,2026-05-08 00:00:00,136 DAYS,2026-09-21,2800 Jane Street
W13052532,2026-05-09 00:00:00,137 DAYS,2026-09-23,53 - 3045 Southcreek Road
C13093874,2026-05-09 00:00:00,135 DAYS,2026-09-21,485 - 485 Mcnicoll Avenue
C13099740,2026-05-09 00:00:00,135 DAYS,2026-09-21,3 - 1310 Don Mills Road
W13093340,2026-05-09 00:00:00,135 DAYS,2026-09-21,200 Berry Road
W13093954,2026-05-09 00:00:00,135 DAYS,2026-09-21,2316 Lake Shore Boulevard W
E13093986,2026-05-09 00:00:00,135 DAYS,2026-09-21,58 Redlea Avenue
W13103712,2026-05-10 00:00:00,134 DAYS,2026-09-21,21-22 - 1040 Martin Grove Road
W13099554,2026-05-10 00:00:00,134 DAYS,2026-09-21,507 - 25 Neighbourhood Lane
W13098962,2026-05-10 00:00:00,134 DAYS,2026-09-21,605 - 2111 Lake Shore Boulevard W
E13104886,2026-05-10 00:00:00,134 DAYS,2026-09-21,447 Birchmount Road
E13107168,2026-05-11 00:00:00,133 DAYS,2026-09-21,2651 Eglinton Avenue E
W13107084,2026-05-11 00:00:00,133 DAYS,2026-09-21,441 Rogers Road
C13100996,2026-05-11 00:00:00,133 DAYS,2026-09-21,305 - 219 Wilson Avenue
C13100024,2026-05-11 00:00:00,133 DAYS,2026-09-21,Lph2 - 777 Steeles Avenue
W13107092,2026-05-11 00:00:00,133 DAYS,2026-09-21,2850-2852 Dufferin Street
W13085836,2026-05-12 00:00:00,140 DAYS,2026-09-29,495 Meadow Wood Road
W13037580,2026-05-12 00:00:00,134 DAYS,2026-09-23,22 - 7115 Rexwood Road
C13106346,2026-05-12 00:00:00,132 DAYS,2026-09-21,19 Fifeshire Road
C13111382,2026-05-13 00:00:00,131 DAYS,2026-09-21,3887 Bathurst Street
E13113852,2026-05-13 00:00:00,131 DAYS,2026-09-21,M8 - 8 Glen Watford Drive
E13110376,2026-05-13 00:00:00,131 DAYS,2026-09-21,4 - 84 Crockford Boulevard
W13109578,2026-05-13 00:00:00,131 DAYS,2026-09-21,623 - 623A The Queensway
40829718,2026-05-13 00:00:00,139 DAYS,2026-09-29,2440 Bromsgrove Road Unit# 71
W13122882,2026-05-13 00:00:00,139 DAYS,2026-09-29,71 - 2440 Bromsgrove Road
E13113026,2026-05-13 00:00:00,131 DAYS,2026-09-21,C - 2889 St Clair Avenue E
E13112018,2026-05-13 00:00:00,131 DAYS,2026-09-21,20-21 - 130 Dynamic Drive
W13075162,2026-05-14 00:00:00,132 DAYS,2026-09-23,1805 - 80 Absolute Avenue S
E13115236,2026-05-14 00:00:00,130 DAYS,2026-09-21,2354 Danforth Avenue
W13111910,2026-05-14 00:00:00,130 DAYS,2026-09-21,3503 - 59 Annie Craig Drive
E13114578,2026-05-14 00:00:00,130 DAYS,2026-09-21,152 - 2900 Warden Avenue
C13110708,2026-05-14 00:00:00,130 DAYS,2026-09-21,120 Hammell Street
W13113700,2026-05-14 00:00:00,130 DAYS,2026-09-21,1508 - 56 Annie Craig Drive
W13116060,2026-05-15 00:00:00,129 DAYS,2026-09-21,623-623A The Queensway
C13117410,2026-05-15 00:00:00,129 DAYS,2026-09-21,105 Dawlish Avenue
C13115702,2026-05-15 00:00:00,129 DAYS,2026-09-21,10 Silverdale Crescent
C13117548,2026-05-15 00:00:00,129 DAYS,2026-09-21,15 Tudor Gate
E13125236,2026-05-15 00:00:00,129 DAYS,2026-09-21,303 - 200 Silver Star Boulevard
E13120186,2026-05-15 00:00:00,129 DAYS,2026-09-21,37 - 3300 Midland Avenue
C13114246,2026-05-15 00:00:00,129 DAYS,2026-09-21,Th7 - 121 Mcmahon Drive
W13115958,2026-05-15 00:00:00,129 DAYS,2026-09-21,27 Mossom Road W
W13081638,2026-05-15 00:00:00,131 DAYS,2026-09-23,300 - 5045 Orbitor Drive
W13130428,2026-05-16 00:00:00,128 DAYS,2026-09-21,504 - 513 - 1280 Finch Avenue W
W13130434,2026-05-16 00:00:00,128 DAYS,2026-09-21,514 - 1280 Finch Avenue W
C13128162,2026-05-16 00:00:00,128 DAYS,2026-09-21,5929 Leslie Street
E13128996,2026-05-16 00:00:00,128 DAYS,2026-09-21,308 - 200 Silver Star Boulevard
W13128594,2026-05-16 00:00:00,128 DAYS,2026-09-21,102 - 2323 Bloor Street
C13129772,2026-05-16 00:00:00,128 DAYS,2026-09-21,Main - 3232 Yonge Street
W13136232,2026-05-17 00:00:00,127 DAYS,2026-09-21,1746 Jane Street
C13128438,2026-05-17 00:00:00,127 DAYS,2026-09-21,34 Wigan Crescent
W13057266,2026-05-17 00:00:00,129 DAYS,2026-09-23,53 - 455 Apache Court
40824936,2026-05-17 00:00:00,129 DAYS,2026-09-23,455 Apache Court Unit# 53
C13135628,2026-05-18 00:00:00,126 DAYS,2026-09-21,1 Knightswood Road
W13137534,2026-05-18 00:00:00,126 DAYS,2026-09-21,4 - 11 Goodmark Place
W13138806,2026-05-18 00:00:00,126 DAYS,2026-09-21,115 - 63 Wingold Avenue
C13138042,2026-05-19 00:00:00,125 DAYS,2026-09-21,59 Cheryl Shepway
W13069008,2026-05-19 00:00:00,127 DAYS,2026-09-23,808 - 3320 Fieldgate Drive
W13053212,2026-05-19 00:00:00,127 DAYS,2026-09-23,38 Cattrick Street
W13140404,2026-05-19 00:00:00,125 DAYS,2026-09-21,3 - 800 Petrolia Road
E13143714,2026-05-21 00:00:00,123 DAYS,2026-09-21,29 - 25 Waterman Avenue
W13143574,2026-05-21 00:00:00,123 DAYS,2026-09-21,2184 Bloor Street W
W13151432,2026-05-21 00:00:00,130 DAYS,2026-09-28,F - 2977 Lake Shore Boulevard W
C13146574,2026-05-21 00:00:00,123 DAYS,2026-09-21,406 - 1110 Sheppard Avenue
W13150552,2026-05-21 00:00:00,131 DAYS,2026-09-29,109 - 966 Inverhouse Drive
W13146376,2026-05-21 00:00:00,123 DAYS,2026-09-21,9 - 66 Milvan Drive
E13141714,2026-05-21 00:00:00,123 DAYS,2026-09-21,60 Progress Avenue
W13143870,2026-05-21 00:00:00,123 DAYS,2026-09-21,858 The Queensway
C13140828,2026-05-21 00:00:00,123 DAYS,2026-09-21,29 Ballyconnor Court
W13148906,2026-05-22 00:00:00,122 DAYS,2026-09-21,1702 Jane Street
W13159198,2026-05-22 00:00:00,129 DAYS,2026-09-28,19 Macdonald Street
E13147704,2026-05-22 00:00:00,122 DAYS,2026-09-21,27 - 28 - 4211 Sheppard Avenue E
W13157988,2026-05-22 00:00:00,129 DAYS,2026-09-28,2847-53 Lake Shore Boulevard W
C13152116,2026-05-22 00:00:00,122 DAYS,2026-09-21,728 - 105 Gordon Baker Road
W13149104,2026-05-22 00:00:00,122 DAYS,2026-09-21,324 - 600 Dixon Road
W13138836,2026-05-22 00:00:00,122 DAYS,2026-09-21,317 - 2119 Lake Shore Boulevard W
C13145610,2026-05-22 00:00:00,122 DAYS,2026-09-21,2460A Bayview Avenue
C13145548,2026-05-22 00:00:00,122 DAYS,2026-09-21,24 Glenview Avenue
W13113562,2026-05-22 00:00:00,124 DAYS,2026-09-23,4284 Village Centre Court
W13079016,2026-05-22 00:00:00,124 DAYS,2026-09-23,2508 - 8 Nahani Way
W13152848,2026-05-23 00:00:00,121 DAYS,2026-09-21,2029-2031 Eglinton Avenue W
W13159402,2026-05-23 00:00:00,121 DAYS,2026-09-21,7 & 8 - 12 Lepage Court
C13147156,2026-05-23 00:00:00,121 DAYS,2026-09-21,110 - 69 Godstone Road
W13159636,2026-05-23 00:00:00,121 DAYS,2026-09-21,#8 - 4205 Keele Street
W13152190,2026-05-23 00:00:00,121 DAYS,2026-09-21,Th104 - 70 Annie Craig Drive
W13152630,2026-05-23 00:00:00,121 DAYS,2026-09-21,227 - 80 Marine Parade Drive
C13152416,2026-05-23 00:00:00,121 DAYS,2026-09-21,78 York Road
C13158500,2026-05-23 00:00:00,121 DAYS,2026-09-21,71-75 Front Street E
W13156802,2026-05-23 00:00:00,121 DAYS,2026-09-21,8A - 2558 Finch Avenue W
C13158468,2026-05-23 00:00:00,121 DAYS,2026-09-21,71-75 Front Street E
W13156558,2026-05-23 00:00:00,121 DAYS,2026-09-21,18 Jane Street
E13153008,2026-05-23 00:00:00,121 DAYS,2026-09-21,14 - 501 Passmore Avenue
W13163398,2026-05-23 00:00:00,129 DAYS,2026-09-29,600 Bob O Link Road
W13162914,2026-05-24 00:00:00,120 DAYS,2026-09-21,1530 Keele Street
W13166670,2026-05-24 00:00:00,127 DAYS,2026-09-28,2819 Lake Ashore Boulevard W
W13124994,2026-05-24 00:00:00,122 DAYS,2026-09-23,1000 Dundas Street E
C13158740,2026-05-24 00:00:00,120 DAYS,2026-09-21,27 Teddington Park Avenue
C13154396,2026-05-24 00:00:00,120 DAYS,2026-09-21,89 Stuart Avenue
C13160924,2026-05-25 00:00:00,119 DAYS,2026-09-21,64 Farm Green Way
W13126400,2026-05-25 00:00:00,121 DAYS,2026-09-23,1024 Dundas Street E
W13126432,2026-05-25 00:00:00,121 DAYS,2026-09-23,1000-1024 Dundas Street E
W13126386,2026-05-25 00:00:00,121 DAYS,2026-09-23,1024 Dundas Street E
W13130196,2026-05-25 00:00:00,121 DAYS,2026-09-23,1321 Matheson Boulevard E
C13167158,2026-05-26 00:00:00,118 DAYS,2026-09-21,620 - 130 Queens Quay E
W13102518,2026-05-26 00:00:00,120 DAYS,2026-09-23,4871 James Austin Drive
C13166678,2026-05-26 00:00:00,118 DAYS,2026-09-21,59 Hi Mount Drive
W13168866,2026-05-27 00:00:00,117 DAYS,2026-09-21,3775 Lake Shore Boulevard W
E13168958,2026-05-27 00:00:00,117 DAYS,2026-09-21,30 Dovedale Court
E13172528,2026-05-27 00:00:00,117 DAYS,2026-09-21,3447 Kennedy Road
W13176720,2026-05-27 00:00:00,125 DAYS,2026-09-29,905 - 1055 Southdown Road
W13105880,2026-05-27 00:00:00,119 DAYS,2026-09-23,2065 Westfield Drive
W13176592,2026-05-28 00:00:00,116 DAYS,2026-09-21,1010 Albion Road
C13170360,2026-05-28 00:00:00,116 DAYS,2026-09-21,112 Allingham Gardens
C13175988,2026-05-28 00:00:00,116 DAYS,2026-09-21,463 Mcnicoll Avenue
W13206110,2026-05-28 00:00:00,124 DAYS,2026-09-29,781 Fletcher Valley Crescent
C13168540,2026-05-28 00:00:00,116 DAYS,2026-09-21,22 Pleasant View Drive
W13174450,2026-05-28 00:00:00,116 DAYS,2026-09-21,7 - 1195 The Queensway
E13172940,2026-05-28 00:00:00,116 DAYS,2026-09-21,7A - 4352 Kingston Road
W13176586,2026-05-28 00:00:00,116 DAYS,2026-09-21,1010 Albion Road
E13175374,2026-05-28 00:00:00,116 DAYS,2026-09-21,59 Skagway Avenue
C13173588,2026-05-29 00:00:00,115 DAYS,2026-09-21,15 Farrington Drive
W13198384,2026-05-29 00:00:00,115 DAYS,2026-09-21,280-282 Brown'S Line
E13193342,2026-05-29 00:00:00,115 DAYS,2026-09-21,119 - 4438 Sheppard Avenue E
W13211302,2026-05-29 00:00:00,122 DAYS,2026-09-28,285 Rexdale Boulevard
W13102232,2026-05-29 00:00:00,117 DAYS,2026-09-23,1953 Owlsnest Lane
40828521,2026-05-30 00:00:00,116 DAYS,2026-09-23,211 Forum Drive Unit# 302C
C13207930,2026-05-30 00:00:00,114 DAYS,2026-09-21,1314-1324 - 130 Queens Quay E
W13147216,2026-05-30 00:00:00,116 DAYS,2026-09-23,1D26 - 7215 Goreway Drive
W13144916,2026-05-30 00:00:00,116 DAYS,2026-09-23,31 - 145 Traders Boulevard E
W13209206,2026-05-30 00:00:00,114 DAYS,2026-09-21,4986 Dundas Street W
W13209400,2026-05-30 00:00:00,114 DAYS,2026-09-21,58 Jutland Road
E13209112,2026-05-30 00:00:00,114 DAYS,2026-09-21,964 Kingston Road
C13190182,2026-05-30 00:00:00,114 DAYS,2026-09-21,104 Almore Avenue
W13215404,2026-05-30 00:00:00,122 DAYS,2026-09-29,1809 - 1035 Southdown Road
C13188106,2026-05-30 00:00:00,114 DAYS,2026-09-21,277 Lawrence Avenue E
W13215394,2026-05-30 00:00:00,122 DAYS,2026-09-29,105 - 1035 Southdown Road
W13215380,2026-05-30 00:00:00,122 DAYS,2026-09-29,1812 - 1035 Southdown Road
W13217080,2026-05-30 00:00:00,121 DAYS,2026-09-28,100 - 215 Carlingview Drive
W13215314,2026-05-31 00:00:00,113 DAYS,2026-09-21,2415 Dundas Street W
E13216000,2026-05-31 00:00:00,113 DAYS,2026-09-21,3 - 4150 Midland Avenue
E13212000,2026-05-31 00:00:00,113 DAYS,2026-09-21,4 - 4379 Kingston Road
E13217054,2026-05-31 00:00:00,113 DAYS,2026-09-21,405 - 2225 Markham Road
E13213542,2026-05-31 00:00:00,113 DAYS,2026-09-21,304 - 4002 Sheppard Avenue E
E13216810,2026-05-31 00:00:00,113 DAYS,2026-09-21,G101 & G105 - 3250 Midland Avenue
C13206842,2026-05-31 00:00:00,113 DAYS,2026-09-21,30 Glen Echo Avenue
W13122274,2026-05-31 00:00:00,115 DAYS,2026-09-23,7585 Wrenwood Crescent
C13206516,2026-05-31 00:00:00,113 DAYS,2026-09-21,43 Wanless Crescent
C13216410,2026-05-31 00:00:00,113 DAYS,2026-09-21,C1 & C3 - 800 Sheppard Avenue W
W13218042,2026-06-01 00:00:00,112 DAYS,2026-09-21,13 - 67 Westmore Drive
W13154516,2026-06-01 00:00:00,114 DAYS,2026-09-23,17 - 5270 Solar Drive
W13218246,2026-06-01 00:00:00,112 DAYS,2026-09-21,12 - 67 Westmore Drive
C13217094,2026-06-01 00:00:00,112 DAYS,2026-09-21,1603 - 1338 York Mills Road
W13154486,2026-06-01 00:00:00,114 DAYS,2026-09-23,16 - 5270 Solar Drive
C13214686,2026-06-01 00:00:00,112 DAYS,2026-09-21,1908 - 180 Fairview Mall Drive
W13159210,2026-06-01 00:00:00,114 DAYS,2026-09-23,110 - 2985 Drew Road
W13163792,2026-06-02 00:00:00,113 DAYS,2026-09-23,2 - 7015 Tranmere Drive
W13164566,2026-06-02 00:00:00,113 DAYS,2026-09-23,Unit 1 - 5266 General Road
W13163014,2026-06-02 00:00:00,113 DAYS,2026-09-23,5280 Solar Drive
W13132466,2026-06-02 00:00:00,113 DAYS,2026-09-23,947 Sierra Boulevard
W13161470,2026-06-02 00:00:00,113 DAYS,2026-09-23,1D24&1D25 - 7215 Goreway Drive
C13221448,2026-06-03 00:00:00,110 DAYS,2026-09-21,10 Yonge Street
W13225738,2026-06-03 00:00:00,110 DAYS,2026-09-21,G11 - 2340 Dundas Street W
W13219080,2026-06-03 00:00:00,110 DAYS,2026-09-21,1509 - 2083 Lakeshore Boulevard W
W13224928,2026-06-03 00:00:00,110 DAYS,2026-09-21,5235 Steeles Avenue W
W13230614,2026-06-03 00:00:00,118 DAYS,2026-09-29,2280 Wiseman Court
E13223426,2026-06-03 00:00:00,110 DAYS,2026-09-21,116 - 2351 Kennedy Road
E13224796,2026-06-03 00:00:00,110 DAYS,2026-09-21,412 - 4002 Sheppard Avenue E
E13223618,2026-06-03 00:00:00,110 DAYS,2026-09-21,3-5 Granger Avenue
E13225524,2026-06-03 00:00:00,110 DAYS,2026-09-21,3601 Lawrence Avenue E
E13220726,2026-06-03 00:00:00,110 DAYS,2026-09-21,1517-1519 O Connor Drive
W13222844,2026-06-03 00:00:00,110 DAYS,2026-09-21,451 Rogers Road
W13225190,2026-06-04 00:00:00,109 DAYS,2026-09-21,612 - 250 Manitoba Street
W13231040,2026-06-04 00:00:00,109 DAYS,2026-09-21,220 Bloor Street W
W13228822,2026-06-04 00:00:00,109 DAYS,2026-09-21,5122 Dundas Street W
W13220896,2026-06-04 00:00:00,109 DAYS,2026-09-21,14 Burlington Street
E13227140,2026-06-04 00:00:00,109 DAYS,2026-09-21,102 - 200 Tiffield Road
E13225906,2026-06-04 00:00:00,109 DAYS,2026-09-21,65 - 8 Glen Watford Drive
E13225870,2026-06-04 00:00:00,109 DAYS,2026-09-21,Unit 9 - 86 Melford Drive
E13230288,2026-06-04 00:00:00,109 DAYS,2026-09-21,B8 - 2370 Midland Avenue
W13237154,2026-06-04 00:00:00,117 DAYS,2026-09-29,0 Hazelhurst Road E
E13229556,2026-06-04 00:00:00,109 DAYS,2026-09-21,275-279 Old Kingston Road
W13224170,2026-06-04 00:00:00,109 DAYS,2026-09-21,39 - 93 The Queensway
E13233626,2026-06-05 00:00:00,108 DAYS,2026-09-21,1945 Queen Street E
E13236238,2026-06-05 00:00:00,108 DAYS,2026-09-21,E107 - 3262 Midland Avenue
E13236508,2026-06-05 00:00:00,108 DAYS,2026-09-21,1 - 31 Tapscott Road
E13234498,2026-06-05 00:00:00,108 DAYS,2026-09-21,9 - 1415 Kennedy Road
E13235382,2026-06-05 00:00:00,108 DAYS,2026-09-21,2891 Kingston Road
W13239204,2026-06-05 00:00:00,115 DAYS,2026-09-28,175B Lake Shore Drive
C13235826,2026-06-05 00:00:00,108 DAYS,2026-09-21,721 - 130 Queens Quay E
W13235658,2026-06-05 00:00:00,108 DAYS,2026-09-21,2025 Wilson Avenue
W13230060,2026-06-05 00:00:00,108 DAYS,2026-09-21,2 Larkin Avenue
W13231808,2026-06-05 00:00:00,108 DAYS,2026-09-21,830 Wilson Avenue
W13236168,2026-06-05 00:00:00,108 DAYS,2026-09-21,1 - 11 Goodmark Place
E13239406,2026-06-06 00:00:00,107 DAYS,2026-09-21,G35 - 4168 Finch Avenue E
C13237542,2026-06-06 00:00:00,107 DAYS,2026-09-21,2011 - 161 Roehampton Avenue
C13237304,2026-06-06 00:00:00,107 DAYS,2026-09-21,306 - 99 Foxbar Road
C13237180,2026-06-06 00:00:00,107 DAYS,2026-09-21,201 - 240 Heath Street W
C13232884,2026-06-06 00:00:00,107 DAYS,2026-09-21,202 - 68 Merton Street
W13234008,2026-06-06 00:00:00,107 DAYS,2026-09-21,404 - 70 Annie Craig Drive
W13234774,2026-06-06 00:00:00,107 DAYS,2026-09-21,1207 - 2269 Lake Shore Boulevard W
W13410218,2026-06-06 00:00:00,115 DAYS,2026-09-29,2569 Lundene Road
E13249704,2026-06-06 00:00:00,107 DAYS,2026-09-21,3212 St Clair Avenue E
E13242132,2026-06-06 00:00:00,107 DAYS,2026-09-21,2575 Victoria Park Avenue
W13241976,2026-06-06 00:00:00,107 DAYS,2026-09-21,45 Densley Avenue
W13175578,2026-06-06 00:00:00,109 DAYS,2026-09-23,4&5 - 1312 Britannia Road E
E13269048,2026-06-07 00:00:00,106 DAYS,2026-09-21,A17 - 3101 Kennedy Road
C13239920,2026-06-07 00:00:00,106 DAYS,2026-09-21,Th05 - 101 Erskine Avenue
C13242558,2026-06-07 00:00:00,106 DAYS,2026-09-21,38 Denrock Drive
C13267538,2026-06-07 00:00:00,106 DAYS,2026-09-21,93 Front Street
W13205852,2026-06-07 00:00:00,108 DAYS,2026-09-23,7040 Airport Road
W13200216,2026-06-07 00:00:00,108 DAYS,2026-09-23,34 - 5160 Explorer Drive
E13250544,2026-06-07 00:00:00,106 DAYS,2026-09-21,106 - 390 Silver Star Boulevard
W13191490,2026-06-07 00:00:00,108 DAYS,2026-09-23,209 - 2601 Matheson Boulevard E
E13246192,2026-06-07 00:00:00,106 DAYS,2026-09-21,A111 - 4211 Sheppard Ave Avenue E
E13246226,2026-06-07 00:00:00,106 DAYS,2026-09-21,B26 - 2370 Midland Avenue
W13200702,2026-06-07 00:00:00,108 DAYS,2026-09-23,H0001B2 - 2150 Burnhamthorpe Road W
W13196006,2026-06-07 00:00:00,108 DAYS,2026-09-23,E-2 - 4553 Hurontario Street
E13246190,2026-06-07 00:00:00,106 DAYS,2026-09-21,A111 - 4211 Sheppard Avenue E
W13156352,2026-06-08 00:00:00,107 DAYS,2026-09-23,710 - 1300 Bloor Street
C13248022,2026-06-08 00:00:00,105 DAYS,2026-09-21,291 St Clair Avenue E
W13209632,2026-06-08 00:00:00,107 DAYS,2026-09-23,1A - 2350 Haines Road
W13211774,2026-06-08 00:00:00,107 DAYS,2026-09-23,2A21 - 7215 Goreway Drive
C13248058,2026-06-08 00:00:00,105 DAYS,2026-09-21,327 - 10 Delisle Avenue
W13269944,2026-06-08 00:00:00,105 DAYS,2026-09-21,2001 - 2212 Lake Shore Boulevard W
C13246642,2026-06-08 00:00:00,105 DAYS,2026-09-21,3905 - 2221 Yonge Street
W13410560,2026-06-09 00:00:00,104 DAYS,2026-09-21,1808 - 185 Legion Road
E13411624,2026-06-09 00:00:00,104 DAYS,2026-09-21,C6 - 3101 Kennedy Road
C13411668,2026-06-09 00:00:00,104 DAYS,2026-09-21,Th107 - 6 Parkwood Avenue
W13158556,2026-06-09 00:00:00,106 DAYS,2026-09-23,219 - 3455 Morning Star Drive
W13416734,2026-06-09 00:00:00,112 DAYS,2026-09-29,1434 Petrie Way
E13415240,2026-06-10 00:00:00,103 DAYS,2026-09-21,128 Manville Road
E13413360,2026-06-10 00:00:00,103 DAYS,2026-09-21,8 & 9 - 120 Midwest Road
W13413996,2026-06-10 00:00:00,103 DAYS,2026-09-21,1 - 4700 Dufferin Street
E13417862,2026-06-10 00:00:00,103 DAYS,2026-09-21,"1A1, 1A2, 1A3 - 4675 Steeles Avenue E"
E13416622,2026-06-10 00:00:00,103 DAYS,2026-09-21,595* Coronation Drive
W13425786,2026-06-10 00:00:00,111 DAYS,2026-09-29,707 - 1035 Southdown Road
W13414376,2026-06-10 00:00:00,103 DAYS,2026-09-21,2544 Eglinton Avenue W
E13416664,2026-06-10 00:00:00,103 DAYS,2026-09-21,595 Coronation Drive
W13416598,2026-06-10 00:00:00,103 DAYS,2026-09-21,15 - 5010 Steeles Avenue W
E13414914,2026-06-10 00:00:00,103 DAYS,2026-09-21,4178-4180 Kingston Road
C13417888,2026-06-10 00:00:00,103 DAYS,2026-09-21,10A - 747 Don Mills Road
W13411944,2026-06-10 00:00:00,103 DAYS,2026-09-21,3001 - 2212 Lake Shore Boulevard W
E13416676,2026-06-10 00:00:00,103 DAYS,2026-09-21,15 Chemical Court
W13414556,2026-06-10 00:00:00,103 DAYS,2026-09-21,2261 Dundas Street W
C13415114,2026-06-10 00:00:00,103 DAYS,2026-09-21,90 Esther Shiner Boulevard
W13419636,2026-06-11 00:00:00,102 DAYS,2026-09-21,2547A Eglinton Avenue W
C13412922,2026-06-11 00:00:00,102 DAYS,2026-09-21,707 - 58 Orchard View Boulevard
E13417972,2026-06-11 00:00:00,102 DAYS,2026-09-21,"2B13, 2B15 - 4675 Steeles Avenue E"
W13429408,2026-06-11 00:00:00,109 DAYS,2026-09-28,3019 Lakeshore Boulevard
E13427294,2026-06-11 00:00:00,109 DAYS,2026-09-28,10 Highcliff Crescent
W13418080,2026-06-11 00:00:00,102 DAYS,2026-09-21,375 Jane Street
C13413678,2026-06-11 00:00:00,102 DAYS,2026-09-21,2652 Victoria Park Avenue
W13422352,2026-06-11 00:00:00,102 DAYS,2026-09-21,423 - 600 Dixon Road
C13414332,2026-06-11 00:00:00,102 DAYS,2026-09-21,177 Coldstream Avenue
W13418664,2026-06-11 00:00:00,102 DAYS,2026-09-21,115 - 998 Martin Grove Road
C13421930,2026-06-12 00:00:00,101 DAYS,2026-09-21,7 Ursa Star Way
C13421764,2026-06-12 00:00:00,101 DAYS,2026-09-21,3 Sutcliffe Drive
W13435112,2026-06-12 00:00:00,108 DAYS,2026-09-28,301 - 6 Drummond Street
W13420870,2026-06-12 00:00:00,101 DAYS,2026-09-21,519 - 251 Manitoba Street
C13421790,2026-06-12 00:00:00,101 DAYS,2026-09-21,33 Castlefield Avenue
W13425280,2026-06-12 00:00:00,101 DAYS,2026-09-21,2378 Lake Shore Boulevard W
W13425278,2026-06-12 00:00:00,101 DAYS,2026-09-21,2386 Lake Shore Boulevard W
E13419826,2026-06-12 00:00:00,101 DAYS,2026-09-21,25 Leafield Drive
W13427866,2026-06-12 00:00:00,101 DAYS,2026-09-21,1 - 1270 Finch Avenue W
E13434378,2026-06-13 00:00:00,100 DAYS,2026-09-21,1883 Queen Street E
C13426258,2026-06-13 00:00:00,100 DAYS,2026-09-21,1532-1534 Eglinton Avenue W
C13426984,2026-06-13 00:00:00,100 DAYS,2026-09-21,470 Russell Hill Road
C13431130,2026-06-13 00:00:00,100 DAYS,2026-09-21,C3 - 800 Sheppard Avenue W
W13430804,2026-06-13 00:00:00,100 DAYS,2026-09-21,2963 Dundas Street W
W13431106,2026-06-13 00:00:00,100 DAYS,2026-09-21,399 Keele Street W
C13428314,2026-06-13 00:00:00,100 DAYS,2026-09-21,25 Cheryl Shepway Crescent
W13228936,2026-06-13 00:00:00,102 DAYS,2026-09-23,2A - 1550 South Gateway Road
W13228954,2026-06-13 00:00:00,102 DAYS,2026-09-23,2A - 1550 South Gateway Road
C13430302,2026-06-13 00:00:00,100 DAYS,2026-09-21,303 - 1315 Lawrence Avenue E
W13428872,2026-06-13 00:00:00,100 DAYS,2026-09-21,311 - 2450 Bloor Street W
W13439366,2026-06-13 00:00:00,108 DAYS,2026-09-29,212 - 1035 Southdown Road
E13433448,2026-06-13 00:00:00,100 DAYS,2026-09-21,C12 - 3101 Kennedy Road
W13440374,2026-06-14 00:00:00,99 DAYS,2026-09-21,1768 St Clair Avenue W
W13233386,2026-06-14 00:00:00,101 DAYS,2026-09-23,#36 - 5004 Timberlea Boulevard
W13431562,2026-06-14 00:00:00,99 DAYS,2026-09-21,818 - 689 The Queensway Street
W13194390,2026-06-14 00:00:00,101 DAYS,2026-09-23,3574 Golden Orchard Drive
W13440394,2026-06-14 00:00:00,99 DAYS,2026-09-21,. - 1768 St Clair Avenue W
W13195620,2026-06-14 00:00:00,101 DAYS,2026-09-23,3430 Chipley Crescent
W13200864,2026-06-14 00:00:00,101 DAYS,2026-09-23,2084 Tolman Road
W13442636,2026-06-14 00:00:00,107 DAYS,2026-09-29,243 - 1145 Journeyman Lane E
E13435586,2026-06-14 00:00:00,99 DAYS,2026-09-21,102 - 2225 Markham Road
E13438826,2026-06-14 00:00:00,99 DAYS,2026-09-21,462 Dawes Road
C13429486,2026-06-14 00:00:00,99 DAYS,2026-09-21,30 Blue Ridge Road
C13434592,2026-06-14 00:00:00,99 DAYS,2026-09-21,3 Vernham Court
W13191436,2026-06-14 00:00:00,101 DAYS,2026-09-23,870 Hollowtree Crescent
W13236464,2026-06-14 00:00:00,101 DAYS,2026-09-23,1A - 1550 South Gateway Road
W13440232,2026-06-15 00:00:00,98 DAYS,2026-09-21,833 - 22 Southport Street
C13437984,2026-06-15 00:00:00,98 DAYS,2026-09-21,2212 - 8 Eglinton Avenue E
C13441480,2026-06-15 00:00:00,98 DAYS,2026-09-21,9 - 747 Don Mills Road
W13440576,2026-06-15 00:00:00,98 DAYS,2026-09-21,115 - 251 Manitoba Street
C13442208,2026-06-15 00:00:00,98 DAYS,2026-09-21,4136 - 4140 Bathurst Street
W13440948,2026-06-15 00:00:00,98 DAYS,2026-09-21,326 - 998 Martin Grove Road
W13445094,2026-06-16 00:00:00,104 DAYS,2026-09-28,2792 Lake Shore Boulevard W
W13211762,2026-06-16 00:00:00,99 DAYS,2026-09-23,4097 Hickory Drive
W13212204,2026-06-16 00:00:00,99 DAYS,2026-09-23,803 - 1300 Bloor Street
W13211282,2026-06-16 00:00:00,99 DAYS,2026-09-23,783 Annamore Road
E13446974,2026-06-17 00:00:00,96 DAYS,2026-09-21,3254 Lawrence Avenue E
E13446454,2026-06-17 00:00:00,96 DAYS,2026-09-21,102D - 4002 Sheppard Avenue E
W13452564,2026-06-17 00:00:00,103 DAYS,2026-09-28,2792 Lake Shore Boulevard W
40839725,2026-06-17 00:00:00,96 DAYS,2026-09-21,600 Dixon Road Unit# 108
E13443652,2026-06-17 00:00:00,96 DAYS,2026-09-21,275 Finchdene Square
W13450436,2026-06-18 00:00:00,95 DAYS,2026-09-21,4 - 694 The Queensway Avenue
W13452270,2026-06-18 00:00:00,95 DAYS,2026-09-21,50 Brydon Drive
E13452168,2026-06-18 00:00:00,95 DAYS,2026-09-21,1234 Woodbine Avenue
W13453244,2026-06-18 00:00:00,95 DAYS,2026-09-21,8 - 240 Bartor Road
W13451694,2026-06-18 00:00:00,95 DAYS,2026-09-21,8 - 1620 Albion Road
E13451704,2026-06-18 00:00:00,95 DAYS,2026-09-21,2004 Queen Street E
C13451718,2026-06-19 00:00:00,94 DAYS,2026-09-21,P2#7 - 1 Strathgowan Avenue
C13451550,2026-06-19 00:00:00,94 DAYS,2026-09-21,P4#1 - 1 Strathgowan Avenue
W13416464,2026-06-19 00:00:00,96 DAYS,2026-09-23,30 - 1635 Sismet Road
W13416466,2026-06-19 00:00:00,96 DAYS,2026-09-23,25 - 5155 Spectrum Way
C13453048,2026-06-19 00:00:00,94 DAYS,2026-09-21,1008 - 20 Soudan Avenue
C13451874,2026-06-19 00:00:00,94 DAYS,2026-09-21,P4#11 - 1 Strathgowan Avenue
C13449730,2026-06-19 00:00:00,94 DAYS,2026-09-21,502 Nt - 99 Broadway Avenue
W13457508,2026-06-19 00:00:00,94 DAYS,2026-09-21,615 - 1275 Finch Avenue W
W13222962,2026-06-19 00:00:00,96 DAYS,2026-09-23,906 - 3577 Derry Road E
E13460268,2026-06-19 00:00:00,101 DAYS,2026-09-28,E65 - 7 Brimley Road S
W13457866,2026-06-19 00:00:00,94 DAYS,2026-09-21,5 - 1730 Bloor Street W
C13450206,2026-06-19 00:00:00,94 DAYS,2026-09-21,23 Lauderdale Drive
C13451692,2026-06-19 00:00:00,94 DAYS,2026-09-21,6 Snapdragon Drive
W13459064,2026-06-19 00:00:00,94 DAYS,2026-09-21,3277 Dufferin Street
C13452232,2026-06-19 00:00:00,94 DAYS,2026-09-21,380 Spadina Road
E13465102,2026-06-20 00:00:00,93 DAYS,2026-09-21,206A - 4438 Sheppard Avenue E
E13465100,2026-06-20 00:00:00,93 DAYS,2026-09-21,157 - 4438 Sheppard Avenue E
W13458888,2026-06-20 00:00:00,93 DAYS,2026-09-21,1902 - 105 The Queens Way
C13457308,2026-06-20 00:00:00,93 DAYS,2026-09-21,4 Ridgewood Road
C13459702,2026-06-20 00:00:00,93 DAYS,2026-09-21,3007 - 30 Roehampton Avenue
W13459486,2026-06-20 00:00:00,93 DAYS,2026-09-21,323 - 998 Martin Grove Road
C13457222,2026-06-20 00:00:00,93 DAYS,2026-09-21,2006 - 195 Redpath Avenue
W13468376,2026-06-20 00:00:00,101 DAYS,2026-09-29,6 - 2285 Mcnab Lane
W13224962,2026-06-20 00:00:00,95 DAYS,2026-09-23,7465 Bybrook Drive
E13459764,2026-06-20 00:00:00,93 DAYS,2026-09-21,1581 Ellesmere Road
40840635,2026-06-20 00:00:00,93 DAYS,2026-09-21,30 Blue Ridge Road
C13458390,2026-06-20 00:00:00,93 DAYS,2026-09-21,209 - 275 Yorkland Road
E13463458,2026-06-20 00:00:00,93 DAYS,2026-09-21,2777 Danforth Avenue
W13468284,2026-06-20 00:00:00,100 DAYS,2026-09-28,12 - 120 Queen Plate Drive
W13227622,2026-06-20 00:00:00,95 DAYS,2026-09-23,8 - 4015 Hickory Drive
W13227158,2026-06-20 00:00:00,95 DAYS,2026-09-23,1204 - 355 Rathburn Road E
E13463460,2026-06-20 00:00:00,93 DAYS,2026-09-21,2777 Danforth Avenue
W13468278,2026-06-20 00:00:00,100 DAYS,2026-09-28,12 - 120 Queen Plate Drive
E13460446,2026-06-20 00:00:00,93 DAYS,2026-09-21,116 - 2900 Warden Avenue
W13463788,2026-06-21 00:00:00,92 DAYS,2026-09-21,802 - 689 The Queensway Street
W13463078,2026-06-21 00:00:00,92 DAYS,2026-09-21,2513 - 155 Legion Road N
W13460580,2026-06-21 00:00:00,92 DAYS,2026-09-21,357B Melrose Street
C13465348,2026-06-21 00:00:00,92 DAYS,2026-09-21,119 Strathallan Boulevard
W13232704,2026-06-21 00:00:00,94 DAYS,2026-09-23,4260 Shelby Crescent
W13464000,2026-06-21 00:00:00,92 DAYS,2026-09-21,711 - 2212 Lake Shore Boulevard W
E13469148,2026-06-21 00:00:00,92 DAYS,2026-09-21,211 - 4438 Sheppard Avenue E
E13468552,2026-06-21 00:00:00,92 DAYS,2026-09-21,#339 - 4438 Sheppard Avenue E
E13465360,2026-06-21 00:00:00,92 DAYS,2026-09-21,#338 - 4438 Sheppard Avenue E
W13467348,2026-06-21 00:00:00,92 DAYS,2026-09-21,1019 - 700 Humberwood Boulevard
W13464978,2026-06-21 00:00:00,92 DAYS,2026-09-21,330 - 58 Marine Parade Drive
E13468010,2026-06-21 00:00:00,92 DAYS,2026-09-21,305 - 3852 Finch Avenue E
W13468616,2026-06-21 00:00:00,92 DAYS,2026-09-21,305 - 1275 Finch Avenue W
W13467840,2026-06-21 00:00:00,92 DAYS,2026-09-21,1888 Wilson Avenue
E13469522,2026-06-21 00:00:00,92 DAYS,2026-09-21,A & B - 3230 Eglinton Avenue E
C13464100,2026-06-21 00:00:00,92 DAYS,2026-09-21,3008 - 121 Mcmahon Drive
40840756,2026-06-21 00:00:00,92 DAYS,2026-09-21,357B Melrose Street
C13464230,2026-06-21 00:00:00,92 DAYS,2026-09-21,511 - 109 Erskine Avenue
C13464246,2026-06-21 00:00:00,92 DAYS,2026-09-21,1808 - 109 Erskine Avenue
C13463516,2026-06-21 00:00:00,92 DAYS,2026-09-21,506 - 43 Eglinton Avenue E
W13231374,2026-06-21 00:00:00,94 DAYS,2026-09-23,3556 Monica Drive
W13230710,2026-06-21 00:00:00,94 DAYS,2026-09-23,4344 Dallas Court
W13231024,2026-06-21 00:00:00,94 DAYS,2026-09-23,66 - 1951 Rathburn Road E
E13467956,2026-06-21 00:00:00,92 DAYS,2026-09-21,305 - 3852 Finch Avenue E
W13471468,2026-06-22 00:00:00,91 DAYS,2026-09-21,1116 Wilson Avenue
C13465662,2026-06-22 00:00:00,91 DAYS,2026-09-21,2107 - 25 Mcmahon Drive
C13467438,2026-06-22 00:00:00,91 DAYS,2026-09-21,36 Farrington Drive
C13467188,2026-06-22 00:00:00,91 DAYS,2026-09-21,101 George Henry Boulevard
W13467388,2026-06-22 00:00:00,91 DAYS,2026-09-21,38 Smithfield Drive
W13470852,2026-06-22 00:00:00,91 DAYS,2026-09-21,1 - 5487 Dundas Street W
C13467634,2026-06-22 00:00:00,91 DAYS,2026-09-21,1605 - 180 Fairview Mall Drive
C13469820,2026-06-22 00:00:00,91 DAYS,2026-09-21,1135 - 8 Hillsdale Avenue E
C13466196,2026-06-22 00:00:00,91 DAYS,2026-09-21,201 - 609 Avenue Road
W13237958,2026-06-22 00:00:00,93 DAYS,2026-09-23,702 - 8 Nahani Way
E13472168,2026-06-23 00:00:00,90 DAYS,2026-09-21,4431 Sheppard Avenue E
W13242760,2026-06-23 00:00:00,92 DAYS,2026-09-23,7652 Roselle Crescent
W13476000,2026-06-23 00:00:00,97 DAYS,2026-09-28,10 Meteor Drive
W13438260,2026-06-23 00:00:00,92 DAYS,2026-09-23,9 - 4665 Central Parkway E
W13474476,2026-06-24 00:00:00,89 DAYS,2026-09-21,1704 Queen Street W
W13476666,2026-06-24 00:00:00,89 DAYS,2026-09-21,1863 Davenport Road
E13474042,2026-06-24 00:00:00,89 DAYS,2026-09-21,4 - 1601 Birchmount Road
W13473256,2026-06-24 00:00:00,89 DAYS,2026-09-21,2724 Jane Street
W13472698,2026-06-24 00:00:00,89 DAYS,2026-09-21,621B&C The Queensway
E13474434,2026-06-24 00:00:00,89 DAYS,2026-09-21,5 - 21 Canadian Road
E13474738,2026-06-24 00:00:00,89 DAYS,2026-09-21,B3 - 2370 Midland Avenue
W13410424,2026-06-24 00:00:00,91 DAYS,2026-09-23,1713 - 4185 Shipp Drive
W13476870,2026-06-24 00:00:00,89 DAYS,2026-09-21,29 - 2899 Steeles Avenue W
W13275186,2026-06-24 00:00:00,91 DAYS,2026-09-23,4172 Rayfield Court
E13474298,2026-06-24 00:00:00,89 DAYS,2026-09-21,2923 Lawrence Avenue E
C13475538,2026-06-25 00:00:00,88 DAYS,2026-09-21,221 Forest Hill Road
E13479248,2026-06-25 00:00:00,88 DAYS,2026-09-21,132 - 390 Silver Star Boulevard
W13477274,2026-06-25 00:00:00,88 DAYS,2026-09-21,205 - 556 Marlee Avenue
E13483240,2026-06-25 00:00:00,95 DAYS,2026-09-28,99 Eastville Avenue
C13474436,2026-06-25 00:00:00,88 DAYS,2026-09-21,305 - 639 Lawrence Avenue
C13474774,2026-06-25 00:00:00,88 DAYS,2026-09-21,2103 - 25 Mcmahon Drive
C13474850,2026-06-25 00:00:00,88 DAYS,2026-09-21,412 - 1 Belsize Drive
C13476478,2026-06-25 00:00:00,88 DAYS,2026-09-21,997 Mount Pleasant Road
W13473644,2026-06-25 00:00:00,88 DAYS,2026-09-21,709 - 689 The Queensway
E13480804,2026-06-25 00:00:00,88 DAYS,2026-09-21,42 - 328 Passmore Avenue
C13473172,2026-06-25 00:00:00,88 DAYS,2026-09-21,Unit # B1 - 1840 Bathurst Street
C13475036,2026-06-25 00:00:00,88 DAYS,2026-09-21,141 Chaplin Crescent
W13474946,2026-06-25 00:00:00,88 DAYS,2026-09-21,1809 - 2200 Lake Shore Boulevard W
C13478784,2026-06-26 00:00:00,87 DAYS,2026-09-21,1206 - 66 Forest Manor Road
W13412638,2026-06-26 00:00:00,89 DAYS,2026-09-23,706 - 60 Absolute Avenue
W13412432,2026-06-26 00:00:00,89 DAYS,2026-09-23,136 - 85 Bristol Road E
W13415232,2026-06-26 00:00:00,89 DAYS,2026-09-23,48 - 65 Armdale Road
C13479304,2026-06-26 00:00:00,87 DAYS,2026-09-21,68 Old Colony Road
C13479266,2026-06-26 00:00:00,87 DAYS,2026-09-21,2512 - 95 Mcmahon Drive
E13484966,2026-06-26 00:00:00,87 DAYS,2026-09-21,H7 - 4525 Kingston Road
E13485480,2026-06-26 00:00:00,87 DAYS,2026-09-21,2789 Danforth Avenue
W13481040,2026-06-26 00:00:00,87 DAYS,2026-09-21,622 The Queensway
W13486586,2026-06-26 00:00:00,87 DAYS,2026-09-21,3289 Lake Shore Boulevard W
E13486072,2026-06-26 00:00:00,87 DAYS,2026-09-21,2184 Queen Street E
C13478716,2026-06-26 00:00:00,87 DAYS,2026-09-21,42 Lytton Boulevard
W13478354,2026-06-26 00:00:00,87 DAYS,2026-09-21,20 Uno Drive
W13479108,2026-06-26 00:00:00,87 DAYS,2026-09-21,371 Royal York Road
W13493320,2026-06-26 00:00:00,95 DAYS,2026-09-29,670 Meadow Wood Road
40842976,2026-06-26 00:00:00,95 DAYS,2026-09-29,670 Meadow Wood Road
E13485528,2026-06-26 00:00:00,87 DAYS,2026-09-21,10 - 4288 Kingston Road
W13478890,2026-06-26 00:00:00,87 DAYS,2026-09-21,371 Royal York Road
E13484278,2026-06-26 00:00:00,87 DAYS,2026-09-21,99 - 31 Tapscott Road
W13489170,2026-06-27 00:00:00,86 DAYS,2026-09-21,37A - 1530 Albion Road
W13417814,2026-06-27 00:00:00,88 DAYS,2026-09-23,7493 Bybrook Drive
C13488322,2026-06-27 00:00:00,86 DAYS,2026-09-21,1970 Avenue Road
W13417798,2026-06-27 00:00:00,88 DAYS,2026-09-23,4254 Brandon Gate Drive
W13419698,2026-06-27 00:00:00,88 DAYS,2026-09-23,1 - 3071 Treadwells Drive
E13488316,2026-06-27 00:00:00,86 DAYS,2026-09-21,25 - 50 Weybright Court
E13493406,2026-06-27 00:00:00,86 DAYS,2026-09-21,1088 Progress Avenue
W13488686,2026-06-27 00:00:00,86 DAYS,2026-09-21,408 - 996 Martin Grove Road
W13488732,2026-06-27 00:00:00,86 DAYS,2026-09-21,407 - 996 Martin Grove Road
W13488574,2026-06-27 00:00:00,86 DAYS,2026-09-21,415 - 996 Martin Grove Road
W13452148,2026-06-27 00:00:00,88 DAYS,2026-09-23,1650 Dundas Street E
W13452142,2026-06-27 00:00:00,88 DAYS,2026-09-23,1580-1590 Dundas Street E
W13482190,2026-06-27 00:00:00,86 DAYS,2026-09-21,1906 - 80 Marine Parade Drive N
W13491098,2026-06-27 00:00:00,86 DAYS,2026-09-21,2392 Bloor Street W
W13491464,2026-06-27 00:00:00,86 DAYS,2026-09-21,3&4 - 1747 Albion Road
C13490082,2026-06-27 00:00:00,86 DAYS,2026-09-21,515 - 18 Wynford Drive
E13488306,2026-06-27 00:00:00,86 DAYS,2026-09-21,24 - 50 Weybright Court
W13449472,2026-06-27 00:00:00,88 DAYS,2026-09-23,31 - 2800 Skymark Avenue
C13485616,2026-06-27 00:00:00,86 DAYS,2026-09-21,319 - 1603 Eglinton Avenue W
C13485720,2026-06-27 00:00:00,86 DAYS,2026-09-21,703 - 5 Soudan Avenue
C13486794,2026-06-27 00:00:00,86 DAYS,2026-09-21,2004 - 5 Soudan Avenue
W13491678,2026-06-27 00:00:00,86 DAYS,2026-09-21,3 - 2930 Islington Avenue
C13483470,2026-06-27 00:00:00,86 DAYS,2026-09-21,521 Hillsdale Avenue E
W13490578,2026-06-27 00:00:00,86 DAYS,2026-09-21,70 Glen Scarlett Road
C13483414,2026-06-27 00:00:00,86 DAYS,2026-09-21,1411 - 212 Eglinton Avenue E
C13485348,2026-06-27 00:00:00,86 DAYS,2026-09-21,1 Lynnhaven Road
C13482254,2026-06-27 00:00:00,86 DAYS,2026-09-21,3106 - 85 Mcmahon Drive
E13488474,2026-06-27 00:00:00,86 DAYS,2026-09-21,12 - 120 Barbados Boulevard
E13487452,2026-06-27 00:00:00,86 DAYS,2026-09-21,2008 Queen Street E
W13484066,2026-06-27 00:00:00,86 DAYS,2026-09-21,602 - 1 Palace Pier Court
W13485812,2026-06-27 00:00:00,86 DAYS,2026-09-21,101 - 185 Stephen Drive
E13498362,2026-06-28 00:00:00,92 DAYS,2026-09-28,2436 Kingston Road
C13488738,2026-06-28 00:00:00,85 DAYS,2026-09-21,1705 - 117 Broadway Avenue
C13491546,2026-06-28 00:00:00,85 DAYS,2026-09-21,2502 - 117 Broadway Avenue
E13495294,2026-06-28 00:00:00,85 DAYS,2026-09-21,2208 Danforth Avenue
W13423276,2026-06-28 00:00:00,87 DAYS,2026-09-23,1603 - 1360 Rathburn Road E
C13491592,2026-06-28 00:00:00,85 DAYS,2026-09-21,3102 - 117 Broadway Avenue
W13493534,2026-06-28 00:00:00,85 DAYS,2026-09-21,5 - 32 Goodmark Place
C13488052,2026-06-28 00:00:00,85 DAYS,2026-09-21,38 Ridgevale Drive
C13494954,2026-06-28 00:00:00,85 DAYS,2026-09-21,2189 Dufferin Street
C13489666,2026-06-28 00:00:00,85 DAYS,2026-09-21,1202 - 2221 Yonge Street
C13492142,2026-06-28 00:00:00,85 DAYS,2026-09-21,1 - 3429 Yonge Street
W13491764,2026-06-28 00:00:00,85 DAYS,2026-09-21,513 - 155 Legion Road N
C13488406,2026-06-28 00:00:00,85 DAYS,2026-09-21,169 Old Forest Hill Road
W13424764,2026-06-28 00:00:00,87 DAYS,2026-09-23,21 - 345 Meadows Boulevard
C13492076,2026-06-28 00:00:00,85 DAYS,2026-09-21,549 Lawrence Avenue W
W13496604,2026-06-28 00:00:00,85 DAYS,2026-09-21,6199 Steeles Avenue W
W13495314,2026-06-28 00:00:00,85 DAYS,2026-09-21,856 Wilson Avenue
W13494132,2026-06-28 00:00:00,85 DAYS,2026-09-21,13 - 1270 Finch Avenue W
E13496526,2026-06-28 00:00:00,85 DAYS,2026-09-21,15 - 140 Finchdene Square
E13495848,2026-06-28 00:00:00,85 DAYS,2026-09-21,2685 Eglinton Avenue E
C13486678,2026-06-28 00:00:00,85 DAYS,2026-09-21,308 - 11 William Carson Crescent
C13496828,2026-06-29 00:00:00,84 DAYS,2026-09-21,806 - 30 Roehampton Avenue
W13493674,2026-06-29 00:00:00,84 DAYS,2026-09-21,908 - 2240 Lake Shore Boulevard W
E13498292,2026-06-29 00:00:00,84 DAYS,2026-09-21,B5 - 63 Silver Star Boulevard
C13496068,2026-06-29 00:00:00,84 DAYS,2026-09-21,743 Glencairn Avenue
C13492638,2026-06-29 00:00:00,84 DAYS,2026-09-21,228 - 161 Roehampton Avenue
W13420300,2026-06-30 00:00:00,85 DAYS,2026-09-23,3067 Churchill Avenue
W13503302,2026-06-30 00:00:00,90 DAYS,2026-09-28,67 Murrie Street
W13437588,2026-06-30 00:00:00,85 DAYS,2026-09-23,3506 - 60 Absolute Avenue
C13497622,2026-06-30 00:00:00,83 DAYS,2026-09-21,1506 - 2221 Yonge Street
W13470440,2026-06-30 00:00:00,85 DAYS,2026-09-23,B2-A2&4 - 888 Dundas Street E
W13501764,2026-07-01 00:00:00,82 DAYS,2026-09-21,1555 Dupont Street
E13501626,2026-07-01 00:00:00,82 DAYS,2026-09-21,2006 Queen Street E
W13471514,2026-07-01 00:00:00,84 DAYS,2026-09-23,C2-C3 - 918 Dundas Street E
W13471334,2026-07-01 00:00:00,84 DAYS,2026-09-23,Unit 15 - 2555 Dixie Road
W13500618,2026-07-01 00:00:00,82 DAYS,2026-09-21,12 - 2437 Finch Avenue W
40841675,2026-07-01 00:00:00,84 DAYS,2026-09-23,918 Dundas Street E Unit# C2-C3
E13501640,2026-07-01 00:00:00,82 DAYS,2026-09-21,2006 Queen Street E
E13502768,2026-07-01 00:00:00,82 DAYS,2026-09-21,1051 Tapscott Road
E13502598,2026-07-01 00:00:00,82 DAYS,2026-09-21,101 - 3331 Markham Road
C13502022,2026-07-01 00:00:00,82 DAYS,2026-09-21,4 - 1386 Bayview Avenue
W13498884,2026-07-01 00:00:00,82 DAYS,2026-09-21,2302 - 80 Marine Parade Drive
C13498940,2026-07-01 00:00:00,82 DAYS,2026-09-21,1108 - 20 Soudan Avenue
E13501606,2026-07-01 00:00:00,82 DAYS,2026-09-21,2006 Queen Street E
C13501324,2026-07-02 00:00:00,81 DAYS,2026-09-21,1607 - 111 St. Clair Avenue W
W13500072,2026-07-02 00:00:00,81 DAYS,2026-09-21,15 Burlington Street
W13504020,2026-07-02 00:00:00,81 DAYS,2026-09-21,2712 Keele Street
W13503260,2026-07-02 00:00:00,81 DAYS,2026-09-21,2600 Weston Road
C13501872,2026-07-02 00:00:00,81 DAYS,2026-09-21,311 - 99 Foxbar Road
W13500378,2026-07-02 00:00:00,81 DAYS,2026-09-21,710 - 36 Park Lawn Road
W13501194,2026-07-02 00:00:00,81 DAYS,2026-09-21,25 Marlee Avenue
C13499750,2026-07-02 00:00:00,81 DAYS,2026-09-21,Ph10 - 447 Walmer Road
40837454,2026-07-03 00:00:00,82 DAYS,2026-09-23,1221 Dundix Road Unit# 37
C13503790,2026-07-03 00:00:00,80 DAYS,2026-09-21,813 - 123 Eglinton Avenue E
W13443630,2026-07-03 00:00:00,82 DAYS,2026-09-23,37 - 1221 Dundix Road
C13506192,2026-07-03 00:00:00,80 DAYS,2026-09-21,2603 - 110 Broadway Avenue
W13508468,2026-07-03 00:00:00,80 DAYS,2026-09-21,1700 St Clair Avenue W
W13508458,2026-07-03 00:00:00,80 DAYS,2026-09-21,1700 St Clair Avenue W
W13474470,2026-07-03 00:00:00,82 DAYS,2026-09-23,5 - 2325 Matheson Boulevard E
W13474658,2026-07-03 00:00:00,82 DAYS,2026-09-23,7104 Goreway Drive
W13445126,2026-07-03 00:00:00,82 DAYS,2026-09-23,3720 Brandon Gate Drive
W13445078,2026-07-03 00:00:00,82 DAYS,2026-09-23,3980 Bishopstoke Lane
C13503644,2026-07-03 00:00:00,80 DAYS,2026-09-21,2 Amherst Avenue
C13505022,2026-07-03 00:00:00,80 DAYS,2026-09-21,311 - 200 Keewatin Avenue
E13516650,2026-07-03 00:00:00,87 DAYS,2026-09-28,46 Sunnypoint Crescent
W13513358,2026-07-03 00:00:00,87 DAYS,2026-09-28,646 Dixon Road
E13509304,2026-07-03 00:00:00,80 DAYS,2026-09-21,2D22/23 - 4675 Steeles Avenue E
W13516630,2026-07-03 00:00:00,88 DAYS,2026-09-29,2528 Truscott Drive
W13519352,2026-07-03 00:00:00,88 DAYS,2026-09-29,1719 Valentine Gardens
C13513856,2026-07-03 00:00:00,80 DAYS,2026-09-21,10 Silverdale Crescent
C13506924,2026-07-03 00:00:00,80 DAYS,2026-09-21,92 Balmoral Avenue
C13506696,2026-07-03 00:00:00,80 DAYS,2026-09-21,1913 - 98 Lillian Street
E13508348,2026-07-03 00:00:00,80 DAYS,2026-09-21,813 O Connor Drive
E13515414,2026-07-04 00:00:00,79 DAYS,2026-09-21,# 18A - 4188 Finch Avenue E
W13479976,2026-07-04 00:00:00,81 DAYS,2026-09-23,8 - 2601 Matheson Boulevard
W13479390,2026-07-04 00:00:00,81 DAYS,2026-09-23,217-219 - 2560 Matheson Boulevard E
E13513750,2026-07-04 00:00:00,79 DAYS,2026-09-21,1 - 3406 Kingston Road
E13514632,2026-07-04 00:00:00,79 DAYS,2026-09-21,8 - 170 Finchdene Square
W13452586,2026-07-04 00:00:00,81 DAYS,2026-09-23,308 - 1359 Rathburn Road E
C13509600,2026-07-04 00:00:00,79 DAYS,2026-09-21,1404 - 33 Helendale Avenue
C13509826,2026-07-04 00:00:00,79 DAYS,2026-09-21,515 - 117 Broadway Avenue
W13513924,2026-07-04 00:00:00,79 DAYS,2026-09-21,20 - 95 The Pond Road
W13508702,2026-07-04 00:00:00,79 DAYS,2026-09-21,27 Mossom Road W
W13512684,2026-07-04 00:00:00,79 DAYS,2026-09-21,40 Penn Drive
C13508666,2026-07-04 00:00:00,79 DAYS,2026-09-21,494 Atlas Avenue
W13515610,2026-07-04 00:00:00,79 DAYS,2026-09-21,1 - 32 Goodmark Place
W13447012,2026-07-04 00:00:00,81 DAYS,2026-09-23,7530 Redstone Road
W13450844,2026-07-04 00:00:00,81 DAYS,2026-09-23,888 Bloor Street
E13516350,2026-07-04 00:00:00,79 DAYS,2026-09-21,G8 & G10 - 3850 Finch Avenue E
E13517842,2026-07-05 00:00:00,78 DAYS,2026-09-21,G110 & G111 - 3250 Midland Avenue
W13519620,2026-07-05 00:00:00,78 DAYS,2026-09-21,1682 Jane Street
W13521452,2026-07-05 00:00:00,78 DAYS,2026-09-21,1123 Albion Road
E13518632,2026-07-05 00:00:00,78 DAYS,2026-09-21,298 Main Street
W13454004,2026-07-05 00:00:00,80 DAYS,2026-09-23,5481 Middleport Crescent
W13453566,2026-07-05 00:00:00,80 DAYS,2026-09-23,311 - 35 Trailwood Drive
E13517598,2026-07-05 00:00:00,78 DAYS,2026-09-21,B7 - 3101 Kennedy Road
W13516836,2026-07-05 00:00:00,78 DAYS,2026-09-21,1 & 2 - 68 Jutland Road
C13515648,2026-07-05 00:00:00,78 DAYS,2026-09-21,Ph3 - 3000 Bathurst Street
C13521582,2026-07-05 00:00:00,78 DAYS,2026-09-21,915-925 Sheppard Avenue W
W13454028,2026-07-05 00:00:00,80 DAYS,2026-09-23,57 - 4165 Fieldgate Drive
W13453482,2026-07-05 00:00:00,80 DAYS,2026-09-23,122 - 3040 Constitution Boulevard
E13520630,2026-07-05 00:00:00,78 DAYS,2026-09-21,1 - 1287 Kennedy Road
W13518130,2026-07-05 00:00:00,78 DAYS,2026-09-21,175 Limestone Crescent
C13519316,2026-07-05 00:00:00,78 DAYS,2026-09-21,7 - 808 York Mills Road
W13453536,2026-07-05 00:00:00,80 DAYS,2026-09-23,7649 Redstone Road
W13523122,2026-07-06 00:00:00,77 DAYS,2026-09-21,34 - 2901 Steeles Avenue W
C13517476,2026-07-06 00:00:00,77 DAYS,2026-09-21,1611 - 127 Broadway Avenue
W13461470,2026-07-06 00:00:00,79 DAYS,2026-09-23,Ph3 - 50 Absolute Avenue
W13462390,2026-07-06 00:00:00,79 DAYS,2026-09-23,2709 - 80 Absolute Avenue
W13459728,2026-07-06 00:00:00,79 DAYS,2026-09-23,7553 Wildfern Drive
W13462664,2026-07-06 00:00:00,79 DAYS,2026-09-23,3760 Woodruff Crescent
W13526378,2026-07-06 00:00:00,85 DAYS,2026-09-29,412 - 966 Inverhouse Drive
W13491018,2026-07-06 00:00:00,79 DAYS,2026-09-23,102A - 5270 Solar Drive
C13517828,2026-07-06 00:00:00,77 DAYS,2026-09-21,3 - 7 Warwick Avenue
W13468356,2026-07-07 00:00:00,78 DAYS,2026-09-23,3999 Bishopstoke Lane
W13465882,2026-07-07 00:00:00,78 DAYS,2026-09-23,603 - 50 Absolute Avenue
W13496826,2026-07-07 00:00:00,78 DAYS,2026-09-23,1B - 5150 Dixie Road
E13524206,2026-07-07 00:00:00,76 DAYS,2026-09-21,309 - 1585 Markham Road
W13465638,2026-07-07 00:00:00,78 DAYS,2026-09-23,907 - 1300 Bloor Street
W13451686,2026-07-07 00:00:00,78 DAYS,2026-09-23,6351 Goreway Drive
W13527862,2026-07-07 00:00:00,84 DAYS,2026-09-29,1301 Gatehouse Drive
W13532308,2026-07-07 00:00:00,84 DAYS,2026-09-29,1495 Thetford Court
W13450498,2026-07-07 00:00:00,78 DAYS,2026-09-23,3102 Nawbrook Road
C13527936,2026-07-08 00:00:00,75 DAYS,2026-09-21,383 Eglinton Avenue E
E13530004,2026-07-08 00:00:00,75 DAYS,2026-09-21,B1 - 3101 Kennedy Road
C13529252,2026-07-08 00:00:00,75 DAYS,2026-09-21,400 Summerhill Avenue
C13527634,2026-07-08 00:00:00,75 DAYS,2026-09-21,376 Eglinton Avenue W
W13535268,2026-07-08 00:00:00,82 DAYS,2026-09-28,135 Lake Shore Drive
W13526930,2026-07-08 00:00:00,75 DAYS,2026-09-21,803 - 830 Lawrence Avenue W
W13527886,2026-07-08 00:00:00,75 DAYS,2026-09-21,2-3 - 5235 Steeles Avenue W
W13533434,2026-07-08 00:00:00,83 DAYS,2026-09-29,539 Old Poplar Row
W13540052,2026-07-09 00:00:00,81 DAYS,2026-09-28,25 Sixth Street
C13526304,2026-07-09 00:00:00,74 DAYS,2026-09-21,706 Glencairn Avenue
W13536456,2026-07-09 00:00:00,81 DAYS,2026-09-28,51 Worcester Road
W13534202,2026-07-09 00:00:00,74 DAYS,2026-09-21,41 Advance Road
W13539592,2026-07-09 00:00:00,81 DAYS,2026-09-28,116 Seventh Street
W13534216,2026-07-09 00:00:00,74 DAYS,2026-09-21,91&95 Martin Ross Avenue
W13540066,2026-07-09 00:00:00,82 DAYS,2026-09-29,504 - 965 Inverhouse Drive
E13533576,2026-07-09 00:00:00,74 DAYS,2026-09-21,391 Lumsden Avenue
W13533228,2026-07-09 00:00:00,74 DAYS,2026-09-21,1 Towns Road N
W13539764,2026-07-09 00:00:00,82 DAYS,2026-09-29,1839 Fellen Place
W13533674,2026-07-09 00:00:00,74 DAYS,2026-09-21,116-120 Tycos Drive
E13530246,2026-07-09 00:00:00,74 DAYS,2026-09-21,A3 - 3101 Kennedy Road
W13530508,2026-07-09 00:00:00,74 DAYS,2026-09-21,223 - 600 Dixon Road
C13535236,2026-07-09 00:00:00,74 DAYS,2026-09-21,2395 Don Mills Road
C13534658,2026-07-09 00:00:00,74 DAYS,2026-09-21,1 - 150 Eglinton Avenue E
C13528398,2026-07-09 00:00:00,74 DAYS,2026-09-21,716 - 660 Eglinton Avenue W
E13530734,2026-07-09 00:00:00,74 DAYS,2026-09-21,8 - 1415 Kennedy Road
E13533004,2026-07-09 00:00:00,74 DAYS,2026-09-21,158 O'Connor Drive
W13543720,2026-07-09 00:00:00,82 DAYS,2026-09-29,2811 Constable Road
W13536298,2026-07-10 00:00:00,73 DAYS,2026-09-21,346-348 Ryding Avenue
C13539474,2026-07-10 00:00:00,73 DAYS,2026-09-21,105 - 2 St. Clair Avenue E
W13539408,2026-07-10 00:00:00,73 DAYS,2026-09-21,209 - 262 John Garland Boulevard
W13475076,2026-07-10 00:00:00,75 DAYS,2026-09-23,#98 - 333 Meadows Boulevard
W13475010,2026-07-10 00:00:00,75 DAYS,2026-09-23,508 - 3025 Queen Frederica Drive
40837329,2026-07-10 00:00:00,75 DAYS,2026-09-23,333 Meadows Boulevard Unit# 98
W13474404,2026-07-10 00:00:00,75 DAYS,2026-09-23,3195 Golden Orchard Drive
W13474218,2026-07-10 00:00:00,75 DAYS,2026-09-23,720 Hillman Crescent
W13474168,2026-07-10 00:00:00,75 DAYS,2026-09-23,4026 Wilcox Road
W13473362,2026-07-10 00:00:00,75 DAYS,2026-09-23,606 - 1111 Bough Beeches Boulevard
W13475670,2026-07-10 00:00:00,75 DAYS,2026-09-23,1406 - 1359 Rathburn Road E
W13545442,2026-07-10 00:00:00,81 DAYS,2026-09-29,1500 Watersedge Road
W13474720,2026-07-10 00:00:00,75 DAYS,2026-09-23,103B - 211 Forum Drive
E13538560,2026-07-10 00:00:00,73 DAYS,2026-09-21,207 - 2225 Markham Road
C13538584,2026-07-10 00:00:00,73 DAYS,2026-09-21,302 - 100 Canyon Avenue
C13543176,2026-07-11 00:00:00,72 DAYS,2026-09-21,1708 - 30 Canterbury Place
C13541720,2026-07-11 00:00:00,72 DAYS,2026-09-21,101 - 5765 Yonge Street
C13541462,2026-07-11 00:00:00,72 DAYS,2026-09-21,200 Burndale Avenue
E13543954,2026-07-11 00:00:00,72 DAYS,2026-09-21,2B2 - 4675 Steeles Avenue E
E13543910,2026-07-11 00:00:00,72 DAYS,2026-09-21,2B1 - 4675 Steeles Avenue E
E13544870,2026-07-11 00:00:00,72 DAYS,2026-09-21,411 Nugget Avenue
W13551806,2026-07-11 00:00:00,80 DAYS,2026-09-29,2206 Utley Road
W13551364,2026-07-11 00:00:00,79 DAYS,2026-09-28,110 - 5555 Eglinton Avenue W
E13545710,2026-07-11 00:00:00,72 DAYS,2026-09-21,#5 - 5661 Steeles Avenue E
E13545756,2026-07-11 00:00:00,72 DAYS,2026-09-21,741 Pharmacy Avenue
E13545216,2026-07-11 00:00:00,72 DAYS,2026-09-21,328 Nantucket Boulevard
E13544632,2026-07-11 00:00:00,72 DAYS,2026-09-21,20 - 2203 Kingston Road
E13541892,2026-07-11 00:00:00,72 DAYS,2026-09-21,D2 - 4221 Sheppard Avenue E
C13538198,2026-07-11 00:00:00,72 DAYS,2026-09-21,204 Forest Hill Road
W13540342,2026-07-11 00:00:00,72 DAYS,2026-09-21,138 - 390 Hopewell Avenue
E13541390,2026-07-11 00:00:00,72 DAYS,2026-09-21,1738A Lawrence Avenue E
C13540720,2026-07-11 00:00:00,72 DAYS,2026-09-21,1401 - 500 Avenue Road
C13537584,2026-07-11 00:00:00,72 DAYS,2026-09-21,25 Oswald Crescent
C13540462,2026-07-11 00:00:00,72 DAYS,2026-09-21,230 Dunvegan Road
C13540690,2026-07-11 00:00:00,72 DAYS,2026-09-21,734 Avenue Road
W13541818,2026-07-11 00:00:00,72 DAYS,2026-09-21,"5,6,7,9 - 6921 Steeles Avenue W"
C13542384,2026-07-11 00:00:00,72 DAYS,2026-09-21,2107 Yonge Street
C13543416,2026-07-11 00:00:00,72 DAYS,2026-09-21,1207 - 5180 Yonge Street
C13545920,2026-07-12 00:00:00,71 DAYS,2026-09-21,2811 - 5 Soudan Avenue
C13543134,2026-07-12 00:00:00,71 DAYS,2026-09-21,3103 - 39 Roehampton Avenue
C13542958,2026-07-12 00:00:00,71 DAYS,2026-09-21,28 Dunvegan Road
C13542086,2026-07-12 00:00:00,71 DAYS,2026-09-21,313 Broadway Avenue
C13543928,2026-07-12 00:00:00,71 DAYS,2026-09-21,408 - 1 Cardiff Road
C13545286,2026-07-12 00:00:00,71 DAYS,2026-09-21,204 Richview Avenue
W13550474,2026-07-12 00:00:00,71 DAYS,2026-09-21,216 - 600 Dixon Road N
W13550550,2026-07-12 00:00:00,71 DAYS,2026-09-21,215 - 600 Dixon Road N
40842492,2026-07-12 00:00:00,73 DAYS,2026-09-23,655 Kozel Court
W13481870,2026-07-12 00:00:00,73 DAYS,2026-09-23,655 Kozel Court
W13483938,2026-07-12 00:00:00,73 DAYS,2026-09-23,72 - 4950 Albina Way
W13484246,2026-07-12 00:00:00,73 DAYS,2026-09-23,5470 Middleport Crescent
C13544476,2026-07-12 00:00:00,71 DAYS,2026-09-21,36 Millbank Avenue
W13547978,2026-07-12 00:00:00,71 DAYS,2026-09-21,2978 Islington Avenue
W13482094,2026-07-12 00:00:00,73 DAYS,2026-09-23,3104 - 60 Absolute Avenue
W13551608,2026-07-12 00:00:00,71 DAYS,2026-09-21,969 Albion Road
W13547110,2026-07-12 00:00:00,71 DAYS,2026-09-21,45 Four Winds Drive
E13551600,2026-07-12 00:00:00,71 DAYS,2026-09-21,11 - 170 Finchdene Square
E13551222,2026-07-12 00:00:00,71 DAYS,2026-09-21,1063 Markham Road
E13548460,2026-07-12 00:00:00,71 DAYS,2026-09-21,14 - 1415 Kennedy Road
E13550806,2026-07-12 00:00:00,71 DAYS,2026-09-21,205B - 4438 Sheppard Avenue E
C13550922,2026-07-12 00:00:00,71 DAYS,2026-09-21,255 Willowdale Avenue
C13547354,2026-07-12 00:00:00,71 DAYS,2026-09-21,658 Vaughan Road
E13551192,2026-07-12 00:00:00,71 DAYS,2026-09-21,81 - 80 Nashdene Road
C13549172,2026-07-12 00:00:00,71 DAYS,2026-09-21,116 Church Avenue
W13550506,2026-07-12 00:00:00,71 DAYS,2026-09-21,1260 The Queensway
C13553184,2026-07-13 00:00:00,70 DAYS,2026-09-21,1201 - 22 Olive Avenue
C13551942,2026-07-13 00:00:00,70 DAYS,2026-09-21,1009 - 30 Greenfield Avenue
C13553042,2026-07-13 00:00:00,70 DAYS,2026-09-21,317 - 509 Beecroft Road
W13513072,2026-07-13 00:00:00,72 DAYS,2026-09-23,20 - 1060 Britannia Road E
W13489716,2026-07-13 00:00:00,72 DAYS,2026-09-23,909 - 1360 Rathburn Road E
E13554220,2026-07-14 00:00:00,69 DAYS,2026-09-21,130 Commander Boulevard
W13557374,2026-07-14 00:00:00,77 DAYS,2026-09-29,2 - 1155 Stroud Lane
C13553052,2026-07-14 00:00:00,69 DAYS,2026-09-21,2512 - 185 Roehampton Avenue
W13493052,2026-07-14 00:00:00,71 DAYS,2026-09-23,604 - 3065 Queen Frederica Drive
C13552692,2026-07-14 00:00:00,69 DAYS,2026-09-21,11 - 260 Russell Hill Road
W13521586,2026-07-14 00:00:00,71 DAYS,2026-09-23,8 - 7040 Torbram Road
W13496108,2026-07-14 00:00:00,71 DAYS,2026-09-23,1303 - 80 Absolute Avenue
40847340,2026-07-14 00:00:00,69 DAYS,2026-09-21,185 Roehampton Avenue Unit# 2512
40843576,2026-07-15 00:00:00,70 DAYS,2026-09-23,80 Absolute Avenue Unit# 1303
W13497494,2026-07-15 00:00:00,70 DAYS,2026-09-23,80 Chalfield Lane
C13558512,2026-07-15 00:00:00,68 DAYS,2026-09-21,42 Franklin Avenue
C13557598,2026-07-15 00:00:00,68 DAYS,2026-09-21,318 Holmes Avenue
C13555180,2026-07-15 00:00:00,68 DAYS,2026-09-21,2502 - 5418 Yonge Street
W13555098,2026-07-15 00:00:00,68 DAYS,2026-09-21,55 - 101 Toro Road
E13559288,2026-07-15 00:00:00,68 DAYS,2026-09-21,2A10 - 4675 Steeles Avenue E
C13556194,2026-07-15 00:00:00,68 DAYS,2026-09-21,1693 Avenue Road
C13556212,2026-07-15 00:00:00,68 DAYS,2026-09-21,1695 Avenue Road
C13556110,2026-07-15 00:00:00,68 DAYS,2026-09-21,200 Wicksteed Avenue
C13557210,2026-07-15 00:00:00,68 DAYS,2026-09-21,758 Sheppard Avenue W
C13555150,2026-07-15 00:00:00,68 DAYS,2026-09-21,15 - 865 York Mills Road
E13556644,2026-07-15 00:00:00,68 DAYS,2026-09-21,C125 - 3276 Midland Avenue
E13558046,2026-07-15 00:00:00,68 DAYS,2026-09-21,05 - 3880 Midland Avenue
W13560268,2026-07-15 00:00:00,75 DAYS,2026-09-28,40 Macdonald Street
E13559274,2026-07-15 00:00:00,68 DAYS,2026-09-21,2Fc1 & 2Fc2 - 4675 Steeles Avenue E
C13556148,2026-07-15 00:00:00,68 DAYS,2026-09-21,200 Wicksteed Avenue
E13557100,2026-07-15 00:00:00,68 DAYS,2026-09-21,A25 - 2370 Midland Avenue
E13559284,2026-07-15 00:00:00,68 DAYS,2026-09-21,2Fc5 - 4675 Steeles Avenue E
E13559280,2026-07-15 00:00:00,68 DAYS,2026-09-21,"2Fc1, 2Fc2, 2Fc5, 2A10 - 4675 Steeles Avenue E"
E13563964,2026-07-16 00:00:00,67 DAYS,2026-09-21,274 Markham Road
E13563416,2026-07-16 00:00:00,67 DAYS,2026-09-21,1993 Lawrence Avenue E
W13524512,2026-07-16 00:00:00,69 DAYS,2026-09-23,18 - 1235 Queensway Avenue E
W13560808,2026-07-16 00:00:00,67 DAYS,2026-09-21,1602 Eglinton Avenue W
E13559612,2026-07-16 00:00:00,67 DAYS,2026-09-21,112 - 2351 Kennedy Road
C13558064,2026-07-16 00:00:00,67 DAYS,2026-09-21,1611 - 2020 Bathurst Street
C13560158,2026-07-16 00:00:00,67 DAYS,2026-09-21,1554 Avenue Road
E13561418,2026-07-16 00:00:00,67 DAYS,2026-09-21,38 - 850 Tapscott Road
E13563706,2026-07-16 00:00:00,67 DAYS,2026-09-21,3441 St. Clair Avenue E
W13498248,2026-07-16 00:00:00,69 DAYS,2026-09-23,3257 Monica Drive
C13557714,2026-07-16 00:00:00,67 DAYS,2026-09-21,204 - 581 Avenue Road
C13560734,2026-07-16 00:00:00,67 DAYS,2026-09-21,3 - 3429 Yonge Street
W13562672,2026-07-16 00:00:00,67 DAYS,2026-09-21,4201 Bloor Street
40848206,2026-07-16 00:00:00,67 DAYS,2026-09-21,17 Kenaston Gardens Unit# 509
W13567618,2026-07-16 00:00:00,74 DAYS,2026-09-28,256 Wellesworth Drive
W13524432,2026-07-16 00:00:00,69 DAYS,2026-09-23,"Building 8, Suite 200 - 5045 Orbitor Drive"
C13562196,2026-07-16 00:00:00,67 DAYS,2026-09-21,509 - 17 Kenaston Gardens
C13560732,2026-07-16 00:00:00,67 DAYS,2026-09-21,202 - 181 Sheppard Avenue E
W13563486,2026-07-16 00:00:00,67 DAYS,2026-09-21,329 Evans Avenue
C13562000,2026-07-16 00:00:00,67 DAYS,2026-09-21,1208 - 2 Anndale Drive
C13559156,2026-07-16 00:00:00,67 DAYS,2026-09-21,710 - 2 Teagarden Court
C13560740,2026-07-16 00:00:00,67 DAYS,2026-09-21,414 - 181 Sheppard Avenue E
W13565576,2026-07-17 00:00:00,66 DAYS,2026-09-21,2877 Dufferin Street
W13499912,2026-07-17 00:00:00,68 DAYS,2026-09-23,1086 Hedge Drive
W13528736,2026-07-17 00:00:00,68 DAYS,2026-09-23,2100 Dundas Street E
C13565886,2026-07-17 00:00:00,66 DAYS,2026-09-21,1610 - 5500 Yonge Street
W13527454,2026-07-17 00:00:00,68 DAYS,2026-09-23,5277 Creekbank Road
C13565552,2026-07-17 00:00:00,66 DAYS,2026-09-21,1209 - 5168 Yonge Street
C13567764,2026-07-17 00:00:00,66 DAYS,2026-09-21,2205 - 15 Holmes Avenue
C13568198,2026-07-17 00:00:00,66 DAYS,2026-09-21,3706 - 9 Bogert Avenue
C13564726,2026-07-17 00:00:00,66 DAYS,2026-09-21,52 Grantbrook Street N
W13500224,2026-07-17 00:00:00,68 DAYS,2026-09-23,203 - 1111 Bough Beeches Boulevard
W13566240,2026-07-17 00:00:00,66 DAYS,2026-09-21,2 - 1270 Finch Avenue W
E13567224,2026-07-17 00:00:00,66 DAYS,2026-09-21,133 - 390 Silver Star Boulevard
W13575042,2026-07-17 00:00:00,73 DAYS,2026-09-28,77 Elma Street
E13567814,2026-07-17 00:00:00,66 DAYS,2026-09-21,1 & 2 - 1884 Queen Street E
W13566258,2026-07-17 00:00:00,66 DAYS,2026-09-21,2 - 1270 Finch Avenue W
C13566064,2026-07-17 00:00:00,66 DAYS,2026-09-21,25 Clarkhill Street
C13559990,2026-07-17 00:00:00,66 DAYS,2026-09-21,3402 - 2221 Yonge Street
W13564636,2026-07-17 00:00:00,66 DAYS,2026-09-21,1261 St.Clair Avenue W
W13567238,2026-07-17 00:00:00,66 DAYS,2026-09-21,610 - 1275 Finch Avenue W
C13570238,2026-07-18 00:00:00,65 DAYS,2026-09-21,1210 - 55 Harrison Garden Boulevard
C13570672,2026-07-18 00:00:00,65 DAYS,2026-09-21,607 - 503 Beecroft Road
C13571102,2026-07-18 00:00:00,65 DAYS,2026-09-21,245 Florence Avenue
E13569918,2026-07-18 00:00:00,65 DAYS,2026-09-21,105 - 2351 Kennedy Road
E13570702,2026-07-18 00:00:00,65 DAYS,2026-09-21,69 - 85 Ellesmere Road
C13571346,2026-07-18 00:00:00,65 DAYS,2026-09-21,39 Heathview Avenue
C13572974,2026-07-18 00:00:00,65 DAYS,2026-09-21,1520 - 28 Sommerset Way
W13503450,2026-07-18 00:00:00,67 DAYS,2026-09-23,190 - 1055 Dundas Street E
W13502830,2026-07-18 00:00:00,67 DAYS,2026-09-23,2505 - 70 Absolute Avenue
C13566092,2026-07-18 00:00:00,65 DAYS,2026-09-21,5 Westgrove Crescent
C13569798,2026-07-18 00:00:00,65 DAYS,2026-09-21,Ph 6 - 15 Maplewood Avenue
W13565780,2026-07-18 00:00:00,65 DAYS,2026-09-21,911 - 556 Marlee Avenue
C13569340,2026-07-18 00:00:00,65 DAYS,2026-09-21,906 - 101 Erskine Avenue
C13567128,2026-07-18 00:00:00,65 DAYS,2026-09-21,313 - 6 Parkwood Avenue
W13502268,2026-07-18 00:00:00,67 DAYS,2026-09-23,17 - 3525 Brandon Gate Drive
E13578556,2026-07-18 00:00:00,72 DAYS,2026-09-28,105 - 3686 St Clair Avenue E
E13575566,2026-07-18 00:00:00,72 DAYS,2026-09-28,18 Thatcher Avenue
W13578636,2026-07-18 00:00:00,73 DAYS,2026-09-29,184 - 2170 Bromsgrove Road
W13505452,2026-07-18 00:00:00,67 DAYS,2026-09-23,300 Canital Court
W13504590,2026-07-18 00:00:00,67 DAYS,2026-09-23,405 - 1155 Bough Beeches Boulevard
E13572250,2026-07-18 00:00:00,65 DAYS,2026-09-21,3541 St Clair Avenue E
C13579130,2026-07-19 00:00:00,64 DAYS,2026-09-21,504 - 23 Rean Drive
C13578876,2026-07-19 00:00:00,64 DAYS,2026-09-21,1907 - 18 Parkview Avenue
C13578640,2026-07-19 00:00:00,64 DAYS,2026-09-21,403 - 5785 Yonge Street
W13507114,2026-07-19 00:00:00,66 DAYS,2026-09-23,115 - 4185 Shipp Drive
E13577656,2026-07-19 00:00:00,64 DAYS,2026-09-21,B8C - 4227 Sheppard Avenue E
C13574566,2026-07-19 00:00:00,64 DAYS,2026-09-21,1307 - 18 Kenaston Gardens
C13575672,2026-07-19 00:00:00,64 DAYS,2026-09-21,416 Patricia Avenue
E13575232,2026-07-19 00:00:00,64 DAYS,2026-09-21,22 - 4465 Sheppard Avenue E
C13572114,2026-07-19 00:00:00,64 DAYS,2026-09-21,2902 - 127 Broadway Avenue
C13572246,2026-07-19 00:00:00,64 DAYS,2026-09-21,1812 - 98 Lillian Street
C13573274,2026-07-19 00:00:00,64 DAYS,2026-09-21,47 Soudan Avenue
W13506482,2026-07-19 00:00:00,66 DAYS,2026-09-23,3323 Jolliffe Avenue
W13507826,2026-07-19 00:00:00,66 DAYS,2026-09-23,7461 Netherwood Road
C13573442,2026-07-19 00:00:00,64 DAYS,2026-09-21,335 Lytton Boulevard
C13575934,2026-07-19 00:00:00,64 DAYS,2026-09-21,3 Legacy Court
C13577630,2026-07-19 00:00:00,64 DAYS,2026-09-21,105 Parkway Forest Drive
W13577716,2026-07-19 00:00:00,64 DAYS,2026-09-21,1627 Dupont Street
E13579158,2026-07-19 00:00:00,64 DAYS,2026-09-21,2 - 3025 Kennedy Road
E13579286,2026-07-19 00:00:00,64 DAYS,2026-09-21,1853 Lawrence Avenue
E13576766,2026-07-19 00:00:00,64 DAYS,2026-09-21,104 - 707 Kennedy Road
W13575852,2026-07-19 00:00:00,64 DAYS,2026-09-21,3 - 800 Petrolia Road
C13577384,2026-07-19 00:00:00,64 DAYS,2026-09-21,103 - 500 Wilson Avenue
W13507068,2026-07-19 00:00:00,66 DAYS,2026-09-23,3117 Joel Kerbel Place
W13538826,2026-07-19 00:00:00,66 DAYS,2026-09-23,27 & 28 - 5160 Explorer Drive
W13579012,2026-07-19 00:00:00,64 DAYS,2026-09-21,617 & 619 The Queensway
W13514760,2026-07-20 00:00:00,65 DAYS,2026-09-23,2402 - 60 Absolute Avenue
W13511708,2026-07-20 00:00:00,65 DAYS,2026-09-23,7279 Vernor Drive
W13512770,2026-07-20 00:00:00,65 DAYS,2026-09-23,1112 - 35 Trailwood Drive
W13580422,2026-07-20 00:00:00,63 DAYS,2026-09-21,6 - 4801 Steeles Avenue W
W13512926,2026-07-20 00:00:00,65 DAYS,2026-09-23,167 - 1055 Dundas Street E
W13501590,2026-07-20 00:00:00,65 DAYS,2026-09-23,1585 Coram Crescent
E13580196,2026-07-20 00:00:00,63 DAYS,2026-09-21,2043 Eglinton Avenue E
W13546100,2026-07-20 00:00:00,65 DAYS,2026-09-23,1465 Aerowood Drive
C13579838,2026-07-20 00:00:00,63 DAYS,2026-09-21,6 - 1410 Victoria Park Avenue
W13580600,2026-07-20 00:00:00,63 DAYS,2026-09-21,3 - 2270 Keele Street
C13579878,2026-07-20 00:00:00,63 DAYS,2026-09-21,2A - 861 York Mills Road
W13513790,2026-07-20 00:00:00,65 DAYS,2026-09-23,1301 - 90 Absolute Avenue
W13580258,2026-07-20 00:00:00,63 DAYS,2026-09-21,2185 Weston Road
C13579310,2026-07-20 00:00:00,63 DAYS,2026-09-21,2410 - 5500 Yonge Street
C13579572,2026-07-20 00:00:00,63 DAYS,2026-09-21,2709 - 5168 Yonge Street
C13580842,2026-07-20 00:00:00,63 DAYS,2026-09-21,708 - 11 Bogert Avenue Ne
W13551004,2026-07-21 00:00:00,64 DAYS,2026-09-23,2611 Drew Road
E13581808,2026-07-21 00:00:00,62 DAYS,2026-09-21,2 - 2359 Queen Street E
E13581442,2026-07-21 00:00:00,62 DAYS,2026-09-21,109A - 1571 Sandhurst Cir Circle
E13581304,2026-07-21 00:00:00,62 DAYS,2026-09-21,8 - 3160 Eglington Avenue E
W13518652,2026-07-21 00:00:00,64 DAYS,2026-09-23,7187 Darcel Avenue
W13519140,2026-07-21 00:00:00,64 DAYS,2026-09-23,2720 - 8 Nahani Way
W13519456,2026-07-21 00:00:00,64 DAYS,2026-09-23,2186 Harcourt Crescent
C13581582,2026-07-21 00:00:00,62 DAYS,2026-09-21,A3 - 220 Duncan Mill Road
C13581218,2026-07-21 00:00:00,62 DAYS,2026-09-21,39 Churchill Avenue
W13518496,2026-07-21 00:00:00,64 DAYS,2026-09-23,2708 - 8 Nahani Way
W13548766,2026-07-21 00:00:00,64 DAYS,2026-09-23,17 - 991 Matheson Boulevard E
W13547716,2026-07-21 00:00:00,64 DAYS,2026-09-23,49 Matheson Boulevard E
C13581224,2026-07-21 00:00:00,62 DAYS,2026-09-21,43 Churchill Avenue
C13585732,2026-07-22 00:00:00,61 DAYS,2026-09-21,651 - 3 Everson Drive
W13584190,2026-07-22 00:00:00,61 DAYS,2026-09-21,6 - 1270 Finch Avenue W
E13585440,2026-07-22 00:00:00,61 DAYS,2026-09-21,106 - 110 - 390 Silver Star Boulevard
E13585282,2026-07-22 00:00:00,61 DAYS,2026-09-21,1048 Kingston Road
C13583490,2026-07-22 00:00:00,61 DAYS,2026-09-21,2 - 1871 O'Connor Drive
W13584094,2026-07-22 00:00:00,61 DAYS,2026-09-21,1615 Weston Road
E13583426,2026-07-22 00:00:00,61 DAYS,2026-09-21,1077 Midland Avenue
E13588002,2026-07-22 00:00:00,68 DAYS,2026-09-28,2461 Kingston Road
E13586186,2026-07-22 00:00:00,61 DAYS,2026-09-21,127 Lebovic Avenue
C13583776,2026-07-22 00:00:00,61 DAYS,2026-09-21,46 Palomino Crescent
C13585344,2026-07-22 00:00:00,61 DAYS,2026-09-21,315 - 676 Sheppard Avenue E
E13582626,2026-07-22 00:00:00,61 DAYS,2026-09-21,2435 Kingston Road
E13583178,2026-07-22 00:00:00,61 DAYS,2026-09-21,A - 2222 Queen Street E
C13582112,2026-07-22 00:00:00,61 DAYS,2026-09-21,2815 - 153 Beecroft Road
C13583286,2026-07-22 00:00:00,61 DAYS,2026-09-21,392 Eglinton Avenue W
W13521590,2026-07-22 00:00:00,63 DAYS,2026-09-23,525 Driftcurrent Drive
C13587292,2026-07-23 00:00:00,60 DAYS,2026-09-21,"111, 210, 211 - 52 Scarsdale Road"
E13589880,2026-07-23 00:00:00,60 DAYS,2026-09-21,4245 Sheppard Avenue
C13591698,2026-07-23 00:00:00,60 DAYS,2026-09-21,2Nd Floor - 4905 Yonge Street
C13589772,2026-07-23 00:00:00,60 DAYS,2026-09-21,147 Norton Avenue
C13588146,2026-07-23 00:00:00,60 DAYS,2026-09-21,317 - 120 Harrison Garden Boulevard
C13588054,2026-07-23 00:00:00,60 DAYS,2026-09-21,2008 - 2 Rean Drive
C13594830,2026-07-23 00:00:00,60 DAYS,2026-09-21,124 Willowdale Avenue
C13587106,2026-07-23 00:00:00,60 DAYS,2026-09-21,808 - 4978 Yonge Street
C13586526,2026-07-23 00:00:00,60 DAYS,2026-09-21,703 - 181 Sheppard Avenue E
C13586106,2026-07-23 00:00:00,60 DAYS,2026-09-21,403 - 650 Sheppard Avenue E
C13589654,2026-07-23 00:00:00,60 DAYS,2026-09-21,503-515 - 130 Queens Quay E
C13589460,2026-07-23 00:00:00,60 DAYS,2026-09-21,511-515 - 130 Queens Quay E
C13589468,2026-07-23 00:00:00,60 DAYS,2026-09-21,503-509 - 130 Queens Quay E
C13582792,2026-07-23 00:00:00,60 DAYS,2026-09-21,1089 Mt Pleasant Road
C13584818,2026-07-23 00:00:00,60 DAYS,2026-09-21,204 - 68 Merton Street
W13554526,2026-07-23 00:00:00,62 DAYS,2026-09-23,1151 Eglinton Avenue E
C13585062,2026-07-23 00:00:00,60 DAYS,2026-09-21,1009 - 398 Eglinton Avenue E
C13584830,2026-07-23 00:00:00,60 DAYS,2026-09-21,208A Merton Street
C13586448,2026-07-23 00:00:00,60 DAYS,2026-09-21,2207 - 117 Broadway Avenue
C13594664,2026-07-24 00:00:00,59 DAYS,2026-09-21,516 - 130 Queens Quay
E13592262,2026-07-24 00:00:00,59 DAYS,2026-09-21,75 Nashdene Road
C13598310,2026-07-24 00:00:00,59 DAYS,2026-09-21,180-184 Willowdale Avenue
E13593850,2026-07-24 00:00:00,59 DAYS,2026-09-21,76 Kingston Road
C13591474,2026-07-24 00:00:00,59 DAYS,2026-09-21,513 - 19 Barberry Place
E13599414,2026-07-24 00:00:00,66 DAYS,2026-09-28,1 - 7 Brimley Road S
E13594820,2026-07-24 00:00:00,59 DAYS,2026-09-21,1200 Tapscott Road
W13602580,2026-07-24 00:00:00,67 DAYS,2026-09-29,1282 Daimler Road
W13600108,2026-07-24 00:00:00,67 DAYS,2026-09-29,370 Meadow Wood Lane
C13594094,2026-07-24 00:00:00,59 DAYS,2026-09-21,4218 - 5 Sheppard Avenue E
C13594242,2026-07-24 00:00:00,59 DAYS,2026-09-21,33 Bevdale Road
C13594338,2026-07-24 00:00:00,59 DAYS,2026-09-21,24 Abbotsford Road
W13556374,2026-07-24 00:00:00,61 DAYS,2026-09-23,205 - 2601 Matheson Boulevard E
E13593938,2026-07-24 00:00:00,59 DAYS,2026-09-21,16 - 1960 Ellesmere Road
C13594880,2026-07-24 00:00:00,59 DAYS,2026-09-21,515 - 153 Beecroft Road
C13596134,2026-07-25 00:00:00,58 DAYS,2026-09-21,2615 - 35 Hollywood Avenue
W13530332,2026-07-25 00:00:00,60 DAYS,2026-09-23,28 - 4950 Albina Way
W13529600,2026-07-25 00:00:00,60 DAYS,2026-09-23,7496 Redstone Road
W13603696,2026-07-25 00:00:00,65 DAYS,2026-09-28,70 Lake Shore Drive
W13531792,2026-07-25 00:00:00,60 DAYS,2026-09-23,768 Duchess Drive
W13531104,2026-07-25 00:00:00,60 DAYS,2026-09-23,938 Wetherby Lane
W13599686,2026-07-25 00:00:00,58 DAYS,2026-09-21,1188 Weston Road
C13599494,2026-07-25 00:00:00,58 DAYS,2026-09-21,2226 - 500 Doris Avenue
C13599298,2026-07-25 00:00:00,58 DAYS,2026-09-21,29 Heathview Avenue
C13598372,2026-07-25 00:00:00,58 DAYS,2026-09-21,102 - 3 Duplex Avenue
W13605634,2026-07-25 00:00:00,66 DAYS,2026-09-29,1726 The Pines
C13595022,2026-07-25 00:00:00,58 DAYS,2026-09-21,658 Vaughan Road
E13599364,2026-07-25 00:00:00,58 DAYS,2026-09-21,122 Manville Road
W13529764,2026-07-25 00:00:00,60 DAYS,2026-09-23,7170 Goreway Drive
C13600710,2026-07-25 00:00:00,58 DAYS,2026-09-21,23 - 15 Northtown Way
C13598504,2026-07-25 00:00:00,58 DAYS,2026-09-21,401 - 21 Clairtrell Road
E13595914,2026-07-25 00:00:00,58 DAYS,2026-09-21,A205&A206 - 4211 Sheppard Avenue E
C13597588,2026-07-25 00:00:00,58 DAYS,2026-09-21,267 Empress Avenue
W13597238,2026-07-25 00:00:00,58 DAYS,2026-09-21,475D Rogers Road
W13599178,2026-07-25 00:00:00,58 DAYS,2026-09-21,105 - 19 Woodbine Downs Boulevard
C13593230,2026-07-25 00:00:00,58 DAYS,2026-09-21,1601 - 185 Roehampton Avenue S
W13532460,2026-07-25 00:00:00,60 DAYS,2026-09-23,3302 Cardross Road
C13597034,2026-07-25 00:00:00,58 DAYS,2026-09-21,36A Doverwood Court
C13596896,2026-07-25 00:00:00,58 DAYS,2026-09-21,2117 - 4955 Yonge Street
C13596094,2026-07-25 00:00:00,58 DAYS,2026-09-21,6309 Yonge Street
C13602150,2026-07-25 00:00:00,58 DAYS,2026-09-21,4854 Yonge Street
C13602578,2026-07-26 00:00:00,57 DAYS,2026-09-21,57 Sumner Heights Drive
C13600792,2026-07-26 00:00:00,57 DAYS,2026-09-21,92 Caines Avenue
W13534898,2026-07-26 00:00:00,59 DAYS,2026-09-23,1577 Otterby Road
W13538902,2026-07-26 00:00:00,59 DAYS,2026-09-23,902 - 3065 Queen Frederica Drive
C13603166,2026-07-26 00:00:00,57 DAYS,2026-09-21,404 - 8 Kingsbridge Court
C13604326,2026-07-26 00:00:00,57 DAYS,2026-09-21,635 Mount Pleasant Road
C13600654,2026-07-26 00:00:00,57 DAYS,2026-09-21,1705 - 21 Hillcrest Avenue
C13601184,2026-07-26 00:00:00,57 DAYS,2026-09-21,Ph07 - 20 Olive Avenue
E13602088,2026-07-26 00:00:00,57 DAYS,2026-09-21,478 Cosburn Avenue
W13603956,2026-07-26 00:00:00,57 DAYS,2026-09-21,640 Wilson Avenue S
C13599220,2026-07-26 00:00:00,57 DAYS,2026-09-21,701 - 33 Helendale Avenue
W13537750,2026-07-26 00:00:00,59 DAYS,2026-09-23,3320 - 8 Nahani Way
W13602416,2026-07-26 00:00:00,57 DAYS,2026-09-21,371 Roncesvalles Avenue
C13599654,2026-07-26 00:00:00,57 DAYS,2026-09-21,258 Cortleigh Boulevard
C13599294,2026-07-26 00:00:00,57 DAYS,2026-09-21,201 Rosemary Road
C13597204,2026-07-26 00:00:00,57 DAYS,2026-09-21,603 - 60 Montclair Avenue
W13544232,2026-07-27 00:00:00,58 DAYS,2026-09-23,3103 - 5081 Hurontario Street
C13605898,2026-07-27 00:00:00,56 DAYS,2026-09-21,221 - 31 Olive Avenue
C13604574,2026-07-27 00:00:00,56 DAYS,2026-09-21,2204 - 89 Church Street
W13540590,2026-07-27 00:00:00,58 DAYS,2026-09-23,35 - 455 Apache Court
40851109,2026-07-27 00:00:00,64 DAYS,2026-09-29,2001 Bonnymede Drive Unit# 119
W13542888,2026-07-27 00:00:00,58 DAYS,2026-09-23,1108 - 1615 Bloor Street
C13603664,2026-07-27 00:00:00,56 DAYS,2026-09-21,4705 - 89 Church Street
C13603996,2026-07-27 00:00:00,56 DAYS,2026-09-21,39 Burton Road
C13602650,2026-07-27 00:00:00,56 DAYS,2026-09-21,909 - 205 Frederick Street
W13607236,2026-07-27 00:00:00,63 DAYS,2026-09-28,2 - 2814 Lakeshore Boulevard W
W13607550,2026-07-27 00:00:00,64 DAYS,2026-09-29,927 Ingersoll Court
C13601274,2026-07-27 00:00:00,56 DAYS,2026-09-21,910 - 2191 Yonge Street
C13603828,2026-07-27 00:00:00,56 DAYS,2026-09-21,327 - 900 Mount Pleasant Road
W13608048,2026-07-27 00:00:00,64 DAYS,2026-09-29,119 - 2001 Bonnymede Drive
W13541872,2026-07-27 00:00:00,58 DAYS,2026-09-23,4403 - 60 Absolute Avenue
W13605076,2026-07-27 00:00:00,56 DAYS,2026-09-21,2400 Bloor Street W
C13605172,2026-07-27 00:00:00,56 DAYS,2026-09-21,1015 - 4968 Yonge Street
W13542664,2026-07-27 00:00:00,58 DAYS,2026-09-23,4002 Brandon Gate Drive
W13542556,2026-07-27 00:00:00,58 DAYS,2026-09-23,4229 Brandon Gate Drive
W13541590,2026-07-27 00:00:00,58 DAYS,2026-09-23,3766 Darla Drive E
E13605210,2026-07-27 00:00:00,56 DAYS,2026-09-21,1756 Lawrence Avenue E
W13541256,2026-07-27 00:00:00,58 DAYS,2026-09-23,2107 - 90 Absolute Avenue
W13578230,2026-07-28 00:00:00,57 DAYS,2026-09-23,318 - 2560 Matheson Boulevard E
W13548594,2026-07-28 00:00:00,57 DAYS,2026-09-23,3694 Brandon Gate Drive
C13608654,2026-07-28 00:00:00,55 DAYS,2026-09-21,816 - 4789 Yonge Street
C13606224,2026-07-28 00:00:00,55 DAYS,2026-09-21,Ph33 - 47 Lower River Street
C13606784,2026-07-28 00:00:00,55 DAYS,2026-09-21,2511 - 31 Bales Avenue
C13609990,2026-07-28 00:00:00,55 DAYS,2026-09-21,606 - 4789 Yonge Street
W13531148,2026-07-28 00:00:00,57 DAYS,2026-09-23,1563 Brentano Boulevard
W13546330,2026-07-28 00:00:00,57 DAYS,2026-09-23,5Th Ave West Unit #21 - 1749 Dundas Street E
W13606734,2026-07-28 00:00:00,55 DAYS,2026-09-21,2840 Dundas Street W
W13546628,2026-07-28 00:00:00,57 DAYS,2026-09-23,7305 Redstone Road
W13612228,2026-07-28 00:00:00,63 DAYS,2026-09-29,1605 - 1035 Southdown Road
E13606908,2026-07-28 00:00:00,55 DAYS,2026-09-21,1732 Lawrence Avenue E
W13531280,2026-07-28 00:00:00,57 DAYS,2026-09-23,1747 Coram Crescent
C13609922,2026-07-29 00:00:00,54 DAYS,2026-09-21,2909 - 5180 Yonge Street
C13608746,2026-07-29 00:00:00,54 DAYS,2026-09-21,1215 - 75 Canterbury Place
C13607274,2026-07-29 00:00:00,54 DAYS,2026-09-21,Th1 - 500 Doris Avenue
C13609512,2026-07-29 00:00:00,54 DAYS,2026-09-21,101 - 17 Ruddington Drive
W13552296,2026-07-29 00:00:00,56 DAYS,2026-09-23,5531 Whistler Crescent
C13608074,2026-07-29 00:00:00,54 DAYS,2026-09-21,712 - 18 Kenaston Gardens
C13608172,2026-07-29 00:00:00,54 DAYS,2026-09-21,64 Yorkminster Road
C13608422,2026-07-29 00:00:00,54 DAYS,2026-09-21,276 Greenfield Avenue
C13608512,2026-07-29 00:00:00,54 DAYS,2026-09-21,1102 - 18 Holmes Avenue
C13609072,2026-07-29 00:00:00,54 DAYS,2026-09-21,804 Eglinton Avenue E
C13607316,2026-07-29 00:00:00,54 DAYS,2026-09-21,1-3 - 3355 Steeles Avenue E
W13540752,2026-07-29 00:00:00,56 DAYS,2026-09-23,1892 Beechknoll Avenue
C13611850,2026-07-29 00:00:00,54 DAYS,2026-09-21,1208 - 4789 Yonge Street
W13611048,2026-07-29 00:00:00,54 DAYS,2026-09-21,1600 Eglinton Avenue W
W13609614,2026-07-29 00:00:00,54 DAYS,2026-09-21,6 - 3391 Bloor Street W
E13610496,2026-07-29 00:00:00,54 DAYS,2026-09-21,A118 - 41 Lebovic Avenue
C13606608,2026-07-29 00:00:00,54 DAYS,2026-09-21,1205 - 403 Church Street
C13606626,2026-07-29 00:00:00,54 DAYS,2026-09-21,318 Sumach Street
C13608610,2026-07-29 00:00:00,54 DAYS,2026-09-21,2823 Bathurst Street
W13609934,2026-07-29 00:00:00,54 DAYS,2026-09-21,1285A St. Clair Avenue
W13608958,2026-07-29 00:00:00,54 DAYS,2026-09-21,105 - 2323 Bloor Street W
C13607238,2026-07-29 00:00:00,54 DAYS,2026-09-21,615 - 320 Richmond Street E
C13608600,2026-07-29 00:00:00,54 DAYS,2026-09-21,2823 Bathurst Street
W13607492,2026-07-29 00:00:00,54 DAYS,2026-09-21,5 - 3220 Dufferin Street
W13610734,2026-07-29 00:00:00,54 DAYS,2026-09-21,125 - 996 Martin Grove Road
W13551278,2026-07-29 00:00:00,56 DAYS,2026-09-23,46 - 7115 Rexwood Road
W13551676,2026-07-29 00:00:00,56 DAYS,2026-09-23,3847 Morning Star Drive
W13552104,2026-07-29 00:00:00,56 DAYS,2026-09-23,3602 Dunrankin Drive
W13608484,2026-07-29 00:00:00,54 DAYS,2026-09-21,16 Satterly Road
W13620336,2026-07-30 00:00:00,61 DAYS,2026-09-29,2694 Truscott Drive
W13546410,2026-07-30 00:00:00,55 DAYS,2026-09-23,1883 Bough Beeches Boulevard
C13613330,2026-07-30 00:00:00,53 DAYS,2026-09-21,290 Empress Avenue
C13611710,2026-07-30 00:00:00,53 DAYS,2026-09-21,58 Johnston Avenue
C13611682,2026-07-30 00:00:00,53 DAYS,2026-09-21,99 Sheppard Avenue E
W13614768,2026-07-30 00:00:00,53 DAYS,2026-09-21,325 - 996 Martin Grove Road
C13611310,2026-07-30 00:00:00,53 DAYS,2026-09-21,1909 - 5791 Yonge Street
W13614282,2026-07-30 00:00:00,53 DAYS,2026-09-21,311 - 996 Martin Grove Road
E13612948,2026-07-30 00:00:00,53 DAYS,2026-09-21,67 - 300 Borough Drive
C13610724,2026-07-30 00:00:00,53 DAYS,2026-09-21,1625 - 233 Beecroft Road
E13610818,2026-07-30 00:00:00,53 DAYS,2026-09-21,154-156 Main Street
W13612014,2026-07-30 00:00:00,53 DAYS,2026-09-21,311 - 1275 Finch Avenue W
W13611840,2026-07-30 00:00:00,53 DAYS,2026-09-21,16 - 37 Kodiak Crescent
W13614382,2026-07-30 00:00:00,53 DAYS,2026-09-21,312 - 996 Martin Grove Road
C13611452,2026-07-30 00:00:00,53 DAYS,2026-09-21,105 - 29 Pemberton Avenue
E13608410,2026-07-30 00:00:00,53 DAYS,2026-09-21,821 Craven Road
C13610738,2026-07-30 00:00:00,53 DAYS,2026-09-21,1416 - 255 Richmond Street E
C13607842,2026-07-30 00:00:00,53 DAYS,2026-09-21,2403 - 10 Oak Street
W13613042,2026-07-30 00:00:00,53 DAYS,2026-09-21,848-850 Wilson Avenue
W13613142,2026-07-30 00:00:00,53 DAYS,2026-09-21,852-854 Wilson Avenue
C13608924,2026-07-30 00:00:00,53 DAYS,2026-09-21,202 Forest Hill Road
E13612402,2026-07-30 00:00:00,53 DAYS,2026-09-21,458 Dawes Road
W13582106,2026-07-30 00:00:00,55 DAYS,2026-09-23,5435 Maingate Drive
C13607334,2026-07-30 00:00:00,53 DAYS,2026-09-21,618 - 158 Front Street E
C13609480,2026-07-30 00:00:00,53 DAYS,2026-09-21,1704 - 212 Eglinton Avenue E
C13607338,2026-07-30 00:00:00,53 DAYS,2026-09-21,2202 - 89 Dunfield Avenue
C13611200,2026-07-30 00:00:00,53 DAYS,2026-09-21,1109 - 4955 Yonge Street
C13608942,2026-07-30 00:00:00,53 DAYS,2026-09-21,813 - 308 Jarvis Street
C13609336,2026-07-30 00:00:00,53 DAYS,2026-09-21,3002 - 210 Victoria Street
C13614518,2026-07-30 00:00:00,53 DAYS,2026-09-21,187 Patricia Avenue
C13611222,2026-07-30 00:00:00,53 DAYS,2026-09-21,401 - 39 Pemberton Avenue
C13613900,2026-07-30 00:00:00,53 DAYS,2026-09-21,1019 - 80 Harrison Garden Boulevard
C13613674,2026-07-30 00:00:00,53 DAYS,2026-09-21,37 Johnston Avenue
C13616328,2026-07-31 00:00:00,52 DAYS,2026-09-21,306 - 5791 Yonge Street
E13618040,2026-07-31 00:00:00,52 DAYS,2026-09-21,105 & 106 - 777 Warden Avenue
W13583616,2026-07-31 00:00:00,54 DAYS,2026-09-23,240 Brunel Road
C13615978,2026-07-31 00:00:00,52 DAYS,2026-09-21,11 Elynhill Drive
E13618034,2026-07-31 00:00:00,52 DAYS,2026-09-21,102 & 102A - 777 Warden Avenue
W13550396,2026-07-31 00:00:00,54 DAYS,2026-09-23,793 Netherton Crescent
W13551758,2026-07-31 00:00:00,54 DAYS,2026-09-23,3500 Silverplains Drive
C13615660,2026-07-31 00:00:00,52 DAYS,2026-09-21,Lph208 - 5162 Yonge Street
E13618030,2026-07-31 00:00:00,52 DAYS,2026-09-21,102A - 777 Warden Avenue
E13618024,2026-07-31 00:00:00,52 DAYS,2026-09-21,101A & 102A - 777 Warden Avenue
C13614806,2026-07-31 00:00:00,52 DAYS,2026-09-21,103 Burndale Avenue
E13618014,2026-07-31 00:00:00,52 DAYS,2026-09-21,"101 & 101A, 102 & 102A - 777 Warden Avenue"
W13617816,2026-07-31 00:00:00,52 DAYS,2026-09-21,327 - 996 Martin Grove Road
W13615554,2026-07-31 00:00:00,52 DAYS,2026-09-21,514A Evans Avenue
C13618998,2026-07-31 00:00:00,52 DAYS,2026-09-21,609 - 220 Duncan Mill Road
E13616012,2026-07-31 00:00:00,52 DAYS,2026-09-21,2162 Danforth Avenue
W13615908,2026-07-31 00:00:00,52 DAYS,2026-09-21,405 Jane Street
W13618104,2026-07-31 00:00:00,52 DAYS,2026-09-21,3513 Dundas Street W
C13615310,2026-07-31 00:00:00,52 DAYS,2026-09-21,2609 - 365 Church Street
C13615104,2026-07-31 00:00:00,52 DAYS,2026-09-21,241 Milan Street
C13615116,2026-07-31 00:00:00,52 DAYS,2026-09-21,239B Milan Street
C13615122,2026-07-31 00:00:00,52 DAYS,2026-09-21,239A Milan Street
C13612242,2026-07-31 00:00:00,52 DAYS,2026-09-21,304 - 625 Avenue Road
W13617424,2026-07-31 00:00:00,52 DAYS,2026-09-21,218 - 996 Martin Grove Road
C13615034,2026-07-31 00:00:00,52 DAYS,2026-09-21,238A Berkeley Street
C13615028,2026-07-31 00:00:00,52 DAYS,2026-09-21,238 Berkeley Street
C13612320,2026-07-31 00:00:00,52 DAYS,2026-09-21,1115 - 320 Richmond Street E
C13612024,2026-07-31 00:00:00,52 DAYS,2026-09-21,731 - 77 Shuter Street
W13555106,2026-07-31 00:00:00,54 DAYS,2026-09-23,2804 - 60 Absolute Avenue
W13556202,2026-07-31 00:00:00,54 DAYS,2026-09-23,2605 - 90 Absolute Avenue
W13621930,2026-07-31 00:00:00,60 DAYS,2026-09-29,508 - 1271 Walden Circle
W13625680,2026-07-31 00:00:00,60 DAYS,2026-09-29,354 Country Club Crescent
W13557060,2026-07-31 00:00:00,54 DAYS,2026-09-23,82 - 1624 Bloor Street
W13557326,2026-07-31 00:00:00,54 DAYS,2026-09-23,56 - 1221 Dundix Road
E13618018,2026-07-31 00:00:00,52 DAYS,2026-09-21,105 - 777 Warden Avenue
W13618304,2026-07-31 00:00:00,52 DAYS,2026-09-21,217 - 996 Martin Grove Road
C13615056,2026-07-31 00:00:00,52 DAYS,2026-09-21,240 Berkeley Street
W13619158,2026-08-01 00:00:00,51 DAYS,2026-09-21,97 Livingstone Avenue
W13626768,2026-08-01 00:00:00,58 DAYS,2026-09-28,207 - 2087 Lake Shore Boulevard
C13620868,2026-08-01 00:00:00,51 DAYS,2026-09-21,Upper - 6 Eglinton Avenue E
E13623448,2026-08-01 00:00:00,51 DAYS,2026-09-21,8A - 2410 Midland Avenue
W13553398,2026-08-01 00:00:00,53 DAYS,2026-09-23,4343 Alta Court
E13622566,2026-08-01 00:00:00,51 DAYS,2026-09-21,Unit 1 - 445 Milner Avenue
E13622572,2026-08-01 00:00:00,51 DAYS,2026-09-21,62 Novopharm Court
E13621708,2026-08-01 00:00:00,51 DAYS,2026-09-21,598 Danforth Road
W13560974,2026-08-01 00:00:00,53 DAYS,2026-09-23,905 - 3065 Queen Frederica Drive
W13562440,2026-08-01 00:00:00,53 DAYS,2026-09-23,Ph7 - 4235 Sherwoodtowne Boulevard
C13618360,2026-08-01 00:00:00,51 DAYS,2026-09-21,2306 - 100 Queen Street E
C13618348,2026-08-01 00:00:00,51 DAYS,2026-09-21,4604 - 89 Church Street
C13619112,2026-08-01 00:00:00,51 DAYS,2026-09-21,139 Dunvegan Road
E13627624,2026-08-01 00:00:00,58 DAYS,2026-09-28,75 Brooklawn Avenue
E13627664,2026-08-01 00:00:00,58 DAYS,2026-09-28,81 Brooklawn Avenue
E13627652,2026-08-01 00:00:00,58 DAYS,2026-09-28,79 Brooklawn Avenue
W13621976,2026-08-01 00:00:00,51 DAYS,2026-09-21,2584 Finch Avenue W
C13618344,2026-08-01 00:00:00,51 DAYS,2026-09-21,4806 - 89 Church Street
W13623296,2026-08-01 00:00:00,51 DAYS,2026-09-21,8 Six Point Road
C13623048,2026-08-01 00:00:00,51 DAYS,2026-09-21,204 - 4841 Yonge Street
W13587800,2026-08-01 00:00:00,53 DAYS,2026-09-23,2B12 - 7215 Goreway Drive
W13587794,2026-08-01 00:00:00,53 DAYS,2026-09-23,2B11 - 7215 Goreway Drive
W13587824,2026-08-01 00:00:00,53 DAYS,2026-09-23,2B16 - 7215 Goreway Drive
W13589010,2026-08-01 00:00:00,53 DAYS,2026-09-23,2B09 - 7215 Goreway Drive
W13588998,2026-08-01 00:00:00,53 DAYS,2026-09-23,2B08 - 7215 Goreway Drive
C13615852,2026-08-01 00:00:00,51 DAYS,2026-09-21,34 Winchester Street
C13616524,2026-08-01 00:00:00,51 DAYS,2026-09-21,Ph2 - 28 Linden Street
C13616844,2026-08-01 00:00:00,51 DAYS,2026-09-21,1617 - 85 Wood Street
C13617658,2026-08-01 00:00:00,51 DAYS,2026-09-21,3006 - 575 Bloor Street E
C13618704,2026-08-01 00:00:00,51 DAYS,2026-09-21,2002 - 403 Church Street
C13616544,2026-08-01 00:00:00,51 DAYS,2026-09-21,221 Grandview Way
E13627670,2026-08-01 00:00:00,58 DAYS,2026-09-28,83 Brooklawn Avenue
W13588994,2026-08-01 00:00:00,53 DAYS,2026-09-23,2B07 - 7215 Goreway Drive
C13622384,2026-08-01 00:00:00,51 DAYS,2026-09-21,6307 Yonge Street
C13619334,2026-08-01 00:00:00,51 DAYS,2026-09-21,Uph 03 - 8 Rean Drive
C13622680,2026-08-01 00:00:00,51 DAYS,2026-09-21,13 Tippett Road
C13618662,2026-08-01 00:00:00,51 DAYS,2026-09-21,305 Pleasant Avenue
C13615192,2026-08-01 00:00:00,51 DAYS,2026-09-21,506 - 2221 Yonge Street
C13616194,2026-08-01 00:00:00,51 DAYS,2026-09-21,2315 - 70 Roehampton Avenue
E13627638,2026-08-01 00:00:00,58 DAYS,2026-09-28,77 Brooklawn Avenue
C13617468,2026-08-01 00:00:00,51 DAYS,2026-09-21,416 - 111 St Clair Avenue W
C13618570,2026-08-01 00:00:00,51 DAYS,2026-09-21,304 Roselawn Avenue
C13616760,2026-08-01 00:00:00,51 DAYS,2026-09-21,501 - 11 Lillian Street
C13619924,2026-08-02 00:00:00,50 DAYS,2026-09-21,225 Olive Avenue S
C13619866,2026-08-02 00:00:00,50 DAYS,2026-09-21,1608 - 5949 Yonge Street
W13629344,2026-08-02 00:00:00,57 DAYS,2026-09-28,3 - 45 Woodbine Downs Boulevard
W13595908,2026-08-02 00:00:00,52 DAYS,2026-09-23,9 - 3615 Dixie Road
W13625770,2026-08-02 00:00:00,50 DAYS,2026-09-21,#7 - 20 Claireport Crescent
E13626508,2026-08-02 00:00:00,50 DAYS,2026-09-21,N212/214/215/216/217 - 880 Ellesmere Road
W13625752,2026-08-02 00:00:00,50 DAYS,2026-09-21,#7 - 20 Claireport Crescent
W13629006,2026-08-02 00:00:00,57 DAYS,2026-09-28,903 - 40 Panorama Court
C13623178,2026-08-02 00:00:00,50 DAYS,2026-09-21,63 - 27 Eldora Avenue
W13563716,2026-08-02 00:00:00,52 DAYS,2026-09-23,5453 Middleport Crescent
C13622714,2026-08-02 00:00:00,50 DAYS,2026-09-21,509 - 1 Avondale Avenue
C13621512,2026-08-02 00:00:00,50 DAYS,2026-09-21,408 - 660 Eglinton Avenue W
C13622342,2026-08-02 00:00:00,50 DAYS,2026-09-21,408 - 311 Richmond Street
C13619666,2026-08-02 00:00:00,50 DAYS,2026-09-21,1243 - 135 Lower Sherbourne Street
C13620428,2026-08-02 00:00:00,50 DAYS,2026-09-21,505 - 39 Roehampton Avenue
C13620656,2026-08-02 00:00:00,50 DAYS,2026-09-21,610 - 8 Manor Road W
W13564742,2026-08-02 00:00:00,52 DAYS,2026-09-23,801 - 1615 Bloor Street
W13564808,2026-08-02 00:00:00,52 DAYS,2026-09-23,1007 - 1359 Rathburn Road E
C13624234,2026-08-02 00:00:00,50 DAYS,2026-09-21,4B - 3040 Don Mills Road
E13621240,2026-08-02 00:00:00,50 DAYS,2026-09-21,402 Rhodes Avenue
W13564088,2026-08-02 00:00:00,52 DAYS,2026-09-23,2607 - 80 Absolute Avenue
W13567258,2026-08-02 00:00:00,52 DAYS,2026-09-23,1302 - 50 Absolute Avenue
E13624300,2026-08-02 00:00:00,50 DAYS,2026-09-21,66 Novopharm Court
W13567600,2026-08-02 00:00:00,52 DAYS,2026-09-23,1510 - 80 Absolute Avenue
W13592978,2026-08-02 00:00:00,52 DAYS,2026-09-23,8 & 9 - 1200 Aimco Boulevard
C13620464,2026-08-02 00:00:00,50 DAYS,2026-09-21,503 - 100 Canyon Avenue
E13624122,2026-08-02 00:00:00,50 DAYS,2026-09-21,3250 Midland Avenue
W13626630,2026-08-02 00:00:00,50 DAYS,2026-09-21,40 Claireville Drive
W13592984,2026-08-02 00:00:00,52 DAYS,2026-09-23,9 - 1200 Aimco Boulevard
W13624890,2026-08-02 00:00:00,50 DAYS,2026-09-21,1444 Dupont Street
C13619914,2026-08-02 00:00:00,50 DAYS,2026-09-21,9 Calderon Crescent
C13623400,2026-08-02 00:00:00,50 DAYS,2026-09-21,705 - 5793 Yonge Street
C13621000,2026-08-02 00:00:00,50 DAYS,2026-09-21,903 - 28 Pemberton Avenue
C13621950,2026-08-02 00:00:00,50 DAYS,2026-09-21,2009 - 4978 Yonge Street
C13621266,2026-08-02 00:00:00,50 DAYS,2026-09-21,402 - 18 Pemberton Avenue
C13622046,2026-08-02 00:00:00,50 DAYS,2026-09-21,1716 - 28 Sommerset Way
E13626482,2026-08-03 00:00:00,49 DAYS,2026-09-21,303 - 1285 Queen Street E
E13625154,2026-08-03 00:00:00,49 DAYS,2026-09-21,244 - 201 Carlaw Avenue
C13626946,2026-08-03 00:00:00,49 DAYS,2026-09-21,481A Oakwood Avenue
C13630222,2026-08-03 00:00:00,49 DAYS,2026-09-21,168 Sheppard Avenue W
C13625356,2026-08-03 00:00:00,49 DAYS,2026-09-21,2010 - 100 Queen Street E
W13572458,2026-08-03 00:00:00,51 DAYS,2026-09-23,301 - 220 Forum Drive
40848709,2026-08-03 00:00:00,51 DAYS,2026-09-23,220 Forum Drive Unit# 301
E13628990,2026-08-03 00:00:00,49 DAYS,2026-09-21,312 O'Connor Drive
W13571914,2026-08-03 00:00:00,51 DAYS,2026-09-23,5550 Middleport Crescent N
W13571638,2026-08-03 00:00:00,51 DAYS,2026-09-23,103 - 220 Forum Drive
E13629628,2026-08-03 00:00:00,49 DAYS,2026-09-21,9 & 10 - 371 Old Kingston Road
W13569386,2026-08-03 00:00:00,51 DAYS,2026-09-23,17 Andrika Court
W13555796,2026-08-03 00:00:00,51 DAYS,2026-09-23,3027 Coral Drive
W13573400,2026-08-03 00:00:00,51 DAYS,2026-09-23,199 Chalfield Lane
W13597342,2026-08-03 00:00:00,51 DAYS,2026-09-23,12A - 1200 Aerowood Drive
W13569268,2026-08-03 00:00:00,51 DAYS,2026-09-23,3145 Mallbridge Crescent
C13623612,2026-08-03 00:00:00,49 DAYS,2026-09-21,16 Connaught Avenue
C13623670,2026-08-03 00:00:00,49 DAYS,2026-09-21,12 Connaught Avenue
C13624374,2026-08-03 00:00:00,49 DAYS,2026-09-21,1609 - 4955 Yonge Street
C13625200,2026-08-03 00:00:00,49 DAYS,2026-09-21,706 - 7 Lorraine Drive
C13626000,2026-08-03 00:00:00,49 DAYS,2026-09-21,1105 - 5949 Yonge Street
C13627154,2026-08-03 00:00:00,49 DAYS,2026-09-21,2011 - 23 Sheppard Avenue E
C13627472,2026-08-03 00:00:00,49 DAYS,2026-09-21,1029 - 2885 Bayview Avenue
C13627322,2026-08-03 00:00:00,49 DAYS,2026-09-21,1120 - 28 Sommerset Way
C13623752,2026-08-03 00:00:00,49 DAYS,2026-09-21,233 - 161 Roehampton Avenue
W13571446,2026-08-03 00:00:00,51 DAYS,2026-09-23,1007 - 3025 Queen Frederica Drive
W13575838,2026-08-04 00:00:00,50 DAYS,2026-09-23,Lph8 - 50 Absolute Avenue
C13629034,2026-08-04 00:00:00,48 DAYS,2026-09-21,21 Farrell Avenue
E13628958,2026-08-04 00:00:00,48 DAYS,2026-09-21,417 Leslie Street
C13627948,2026-08-04 00:00:00,48 DAYS,2026-09-21,105 - 11 Everson Drive
C13628836,2026-08-04 00:00:00,48 DAYS,2026-09-21,1711 - 8 Eglinton Avenue E
C13623146,2026-08-04 00:00:00,48 DAYS,2026-09-21,2910 - 155 Beecroft Road
C13628568,2026-08-04 00:00:00,48 DAYS,2026-09-21,76 Bevdale Road
C13627940,2026-08-04 00:00:00,48 DAYS,2026-09-21,1806 - 77 Mutual Street
C13629376,2026-08-04 00:00:00,48 DAYS,2026-09-21,532 - 50 Power Street
C13629666,2026-08-04 00:00:00,48 DAYS,2026-09-21,501 - 77 Lombard Street
C13627808,2026-08-04 00:00:00,48 DAYS,2026-09-21,188 Florence Avenue
E13627984,2026-08-04 00:00:00,48 DAYS,2026-09-21,361 Highfield Road
W13603230,2026-08-04 00:00:00,50 DAYS,2026-09-23,1736-1746 Mattawa Avenue
C13629898,2026-08-04 00:00:00,48 DAYS,2026-09-21,552 Mount Pleasant Rd Road W
W13566548,2026-08-05 00:00:00,49 DAYS,2026-09-23,6833 Second Line W
C13630410,2026-08-05 00:00:00,47 DAYS,2026-09-21,336 Betty Ann Drive
W13566440,2026-08-05 00:00:00,49 DAYS,2026-09-23,6839 Second Line W
E13636262,2026-08-05 00:00:00,54 DAYS,2026-09-28,138 Gradwell Drive
E13636132,2026-08-05 00:00:00,54 DAYS,2026-09-28,10 Thatcher Avenue
E13631196,2026-08-05 00:00:00,47 DAYS,2026-09-21,15 - 87 Thornmount Drive
W13633870,2026-08-05 00:00:00,54 DAYS,2026-09-28,1002 - 710 Humberwood Blvd Boulevard
E13631972,2026-08-05 00:00:00,47 DAYS,2026-09-21,466 Dawes Road
W13639138,2026-08-05 00:00:00,55 DAYS,2026-09-29,1924 Balsam Avenue
W13635596,2026-08-05 00:00:00,55 DAYS,2026-09-29,146 - 2440 Bromsgrove Road
W13579132,2026-08-05 00:00:00,49 DAYS,2026-09-23,1405 - 60 Absolute Avenue
W13578606,2026-08-05 00:00:00,49 DAYS,2026-09-23,5550 Cosmic Crescent
W13566626,2026-08-05 00:00:00,49 DAYS,2026-09-23,6826 Campbell Settler Court
W13565898,2026-08-05 00:00:00,49 DAYS,2026-09-23,5 - 3233 Derry Road E
C13634674,2026-08-05 00:00:00,47 DAYS,2026-09-21,105 Betty Ann Drive
C13631608,2026-08-05 00:00:00,47 DAYS,2026-09-21,B116 - 1396 Don Mills Road
W13634398,2026-08-05 00:00:00,54 DAYS,2026-09-28,4 - 624 Rexdale Boulevard
W13636040,2026-08-05 00:00:00,54 DAYS,2026-09-28,128 - 700 Humberwood Boulevard
C13630120,2026-08-05 00:00:00,47 DAYS,2026-09-21,925 - 251 Jarvis Street
W13026858,2026-08-05 00:00:00,47 DAYS,2026-09-21,709 - 1275 Finch Avenue W
40851142,2026-08-05 00:00:00,49 DAYS,2026-09-23,4141 Dixie Road Unit# 10
W13606330,2026-08-05 00:00:00,49 DAYS,2026-09-23,#10 - 4141 Dixie Road
W13631892,2026-08-05 00:00:00,47 DAYS,2026-09-21,3 - 1270 Finch Avenue W
C13631248,2026-08-06 00:00:00,46 DAYS,2026-09-21,712 - 195 Redpath Avenue
E13636296,2026-08-06 00:00:00,46 DAYS,2026-09-21,1985 Queen Street E
C13631518,2026-08-06 00:00:00,46 DAYS,2026-09-21,4608 - 181 Dundas Street E
W13581746,2026-08-06 00:00:00,48 DAYS,2026-09-23,1103 - 60 Absolute Avenue
E13637376,2026-08-06 00:00:00,46 DAYS,2026-09-21,1851 Lawrence Avenue E
W13643244,2026-08-06 00:00:00,54 DAYS,2026-09-29,471 Country Club Crescent
C13637816,2026-08-06 00:00:00,46 DAYS,2026-09-21,5336 Yonge Street
E13633716,2026-08-06 00:00:00,46 DAYS,2026-09-21,208 - 4002 Sheppard Avenue E
W13641982,2026-08-06 00:00:00,53 DAYS,2026-09-28,1105 - 60 Stevenson Road
E13637246,2026-08-06 00:00:00,46 DAYS,2026-09-21,3226 Eglinton Avenue E
W13640028,2026-08-06 00:00:00,53 DAYS,2026-09-28,21 Kendleton Drive
W13570548,2026-08-06 00:00:00,48 DAYS,2026-09-23,1169 Carlo Court
E13634978,2026-08-06 00:00:00,46 DAYS,2026-09-21,104A - 4002 Sheppard Avenue E
W13645126,2026-08-06 00:00:00,54 DAYS,2026-09-29,2520 Constable Road
E13636800,2026-08-06 00:00:00,46 DAYS,2026-09-21,35 - 120 Dynamic Drive
C13641642,2026-08-07 00:00:00,45 DAYS,2026-09-21,1184 Eglinton Avenue W
W13649702,2026-08-07 00:00:00,53 DAYS,2026-09-29,352 - 1575 Lakeshore Road W
C13632654,2026-08-07 00:00:00,45 DAYS,2026-09-21,150 Holmes Avenue
C13633260,2026-08-07 00:00:00,45 DAYS,2026-09-21,10 Doverwood Court
C13634172,2026-08-07 00:00:00,45 DAYS,2026-09-21,1406 - 5 Kenneth Avenue
C13632780,2026-08-07 00:00:00,45 DAYS,2026-09-21,802 - 188 Doris Avenue
C13633488,2026-08-07 00:00:00,45 DAYS,2026-09-21,319B Horsham Avenue
C13635880,2026-08-07 00:00:00,45 DAYS,2026-09-21,12 Otter Crescent
C13639582,2026-08-07 00:00:00,45 DAYS,2026-09-21,17 - 3030 Don Mills Road
W13643926,2026-08-07 00:00:00,52 DAYS,2026-09-28,1626 - 700 Humberwood Boulevard
C13633628,2026-08-07 00:00:00,45 DAYS,2026-09-21,128 Montgomery Avenue
C13636672,2026-08-07 00:00:00,45 DAYS,2026-09-21,1810 - 127 Broadway Avenue
C13633818,2026-08-07 00:00:00,45 DAYS,2026-09-21,703 - 89 Mcgill Street
C13634410,2026-08-07 00:00:00,45 DAYS,2026-09-21,Ph2612 - 225 Sackville Street
C13635312,2026-08-07 00:00:00,45 DAYS,2026-09-21,3013 - 5 Defries Street
C13641190,2026-08-07 00:00:00,45 DAYS,2026-09-21,2515 Yonge Street
C13637142,2026-08-07 00:00:00,45 DAYS,2026-09-21,3905 - 181 Dundas Street E
C13634706,2026-08-07 00:00:00,45 DAYS,2026-09-21,301 - 717 Eglinton Avenue W
C13632926,2026-08-07 00:00:00,45 DAYS,2026-09-21,180 Dunvegan Road
C13636216,2026-08-07 00:00:00,45 DAYS,2026-09-21,4902 - 395 Bloor Street E
E13632598,2026-08-07 00:00:00,45 DAYS,2026-09-21,69 Dagmar Avenue
C13632368,2026-08-07 00:00:00,45 DAYS,2026-09-21,302 - 7 Dale Avenue
C13637504,2026-08-07 00:00:00,45 DAYS,2026-09-21,800 Davenport Road
C13637644,2026-08-07 00:00:00,45 DAYS,2026-09-21,2804 - 65 Mutual Street
W13639090,2026-08-07 00:00:00,45 DAYS,2026-09-21,157 Toryork Drive
C13641976,2026-08-07 00:00:00,45 DAYS,2026-09-21,3016 Bathurst Street
C13637462,2026-08-07 00:00:00,45 DAYS,2026-09-21,703 - 3181 Bayview Avenue
E13641606,2026-08-07 00:00:00,45 DAYS,2026-09-21,A107 - 2075 Mcnicoll Avenue
E13641616,2026-08-07 00:00:00,45 DAYS,2026-09-21,B103 & B104 - 2075 Mcnicoll Avenue
E13641904,2026-08-07 00:00:00,45 DAYS,2026-09-21,130 - 4438 Sheppard Avenue E
E13638012,2026-08-07 00:00:00,45 DAYS,2026-09-21,19 - 4400 Sheppard Avenue E
C13636066,2026-08-07 00:00:00,45 DAYS,2026-09-21,2008 - 9 Bogert Avenue
E13641062,2026-08-07 00:00:00,45 DAYS,2026-09-21,3032 Danforth Avenue
W13640128,2026-08-07 00:00:00,45 DAYS,2026-09-21,3320 Keele Street
E13640936,2026-08-07 00:00:00,45 DAYS,2026-09-21,124 Manville Road
E13641620,2026-08-07 00:00:00,45 DAYS,2026-09-21,B104 - 2075 Mcnicoll Avenue
C13637232,2026-08-07 00:00:00,45 DAYS,2026-09-21,2408 - 8 Olympic Garden Drive
C13634566,2026-08-07 00:00:00,45 DAYS,2026-09-21,1008 - 29 Pemberton Avenue
W13640782,2026-08-07 00:00:00,45 DAYS,2026-09-21,1181 Finch Avenue W
C13635760,2026-08-07 00:00:00,45 DAYS,2026-09-21,410 - 5765 Yonge Street
C13634654,2026-08-07 00:00:00,45 DAYS,2026-09-21,206 - 639 Lawrence Avenue W
C13639850,2026-08-07 00:00:00,45 DAYS,2026-09-21,102 - 5460 Yonge Street
C13635282,2026-08-07 00:00:00,45 DAYS,2026-09-21,406 Lauder Avenue
C13634506,2026-08-07 00:00:00,45 DAYS,2026-09-21,140 Olive Avenue
W13646070,2026-08-07 00:00:00,53 DAYS,2026-09-29,865 Meadow Wood Road
W13579428,2026-08-07 00:00:00,47 DAYS,2026-09-23,7089 Landen Court
W13647024,2026-08-07 00:00:00,53 DAYS,2026-09-29,1204 - 1035 Southdown Road
C13635492,2026-08-07 00:00:00,45 DAYS,2026-09-21,15 Sunforest Court
W13640420,2026-08-07 00:00:00,45 DAYS,2026-09-21,2151 St. Clair Avenue
C13640802,2026-08-08 00:00:00,44 DAYS,2026-09-21,15 Oxford Street
C13641322,2026-08-08 00:00:00,44 DAYS,2026-09-21,Ph 201 - 8 Scollard Street
C13558320,2026-08-08 00:00:00,44 DAYS,2026-09-21,1403 - 38 Avenue Road
C13637826,2026-08-08 00:00:00,44 DAYS,2026-09-21,4512 - 1 Yorkville Avenue
C13640382,2026-08-08 00:00:00,44 DAYS,2026-09-21,2805 - 501 Yonge Street
W13614882,2026-08-08 00:00:00,46 DAYS,2026-09-23,6 - 1060 Britannia Road E
C13637864,2026-08-08 00:00:00,44 DAYS,2026-09-21,7 Valliere Place W
C13639770,2026-08-08 00:00:00,44 DAYS,2026-09-21,307 Richview Avenue
C13637762,2026-08-08 00:00:00,44 DAYS,2026-09-21,1906 - 68 Shuter Street
C13638786,2026-08-08 00:00:00,44 DAYS,2026-09-21,603 - 17 Ruddington Drive
C13640544,2026-08-08 00:00:00,44 DAYS,2026-09-21,4901 - 101 Charles Street E
C13642224,2026-08-08 00:00:00,44 DAYS,2026-09-21,101 - 109 Erskine Avenue
E13643180,2026-08-08 00:00:00,44 DAYS,2026-09-21,19 - 4400 Sheppard Avenue E
C13638164,2026-08-08 00:00:00,44 DAYS,2026-09-21,4 Community Circle
C13637854,2026-08-08 00:00:00,44 DAYS,2026-09-21,Ph14 - 100 Harrison Garden Boulevard
E13645168,2026-08-08 00:00:00,44 DAYS,2026-09-21,407 - 2347 Kennedy Road
C13637680,2026-08-08 00:00:00,44 DAYS,2026-09-21,126 Sherwood Avenue
C13638872,2026-08-08 00:00:00,44 DAYS,2026-09-21,1120 - 8 Hillsdale Avenue
C13639632,2026-08-08 00:00:00,44 DAYS,2026-09-21,102 - 33 Helendale Avenue
C13642130,2026-08-08 00:00:00,44 DAYS,2026-09-21,2106 - 15 Grenville Street
C13640074,2026-08-08 00:00:00,44 DAYS,2026-09-21,1006 - 1815 Yonge Street
C13640882,2026-08-08 00:00:00,44 DAYS,2026-09-21,2708 - 161 Roehampton Avenue
C13641640,2026-08-08 00:00:00,44 DAYS,2026-09-21,1540 - 8 Hillsdale Avenue E
C13641634,2026-08-08 00:00:00,44 DAYS,2026-09-21,4812 - 8 Eglinton Avenue E
C13637728,2026-08-08 00:00:00,44 DAYS,2026-09-21,Ph05 - 68 Canterbury Place
C13642446,2026-08-08 00:00:00,44 DAYS,2026-09-21,21 - 260 Russell Hill Road
C13642544,2026-08-08 00:00:00,44 DAYS,2026-09-21,1011 - 127 Broadway Avenue
C13640116,2026-08-08 00:00:00,44 DAYS,2026-09-21,1602 - 83 Redpath Avenue
W13587610,2026-08-08 00:00:00,46 DAYS,2026-09-23,32 - 2120 Rathburn Road E
C13640126,2026-08-08 00:00:00,44 DAYS,2026-09-21,205 - 7 Dale Avenue
C13646972,2026-08-08 00:00:00,44 DAYS,2026-09-21,4 - 3429 Yonge Street
W13585528,2026-08-08 00:00:00,46 DAYS,2026-09-23,507 - 60 Absolute Avenue
W13651834,2026-08-08 00:00:00,51 DAYS,2026-09-28,312 - 80 Esther Lorrie Drive
C13640776,2026-08-08 00:00:00,44 DAYS,2026-09-21,1812 - 60 Byng Avenue
C13640478,2026-08-08 00:00:00,44 DAYS,2026-09-21,C13 - 108 Finch Avenue W
C13639476,2026-08-08 00:00:00,44 DAYS,2026-09-21,311 - 28 Hollywood Avenue
C13642834,2026-08-08 00:00:00,44 DAYS,2026-09-21,1508 - 130 River Street
C13642652,2026-08-08 00:00:00,44 DAYS,2026-09-21,2208 - 5 Defries Street
C13638492,2026-08-08 00:00:00,44 DAYS,2026-09-21,2711 - 955 Bay Street
C13642302,2026-08-08 00:00:00,44 DAYS,2026-09-21,1308 - 120 Parliament Street
C13641818,2026-08-08 00:00:00,44 DAYS,2026-09-21,520 - 460 Adelaide Street E
C13643346,2026-08-08 00:00:00,44 DAYS,2026-09-21,617 - 105 Gordon Baker Road
C13641480,2026-08-08 00:00:00,44 DAYS,2026-09-21,1102E - 34 Tubman Avenue
C13645802,2026-08-08 00:00:00,44 DAYS,2026-09-21,1220 - 130 Queens Quay E
W13647640,2026-08-08 00:00:00,44 DAYS,2026-09-21,2540 Weston Road
W13647814,2026-08-08 00:00:00,44 DAYS,2026-09-21,2187 Weston Road
C13641608,2026-08-08 00:00:00,44 DAYS,2026-09-21,1000 Dundas Street W
C13639536,2026-08-08 00:00:00,44 DAYS,2026-09-21,4207 - 70 Temperance Street
W13584826,2026-08-08 00:00:00,46 DAYS,2026-09-23,1203 - 1615 Bloor Street
C13638124,2026-08-08 00:00:00,44 DAYS,2026-09-21,17 - 1646 Bathurst Street
C13641946,2026-08-08 00:00:00,44 DAYS,2026-09-21,404 - 28 Linden Street
C13640100,2026-08-08 00:00:00,44 DAYS,2026-09-21,108 - 3 Mcalpine Street
W13643554,2026-08-08 00:00:00,44 DAYS,2026-09-21,2413 Dundas Street W
C13640412,2026-08-08 00:00:00,44 DAYS,2026-09-21,173 Queen Street E
C13642424,2026-08-08 00:00:00,44 DAYS,2026-09-21,1907 - 20 Olive Avenue
C13640610,2026-08-08 00:00:00,44 DAYS,2026-09-21,1811 - 100 Queen Street E
W13652774,2026-08-08 00:00:00,52 DAYS,2026-09-29,2600 Lundene Road
W13587826,2026-08-08 00:00:00,46 DAYS,2026-09-23,3778 Corliss Crescent
W13614252,2026-08-08 00:00:00,46 DAYS,2026-09-23,14 - 5260 Solar Drive
C13640040,2026-08-08 00:00:00,44 DAYS,2026-09-21,83 Binscarth Road
C13639860,2026-08-08 00:00:00,44 DAYS,2026-09-21,406 - 159 Wellesley Street E
C13639740,2026-08-08 00:00:00,44 DAYS,2026-09-21,2503 - 395 Bloor Street E
C13641502,2026-08-08 00:00:00,44 DAYS,2026-09-21,804 - 510 King Street E
C13637910,2026-08-08 00:00:00,44 DAYS,2026-09-21,302 Spring Garden Avenue
C13645342,2026-08-09 00:00:00,43 DAYS,2026-09-21,1009 - 225 Sackville Street
C13646960,2026-08-09 00:00:00,43 DAYS,2026-09-21,2205 - 761 Bay Street
C13646692,2026-08-09 00:00:00,43 DAYS,2026-09-21,428 Glengrove Avenue
W13651620,2026-08-09 00:00:00,43 DAYS,2026-09-21,954 Wilson Avenue
C13647928,2026-08-09 00:00:00,43 DAYS,2026-09-21,197 Yonge Street
C13645826,2026-08-09 00:00:00,43 DAYS,2026-09-21,1006 - 115 Richmond Street E
C13643352,2026-08-09 00:00:00,43 DAYS,2026-09-21,4 - 455 Front Street E
C13645454,2026-08-09 00:00:00,43 DAYS,2026-09-21,565 - 135 Lower Sherbourne Street
W13649482,2026-08-09 00:00:00,43 DAYS,2026-09-21,3052 Dundas Street W
C13643016,2026-08-09 00:00:00,43 DAYS,2026-09-21,714 - 30 Dreamers Way
W13650654,2026-08-09 00:00:00,43 DAYS,2026-09-21,2540 Weston Road
C13644976,2026-08-09 00:00:00,43 DAYS,2026-09-21,107 Pemberton Avenue
40854349,2026-08-09 00:00:00,51 DAYS,2026-09-29,2796 Tallberg Court
W13654406,2026-08-09 00:00:00,51 DAYS,2026-09-29,2796 Tallberg Court
C13651156,2026-08-09 00:00:00,43 DAYS,2026-09-21,55 Underhill Drive
E13652858,2026-08-09 00:00:00,43 DAYS,2026-09-21,2165 Danforth Avenue
E13651028,2026-08-09 00:00:00,43 DAYS,2026-09-21,101 - 4800 Sheppard Avenue E
E13651320,2026-08-09 00:00:00,43 DAYS,2026-09-21,878 Kingston Road
C13643144,2026-08-09 00:00:00,43 DAYS,2026-09-21,82 Lanark Avenue
C13643142,2026-08-09 00:00:00,43 DAYS,2026-09-21,80 Lanark Avenue
C13650014,2026-08-09 00:00:00,43 DAYS,2026-09-21,5321 Yonge Street
C13645836,2026-08-09 00:00:00,43 DAYS,2026-09-21,105 Betty Ann Drive
C13645082,2026-08-09 00:00:00,43 DAYS,2026-09-21,922 - 35 Hollywood Avenue
C13636012,2026-08-09 00:00:00,43 DAYS,2026-09-21,2156 Yonge Street
W13645980,2026-08-09 00:00:00,43 DAYS,2026-09-21,Ph09 - 858 Dupont Street N
W13648270,2026-08-09 00:00:00,43 DAYS,2026-09-21,2635 Eglinton Avenue W
W13652846,2026-08-09 00:00:00,43 DAYS,2026-09-21,414 Roncesvalles Avenue
W13651180,2026-08-09 00:00:00,43 DAYS,2026-09-21,151 Roncesvalles Avenue
C13647426,2026-08-09 00:00:00,43 DAYS,2026-09-21,303 - 39 Pemberton Avenue
40849393,2026-08-09 00:00:00,45 DAYS,2026-09-23,1167 Saturnia Crescent
E13645214,2026-08-09 00:00:00,43 DAYS,2026-09-21,391 Jones Avenue
W13594026,2026-08-09 00:00:00,45 DAYS,2026-09-23,32 - 4165 Fieldgate Drive
C13644780,2026-08-09 00:00:00,43 DAYS,2026-09-21,1606 - 1 Rean Drive
C13643652,2026-08-09 00:00:00,43 DAYS,2026-09-21,1802 - 11 Lillian Street
C13646058,2026-08-09 00:00:00,43 DAYS,2026-09-21,2712 - 50 Charles Street E
C13647138,2026-08-09 00:00:00,43 DAYS,2026-09-21,#412 - 39 Roehampton Avenue
40854367,2026-08-10 00:00:00,42 DAYS,2026-09-21,25 The West Mall Unit# 1063
W13653606,2026-08-10 00:00:00,42 DAYS,2026-09-21,#1063 Mrs Fields - 25 The West Mall
C13651330,2026-08-10 00:00:00,42 DAYS,2026-09-21,201 - 121 St Patrick Street
C13650704,2026-08-10 00:00:00,42 DAYS,2026-09-21,509 - 297 College Street
W13655772,2026-08-10 00:00:00,49 DAYS,2026-09-28,1607 - 1 Rowntree Road
C13649070,2026-08-10 00:00:00,42 DAYS,2026-09-21,2316 - 98 Lillian Street
W13656594,2026-08-10 00:00:00,50 DAYS,2026-09-29,1586 Sandgate Crescent
W13595446,2026-08-10 00:00:00,44 DAYS,2026-09-23,17 - 485 Meadows Boulevard
W13596470,2026-08-10 00:00:00,44 DAYS,2026-09-23,4164 Forest Fire Crescent
C13649186,2026-08-10 00:00:00,42 DAYS,2026-09-21,388 Oakwood Avenue
C13649048,2026-08-10 00:00:00,42 DAYS,2026-09-21,310 - 15 Maplewood Avenue
C13650358,2026-08-10 00:00:00,42 DAYS,2026-09-21,21 Albertus Avenue
C13651818,2026-08-10 00:00:00,42 DAYS,2026-09-21,508 - 188 Eglinton Avenue E
C13652558,2026-08-10 00:00:00,42 DAYS,2026-09-21,2001 - 99 Broadway Avenue
C13650562,2026-08-10 00:00:00,42 DAYS,2026-09-21,504 - 500 Dupont Street
C13650166,2026-08-10 00:00:00,42 DAYS,2026-09-21,543 Crawford Street
C13652686,2026-08-10 00:00:00,42 DAYS,2026-09-21,1222 - 111 St. Clair Avenue W
W13594672,2026-08-10 00:00:00,44 DAYS,2026-09-23,1074 Flagship Drive
W13654372,2026-08-10 00:00:00,42 DAYS,2026-09-21,1642 Bloor Street W
C13652596,2026-08-10 00:00:00,42 DAYS,2026-09-21,312 - 25 Richmond Street E
C13652284,2026-08-10 00:00:00,42 DAYS,2026-09-21,103 - 308 Jarvis Street
C13650526,2026-08-10 00:00:00,42 DAYS,2026-09-21,1215 - 100 Queen Street E
C13649030,2026-08-10 00:00:00,42 DAYS,2026-09-21,3706 - 50 Wellesley Street E
C13653152,2026-08-10 00:00:00,42 DAYS,2026-09-21,2511 - 2 Anndale Drive
C13653038,2026-08-10 00:00:00,42 DAYS,2026-09-21,224 - 6 Greenbriar Road
C13652282,2026-08-10 00:00:00,42 DAYS,2026-09-21,105 - 20 Fashion Roseway
C13651886,2026-08-10 00:00:00,42 DAYS,2026-09-21,906 - 260 Doris Avenue
C13648656,2026-08-10 00:00:00,42 DAYS,2026-09-21,510 - 717 Eglinton Avenue W
C13651404,2026-08-10 00:00:00,42 DAYS,2026-09-21,509 - 5168 Yonge Street
C13650834,2026-08-10 00:00:00,42 DAYS,2026-09-21,1906 - 23 Lorraine Drive
C13652958,2026-08-10 00:00:00,42 DAYS,2026-09-21,2603 - 159 Wellesley Street E
C13653214,2026-08-10 00:00:00,42 DAYS,2026-09-21,2808 - 101 Charles Street E
C13650332,2026-08-10 00:00:00,42 DAYS,2026-09-21,3112 - 8 Wellesley Street W
C13648126,2026-08-10 00:00:00,42 DAYS,2026-09-21,1219 - 77 Maitland Place
E13650658,2026-08-10 00:00:00,42 DAYS,2026-09-21,149 - 1159 Dundas Street E
C13650298,2026-08-10 00:00:00,42 DAYS,2026-09-21,1204 - 609 Sherbourne Street
C13651960,2026-08-10 00:00:00,42 DAYS,2026-09-21,30 Hillhurst Boulevard
E13648446,2026-08-10 00:00:00,42 DAYS,2026-09-21,898 Eastern Avenue
C13649558,2026-08-10 00:00:00,42 DAYS,2026-09-21,826 - 7 Golden Lion Heights
C13648592,2026-08-10 00:00:00,42 DAYS,2026-09-21,22 William Poole Way
C13649458,2026-08-10 00:00:00,42 DAYS,2026-09-21,2210 - 33 Sheppard Avenue E
C13649294,2026-08-10 00:00:00,42 DAYS,2026-09-21,509 - 4955 Yonge Street
C13652206,2026-08-10 00:00:00,42 DAYS,2026-09-21,3002 - 159 Wellesley Street E
C13649292,2026-08-10 00:00:00,42 DAYS,2026-09-21,2916 - 4955 Yonge Street
C13654174,2026-08-11 00:00:00,41 DAYS,2026-09-21,408 - 15 Rean Drive
C13654332,2026-08-11 00:00:00,41 DAYS,2026-09-21,1811 - 10 Northtown Way
W13589674,2026-08-11 00:00:00,43 DAYS,2026-09-23,1843 Stonepath Crescent
C13653520,2026-08-11 00:00:00,41 DAYS,2026-09-21,150 Viewmount Avenue
W13586340,2026-08-11 00:00:00,43 DAYS,2026-09-23,1199 Melton Drive
C13654454,2026-08-11 00:00:00,41 DAYS,2026-09-21,404 - 30 Hayden Street
C13653972,2026-08-11 00:00:00,41 DAYS,2026-09-21,2118 - 25 Greenview Avenue
W13627168,2026-08-11 00:00:00,43 DAYS,2026-09-23,7 - 5500 Tomken Road
C13654536,2026-08-11 00:00:00,41 DAYS,2026-09-21,818 - 4955 Yonge Street
C13653878,2026-08-11 00:00:00,41 DAYS,2026-09-21,2215 - 18 Holmes Avenue
C13653414,2026-08-11 00:00:00,41 DAYS,2026-09-21,49 Bowerbank Drive
C13653472,2026-08-11 00:00:00,41 DAYS,2026-09-21,302 Johnston Avenue N
C13654830,2026-08-11 00:00:00,41 DAYS,2026-09-21,1407 - 60 Queen Street E
W13658052,2026-08-11 00:00:00,48 DAYS,2026-09-28,41 Woodstream Drive
40849022,2026-08-11 00:00:00,43 DAYS,2026-09-23,2120 Rathburn Road E Unit# 32
C13654502,2026-08-11 00:00:00,41 DAYS,2026-09-21,901 - 99 Cameron Street
C13653808,2026-08-11 00:00:00,41 DAYS,2026-09-21,905 - 832 Bay Street
C13653996,2026-08-11 00:00:00,41 DAYS,2026-09-21,2104 - 609 Sherbourne Street
C13653984,2026-08-11 00:00:00,41 DAYS,2026-09-21,2905 - 101 Erskine Avenue
C13654760,2026-08-11 00:00:00,41 DAYS,2026-09-21,167 Welland Avenue
W13599680,2026-08-11 00:00:00,43 DAYS,2026-09-23,161 - 2120 Rathburn Road E
C13653648,2026-08-11 00:00:00,41 DAYS,2026-09-21,516 - 503 Beecroft Road
W13659228,2026-08-11 00:00:00,48 DAYS,2026-09-28,109 - 19 Woodbine Downs Boulevard
C13655404,2026-08-12 00:00:00,40 DAYS,2026-09-21,908 - 42 Charles Street E
C13656288,2026-08-12 00:00:00,40 DAYS,2026-09-21,B - 465 Manor Road E
W13657120,2026-08-12 00:00:00,40 DAYS,2026-09-21,1693 Keele Street
C13657138,2026-08-12 00:00:00,40 DAYS,2026-09-21,149 Willowdale Avenue
W13657440,2026-08-12 00:00:00,40 DAYS,2026-09-21,102 - 1183 Finch Avenue W
E13660126,2026-08-12 00:00:00,40 DAYS,2026-09-21,8 - 2679 Eglinton Avenue E
W13594198,2026-08-12 00:00:00,42 DAYS,2026-09-23,1167 Saturnia Crescent
W13591176,2026-08-12 00:00:00,42 DAYS,2026-09-23,4131 Woodington Drive
C13655670,2026-08-12 00:00:00,40 DAYS,2026-09-21,731 - 251 Jarvis Street
C13658984,2026-08-12 00:00:00,40 DAYS,2026-09-21,335 - 4750 Yonge Street
W13605980,2026-08-12 00:00:00,42 DAYS,2026-09-23,7236 Meyer Drive
W13660084,2026-08-12 00:00:00,40 DAYS,2026-09-21,523 Annette Street
C13655572,2026-08-12 00:00:00,40 DAYS,2026-09-21,1101 - 2020 Bathurst Street
C13655844,2026-08-12 00:00:00,40 DAYS,2026-09-21,610 - 219 Dundas Street E
W13603320,2026-08-12 00:00:00,42 DAYS,2026-09-23,9 - 4165 Fieldgate Drive
C13655884,2026-08-12 00:00:00,40 DAYS,2026-09-21,106 - 32 Davenport Road
C13659490,2026-08-12 00:00:00,40 DAYS,2026-09-21,3236 Yonge Street
C13655008,2026-08-12 00:00:00,40 DAYS,2026-09-21,46 Bowerbank Drive
C13655138,2026-08-12 00:00:00,40 DAYS,2026-09-21,4703 - 488 University Avenue
W13663256,2026-08-12 00:00:00,47 DAYS,2026-09-28,2002 - 710 Humberwood Boulevard
C13655584,2026-08-12 00:00:00,40 DAYS,2026-09-21,1803 - 280 Dundas Street W
W13666362,2026-08-13 00:00:00,46 DAYS,2026-09-28,417 - 80 Esther Lorrie Drive
E13661638,2026-08-13 00:00:00,39 DAYS,2026-09-21,2195 Queen Street E
E13662920,2026-08-13 00:00:00,39 DAYS,2026-09-21,A12 - 63 Silver Star Boulevard
C13662250,2026-08-13 00:00:00,39 DAYS,2026-09-21,290 Gerrard Street E
C13663696,2026-08-13 00:00:00,39 DAYS,2026-09-21,2037 Yonge Street
C13659910,2026-08-13 00:00:00,39 DAYS,2026-09-21,1904 - 238 Simcoe Street
C13663464,2026-08-13 00:00:00,39 DAYS,2026-09-21,2035-2037 Yonge Street
C13663598,2026-08-13 00:00:00,39 DAYS,2026-09-21,2035 Yonge Street
W13596426,2026-08-13 00:00:00,41 DAYS,2026-09-23,4190 Bishopstoke Lane
C13656736,2026-08-13 00:00:00,39 DAYS,2026-09-21,183 Glenholme Avenue
W13661540,2026-08-13 00:00:00,39 DAYS,2026-09-21,205 - 1275 Finch Avenue W
C13659652,2026-08-13 00:00:00,39 DAYS,2026-09-21,4105 - 763 Bay Street
C13660874,2026-08-13 00:00:00,39 DAYS,2026-09-21,117 - 1333 Sheppard Avenue E
W13667538,2026-08-13 00:00:00,46 DAYS,2026-09-28,333 Jeffcoat Drive
W13664658,2026-08-13 00:00:00,39 DAYS,2026-09-21,4- 2468 Eglinton Avenue W
W13663208,2026-08-13 00:00:00,39 DAYS,2026-09-21,2282 Islington Avenue
C13660354,2026-08-13 00:00:00,39 DAYS,2026-09-21,1101 - 10 York Street
C13660362,2026-08-13 00:00:00,39 DAYS,2026-09-21,621 - 438 Richmond Street W
C13660230,2026-08-13 00:00:00,39 DAYS,2026-09-21,2004 - 11 Charlotte Street
C13660070,2026-08-13 00:00:00,39 DAYS,2026-09-21,1104 - 127 Broadway Avenue
C13657736,2026-08-13 00:00:00,39 DAYS,2026-09-21,817 - 117 Broadway Avenue
C13657436,2026-08-13 00:00:00,39 DAYS,2026-09-21,1206 - 125 Redpath Avenue
C13656100,2026-08-13 00:00:00,39 DAYS,2026-09-21,2301 - 195 Redpath Avenue
E13661684,2026-08-13 00:00:00,39 DAYS,2026-09-21,3541 St Clair Avenue E
C13659492,2026-08-13 00:00:00,39 DAYS,2026-09-21,801 - 19 Grand Trunk Crescent
C13657812,2026-08-13 00:00:00,39 DAYS,2026-09-21,622 - 219 Fort York Boulevard
C13657336,2026-08-13 00:00:00,39 DAYS,2026-09-21,551 - 10 Capreol Court
C13659900,2026-08-13 00:00:00,39 DAYS,2026-09-21,3408 - 11 Wellesley Street W
E13657516,2026-08-13 00:00:00,39 DAYS,2026-09-21,Th3 - 150 Broadview Avenue
E13659904,2026-08-13 00:00:00,39 DAYS,2026-09-21,303 - 45 Connaught Avenue
E13659902,2026-08-13 00:00:00,39 DAYS,2026-09-21,302 - 45 Connaught Avenue
E13659906,2026-08-13 00:00:00,39 DAYS,2026-09-21,104 - 45 Connaught Avenue
C13659014,2026-08-13 00:00:00,39 DAYS,2026-09-21,901 - 508 Wellington Street W
E13662404,2026-08-13 00:00:00,39 DAYS,2026-09-21,461 Pharmacy Avenue
C13656720,2026-08-13 00:00:00,39 DAYS,2026-09-21,1915 - 4955 Yonge Street
C13659352,2026-08-13 00:00:00,39 DAYS,2026-09-21,408 - 20 Fashion Roseway
C13658510,2026-08-13 00:00:00,39 DAYS,2026-09-21,39 - 57 Finch Avenue W
W13658396,2026-08-13 00:00:00,39 DAYS,2026-09-21,778 Shaw Street
C13658620,2026-08-13 00:00:00,39 DAYS,2026-09-21,209 - 11 Christie Street
C13656232,2026-08-13 00:00:00,39 DAYS,2026-09-21,N505 - 116 George Street
C13656258,2026-08-13 00:00:00,39 DAYS,2026-09-21,805 - 70 Distillery Lane
C13657726,2026-08-13 00:00:00,39 DAYS,2026-09-21,Ph1 - 155 Dalhousie Street
W13657350,2026-08-13 00:00:00,39 DAYS,2026-09-21,1035 Dovercourt Road
C13658798,2026-08-13 00:00:00,39 DAYS,2026-09-21,295 Seaton Street
C13659610,2026-08-13 00:00:00,39 DAYS,2026-09-21,155 Earlsdale Avenue
C13658960,2026-08-13 00:00:00,39 DAYS,2026-09-21,1920 - 158 Front Street E
C13658168,2026-08-13 00:00:00,39 DAYS,2026-09-21,236 Poplar Plains Road
C13659018,2026-08-13 00:00:00,39 DAYS,2026-09-21,2003 - 100 Queen Street E
C13656128,2026-08-13 00:00:00,39 DAYS,2026-09-21,1605 - 5 St Joseph Street
W13657878,2026-08-13 00:00:00,39 DAYS,2026-09-21,64 Ashburnham Road
C13658118,2026-08-13 00:00:00,39 DAYS,2026-09-21,1601 - 60 Queen Street E
C13658126,2026-08-13 00:00:00,39 DAYS,2026-09-21,1503 - 170 Avenue Road
C13660380,2026-08-13 00:00:00,39 DAYS,2026-09-21,2209 - 252 Church Street
C13657276,2026-08-13 00:00:00,39 DAYS,2026-09-21,1316 - 125 Western Battery Road
C13657554,2026-08-13 00:00:00,39 DAYS,2026-09-21,Ph03 - 69 Lynn Williams Street
C13658132,2026-08-13 00:00:00,39 DAYS,2026-09-21,247A Lippincott Street
C13657040,2026-08-13 00:00:00,39 DAYS,2026-09-21,7 Glen Rush Boulevard
C13659330,2026-08-13 00:00:00,39 DAYS,2026-09-21,5907 - 388 Yonge Street
E13664372,2026-08-13 00:00:00,39 DAYS,2026-09-21,112 - 112 Production Drive
C13658716,2026-08-13 00:00:00,39 DAYS,2026-09-21,1403 - 717 Bay Street
C13658566,2026-08-13 00:00:00,39 DAYS,2026-09-21,606 - 111 Elizabeth Street
C13658782,2026-08-13 00:00:00,39 DAYS,2026-09-21,1718 - 75 East Liberty Street
W13657960,2026-08-13 00:00:00,39 DAYS,2026-09-21,1520 - 38 Joe Shuster Way
C13656190,2026-08-13 00:00:00,39 DAYS,2026-09-21,1512 - 18 Parkview Avenue
C13660762,2026-08-14 00:00:00,38 DAYS,2026-09-21,420 - 1000 King Street W
C13662998,2026-08-14 00:00:00,38 DAYS,2026-09-21,302 - 41 Dovercourt Road
W13668436,2026-08-14 00:00:00,38 DAYS,2026-09-21,104 - 2240 Lake Shore Boulevard W
E13665130,2026-08-14 00:00:00,38 DAYS,2026-09-21,2891 Danforth Avenue
C13663012,2026-08-14 00:00:00,38 DAYS,2026-09-21,52 Palmerston Avenue
W13664188,2026-08-14 00:00:00,38 DAYS,2026-09-21,1501C - 26 Laidlaw Street
E13664920,2026-08-14 00:00:00,38 DAYS,2026-09-21,197 De Grassi Street
C13664744,2026-08-14 00:00:00,38 DAYS,2026-09-21,1111 College Street
C13660960,2026-08-14 00:00:00,38 DAYS,2026-09-21,201 - 5940 Yonge Street
C13668310,2026-08-14 00:00:00,38 DAYS,2026-09-21,126 Willowdale Avenue
C13661780,2026-08-14 00:00:00,38 DAYS,2026-09-21,D11 - 108 Finch Avenue W
C13662542,2026-08-14 00:00:00,38 DAYS,2026-09-21,1406 - 120 Harrison Garden Boulevard
C13662852,2026-08-14 00:00:00,38 DAYS,2026-09-21,811 - 88 Sheppard Avenue E
C13664084,2026-08-14 00:00:00,38 DAYS,2026-09-21,103 - 78 Harrison Garden Boulevard
W13676012,2026-08-14 00:00:00,46 DAYS,2026-09-29,19 - 2380 Bromsgrove Road
C13663302,2026-08-14 00:00:00,38 DAYS,2026-09-21,201 Christie Street
E13668374,2026-08-14 00:00:00,38 DAYS,2026-09-21,46 - 4465 Sheppard Avenue E
E13666322,2026-08-14 00:00:00,38 DAYS,2026-09-21,180 Nantucket Boulevard
E13666086,2026-08-14 00:00:00,38 DAYS,2026-09-21,Unit Fc-10 - 300 Borough Drive
C13668418,2026-08-14 00:00:00,38 DAYS,2026-09-21,1977 Avenue Road
W13602958,2026-08-14 00:00:00,40 DAYS,2026-09-23,4021 Sasha Court
E13668472,2026-08-14 00:00:00,38 DAYS,2026-09-21,#25 - 4186 Finch Avenue E
E13666554,2026-08-14 00:00:00,38 DAYS,2026-09-21,117 Ambercroft Boulevard
C13660560,2026-08-14 00:00:00,38 DAYS,2026-09-21,1312 - 15 Holmes Avenue
E13667384,2026-08-14 00:00:00,38 DAYS,2026-09-21,2010 Queen Street E
W13609526,2026-08-14 00:00:00,40 DAYS,2026-09-23,1101 - 50 Absolute Avenue
C13664820,2026-08-14 00:00:00,38 DAYS,2026-09-21,511 - 208 Queens Quay W
W13673094,2026-08-14 00:00:00,46 DAYS,2026-09-29,1031 Welwyn Drive
W13672410,2026-08-14 00:00:00,45 DAYS,2026-09-28,1406 - 600 Rexdale Boulevard
C13667950,2026-08-14 00:00:00,38 DAYS,2026-09-21,4949 Bathurst Street
W13601888,2026-08-14 00:00:00,40 DAYS,2026-09-23,1761 Coram Crescent
C13663508,2026-08-14 00:00:00,38 DAYS,2026-09-21,12 Arlington Avenue
C13664522,2026-08-14 00:00:00,38 DAYS,2026-09-21,4002 - 80 John Street
C13664016,2026-08-14 00:00:00,38 DAYS,2026-09-21,1105 - 38 Cameron Street
C13660540,2026-08-14 00:00:00,38 DAYS,2026-09-21,131 Heddington Avenue
C13663690,2026-08-14 00:00:00,38 DAYS,2026-09-21,102 Fort York Boulevard
C13663676,2026-08-14 00:00:00,38 DAYS,2026-09-21,305 - 19 Dundonald Street
C13660914,2026-08-14 00:00:00,38 DAYS,2026-09-21,329 - 231 Fort York Boulevard
C13660656,2026-08-14 00:00:00,38 DAYS,2026-09-21,1839 - 135 Lower Sherbourne Street
C13661020,2026-08-14 00:00:00,38 DAYS,2026-09-21,1725 - 251 Jarvis Street
C13661552,2026-08-14 00:00:00,38 DAYS,2026-09-21,17 Sydenham Street
C13661542,2026-08-14 00:00:00,38 DAYS,2026-09-21,4203 - 251 Jarvis Street
C13662668,2026-08-14 00:00:00,38 DAYS,2026-09-21,907 - 89 Church Street
C13662868,2026-08-14 00:00:00,38 DAYS,2026-09-21,1710 - 55 Regent Park Boulevard
C13662350,2026-08-14 00:00:00,38 DAYS,2026-09-21,1603 - 219 Dundas Street E
C13663468,2026-08-14 00:00:00,38 DAYS,2026-09-21,203 - 40 Oaklands Avenue
C13663950,2026-08-14 00:00:00,38 DAYS,2026-09-21,1120 - 25 Lower Simcoe Street
C13661048,2026-08-14 00:00:00,38 DAYS,2026-09-21,705 - 115 Blue Jays Way
C13660510,2026-08-14 00:00:00,38 DAYS,2026-09-21,3409 - 125 Peter Street
C13664726,2026-08-14 00:00:00,38 DAYS,2026-09-21,2601 - 38 Grenville Street
C13664224,2026-08-14 00:00:00,38 DAYS,2026-09-21,305 - 477 Richmond Street W
C13660922,2026-08-14 00:00:00,38 DAYS,2026-09-21,918 - 169 Fort York Boulevard
C13661990,2026-08-14 00:00:00,38 DAYS,2026-09-21,1110 - 155 Yorkville Avenue
C13661996,2026-08-14 00:00:00,38 DAYS,2026-09-21,1511 - 750 Bay Street
C13662884,2026-08-14 00:00:00,38 DAYS,2026-09-21,406 - 20 Edward Street
C13665008,2026-08-14 00:00:00,38 DAYS,2026-09-21,3003 - 203 College Street
C13660842,2026-08-14 00:00:00,38 DAYS,2026-09-21,501 - 35 Balmuto Street
C13665552,2026-08-15 00:00:00,37 DAYS,2026-09-21,1104 - 250 Queens Quay
W13605476,2026-08-15 00:00:00,39 DAYS,2026-09-23,5340 Byford Place W
W13633218,2026-08-15 00:00:00,39 DAYS,2026-09-23,7060 Airport Road
W13636796,2026-08-15 00:00:00,39 DAYS,2026-09-23,939 Pantera Drive
C13665656,2026-08-15 00:00:00,37 DAYS,2026-09-21,613 - 55 Stewart Street
C13668702,2026-08-15 00:00:00,37 DAYS,2026-09-21,606 - 27 Rean Drive
C13665376,2026-08-15 00:00:00,37 DAYS,2026-09-21,1206 - 263 Wellington Street W
W13675602,2026-08-15 00:00:00,37 DAYS,2026-09-21,3391 Lake Shore Boulevard W
C13673306,2026-08-15 00:00:00,37 DAYS,2026-09-21,114 Queen Street
C13672082,2026-08-15 00:00:00,37 DAYS,2026-09-21,1 Cole Street
C13671972,2026-08-15 00:00:00,37 DAYS,2026-09-21,257 King Street E
C13670844,2026-08-15 00:00:00,37 DAYS,2026-09-21,253 Gerrard Street E
W13676666,2026-08-15 00:00:00,44 DAYS,2026-09-28,802 - 600 Rexdale Boulevard
E13672494,2026-08-15 00:00:00,37 DAYS,2026-09-21,1755 Brimley Road
C13668884,2026-08-15 00:00:00,37 DAYS,2026-09-21,236 Seaton Street
C13668498,2026-08-15 00:00:00,37 DAYS,2026-09-21,2706 - 252 Church Street
C13668360,2026-08-15 00:00:00,37 DAYS,2026-09-21,2515 - 319 Jarvis Street
C13666938,2026-08-15 00:00:00,37 DAYS,2026-09-21,902 - 88 Cumberland Street
C13665060,2026-08-15 00:00:00,37 DAYS,2026-09-21,2403 - 357 King Street W
C13667760,2026-08-15 00:00:00,37 DAYS,2026-09-21,3503 - 100 Queen Street E
C13667090,2026-08-15 00:00:00,37 DAYS,2026-09-21,2506 - 60 Shuter Street
C13668550,2026-08-15 00:00:00,37 DAYS,2026-09-21,3707 - 252 Church Street
C13666090,2026-08-15 00:00:00,37 DAYS,2026-09-21,35 Wentworth Avenue
C13665210,2026-08-15 00:00:00,37 DAYS,2026-09-21,1104 - 9 Bogert Avenue
C13669256,2026-08-15 00:00:00,37 DAYS,2026-09-21,3505 - 110 Charles Street E
C13672396,2026-08-15 00:00:00,37 DAYS,2026-09-21,2481 Yonge Street
C13665648,2026-08-15 00:00:00,37 DAYS,2026-09-21,Ph2 - 297 College Street
C13665580,2026-08-15 00:00:00,37 DAYS,2026-09-21,427 - 543 Richmond Street W
C13666438,2026-08-15 00:00:00,37 DAYS,2026-09-21,703 - 38 Stewart Street
C13667386,2026-08-15 00:00:00,37 DAYS,2026-09-21,303 - 80 Vanauley Street
C13667636,2026-08-15 00:00:00,37 DAYS,2026-09-21,5102 - 14 York Street
C13668376,2026-08-15 00:00:00,37 DAYS,2026-09-21,322 - 55 Mercer Street
C13668334,2026-08-15 00:00:00,37 DAYS,2026-09-21,3405 - 183 Wellington Street W
C13668548,2026-08-15 00:00:00,37 DAYS,2026-09-21,308 - 55 Mercer Street
C13668332,2026-08-15 00:00:00,37 DAYS,2026-09-21,345 Gladstone Avenue
C13668802,2026-08-15 00:00:00,37 DAYS,2026-09-21,61 Appleton Avenue
C13668744,2026-08-15 00:00:00,37 DAYS,2026-09-21,408 - 38 Stewart Street
C13669258,2026-08-15 00:00:00,37 DAYS,2026-09-21,3215 - 115 Blue Jays Way
C13666768,2026-08-15 00:00:00,37 DAYS,2026-09-21,239 - 68 Abell Street
W13671380,2026-08-15 00:00:00,37 DAYS,2026-09-21,1606 Eglinton Avenue W
E13671676,2026-08-15 00:00:00,37 DAYS,2026-09-21,18 - 850 Tapscott Road
E13671606,2026-08-15 00:00:00,37 DAYS,2026-09-21,18 - 850 Tapscott Road
C13665072,2026-08-15 00:00:00,37 DAYS,2026-09-21,1806 - 181 Dundas Street E
C13665112,2026-08-15 00:00:00,37 DAYS,2026-09-21,402 - 105 George Street
C13666154,2026-08-15 00:00:00,37 DAYS,2026-09-21,1005 - 319 Jarvis Street
C13666102,2026-08-15 00:00:00,37 DAYS,2026-09-21,501 - 82 Dalhousie Street
W13677972,2026-08-15 00:00:00,44 DAYS,2026-09-28,522 - 80 Esther Lorrie Drive
C13666276,2026-08-15 00:00:00,37 DAYS,2026-09-21,507 - 252 Church Street
C13665834,2026-08-15 00:00:00,37 DAYS,2026-09-21,2305 - 5508 Yonge Street
C13666026,2026-08-15 00:00:00,37 DAYS,2026-09-21,418 - 17 Kenaston Gardens
C13666022,2026-08-15 00:00:00,37 DAYS,2026-09-21,905 - 7 Bishop Avenue
C13669128,2026-08-15 00:00:00,37 DAYS,2026-09-21,708 - 38 Grenville Street
W13634444,2026-08-15 00:00:00,39 DAYS,2026-09-23,7289 Torbram Road
W13612112,2026-08-15 00:00:00,39 DAYS,2026-09-23,419 - 4033 Hurontario Street
C13669170,2026-08-15 00:00:00,37 DAYS,2026-09-21,2202 - 20 Edward Street
E13668142,2026-08-15 00:00:00,37 DAYS,2026-09-21,2 - 753 Gerrard Street E
W13632824,2026-08-15 00:00:00,39 DAYS,2026-09-23,4 - 2416 Haines Road
W13669980,2026-08-15 00:00:00,37 DAYS,2026-09-21,5116 Dundas Street W
W13609344,2026-08-15 00:00:00,39 DAYS,2026-09-23,56 - 7500 Goreway Drive
C13674340,2026-08-15 00:00:00,37 DAYS,2026-09-21,844 Dundas Street W
W13609748,2026-08-15 00:00:00,39 DAYS,2026-09-23,13 - 1310 Gulleden Drive
C13670892,2026-08-16 00:00:00,36 DAYS,2026-09-21,6 Denmark Crescent
W13673036,2026-08-16 00:00:00,36 DAYS,2026-09-21,702 - 758 Dovercourt Road
C13669756,2026-08-16 00:00:00,36 DAYS,2026-09-21,33 Sumner Heights Drive
C13670482,2026-08-16 00:00:00,36 DAYS,2026-09-21,318 - 233 Beecroft Road
C13672846,2026-08-16 00:00:00,36 DAYS,2026-09-21,520 Dufferin Street
C13670948,2026-08-16 00:00:00,36 DAYS,2026-09-21,217 - 80 Saint Patrick Street
C13670002,2026-08-16 00:00:00,36 DAYS,2026-09-21,505 - 270 Queens Quay W
C13669782,2026-08-16 00:00:00,36 DAYS,2026-09-21,19 Grand Trunk Crescent
C13672666,2026-08-16 00:00:00,36 DAYS,2026-09-21,274 Duplex Avenue
E13676178,2026-08-16 00:00:00,36 DAYS,2026-09-21,679 Danforth Avenue
C13676190,2026-08-16 00:00:00,36 DAYS,2026-09-21,"3217, 3219, 3221 Yonge Street"
C13678646,2026-08-16 00:00:00,36 DAYS,2026-09-21,212 - 222 Finch Avenue W
C13670506,2026-08-16 00:00:00,36 DAYS,2026-09-21,229 Florence Avenue
C13670926,2026-08-16 00:00:00,36 DAYS,2026-09-21,2708 - 2 Anndale Drive
E13678356,2026-08-16 00:00:00,36 DAYS,2026-09-21,G8 - 8 Glen Watford Drive
E13677424,2026-08-16 00:00:00,36 DAYS,2026-09-21,151&152 - 1159 Dundas Street E
C13670566,2026-08-16 00:00:00,36 DAYS,2026-09-21,1404 - 131 Beecroft Road
C13669994,2026-08-16 00:00:00,36 DAYS,2026-09-21,710 - 17 Bathurst Street
E13671880,2026-08-16 00:00:00,36 DAYS,2026-09-21,1504 - 15 Baseball Place
E13672818,2026-08-16 00:00:00,36 DAYS,2026-09-21,1 Quarry Court
E13675744,2026-08-16 00:00:00,36 DAYS,2026-09-21,610 Coronation Drive
E13669408,2026-08-16 00:00:00,36 DAYS,2026-09-21,903 - 45 Baseball Place
C13673060,2026-08-16 00:00:00,36 DAYS,2026-09-21,2911 - 159 Wellesley Street E
C13673366,2026-08-16 00:00:00,36 DAYS,2026-09-21,1602 - 575 Bloor Street E
W13676146,2026-08-16 00:00:00,36 DAYS,2026-09-21,9 Milvan Drive E
W13677630,2026-08-16 00:00:00,36 DAYS,2026-09-21,"7,8 Lvl 1; 29,30 Lvl A - 110 Marine Parade Drive"
C13673426,2026-08-16 00:00:00,36 DAYS,2026-09-21,710 - 501 Adelaide Street W
C13673490,2026-08-16 00:00:00,36 DAYS,2026-09-21,318 - 55 Mercer Street
C13676490,2026-08-16 00:00:00,36 DAYS,2026-09-21,B20 - 62 Overlea Boulevard
E13677498,2026-08-16 00:00:00,36 DAYS,2026-09-21,152 - 1159 Dundas Street E
C13671406,2026-08-16 00:00:00,36 DAYS,2026-09-21,11 Gloucester Street
C13672402,2026-08-16 00:00:00,36 DAYS,2026-09-21,3208 - 125 Blue Jays Way
W13638474,2026-08-16 00:00:00,38 DAYS,2026-09-23,18 - 5484 Tomken Road
C13672332,2026-08-16 00:00:00,36 DAYS,2026-09-21,4805 - 3 Concord Cityplace Way
C13671490,2026-08-16 00:00:00,36 DAYS,2026-09-21,1007 - 19 Bathurst Street
C13671408,2026-08-16 00:00:00,36 DAYS,2026-09-21,306 - 352 Front Street W
C13670536,2026-08-16 00:00:00,36 DAYS,2026-09-21,3213 - 10 York Street
C13673246,2026-08-16 00:00:00,36 DAYS,2026-09-21,42 Mansfield Avenue
C13671416,2026-08-16 00:00:00,36 DAYS,2026-09-21,306 - 456 College Street
E13670698,2026-08-16 00:00:00,36 DAYS,2026-09-21,944 Dundas Street E
C13672926,2026-08-16 00:00:00,36 DAYS,2026-09-21,901(Ph1) - 23 Rean Drive
C13670808,2026-08-16 00:00:00,36 DAYS,2026-09-21,1022 - 400 Adelaide Street E
C13675152,2026-08-16 00:00:00,36 DAYS,2026-09-21,374 College Street
E13674282,2026-08-16 00:00:00,36 DAYS,2026-09-21,865 O Connor Drive
C13673782,2026-08-16 00:00:00,36 DAYS,2026-09-21,907 - 100 Dalhousie Street
W13679620,2026-08-16 00:00:00,43 DAYS,2026-09-28,6 Dittmer Crescent
C13671324,2026-08-16 00:00:00,36 DAYS,2026-09-21,679 Ossington Avenue
W13674980,2026-08-16 00:00:00,36 DAYS,2026-09-21,4105 Steeles Avenue W
W13680126,2026-08-16 00:00:00,43 DAYS,2026-09-28,1610 - 3 Rowntree Road
W13614884,2026-08-16 00:00:00,38 DAYS,2026-09-23,1509 - 1360 Rathburn Road E
C13671702,2026-08-16 00:00:00,36 DAYS,2026-09-21,707 - 20 Tubman Avenue
W13641882,2026-08-16 00:00:00,38 DAYS,2026-09-23,3 - 4141 Dixie Road
C13673558,2026-08-16 00:00:00,36 DAYS,2026-09-21,1501 - 30 Harrison Garden Boulevard
C13673548,2026-08-16 00:00:00,36 DAYS,2026-09-21,62 Northdale Road
C13673522,2026-08-16 00:00:00,36 DAYS,2026-09-21,204 Ellerslie Avenue
C13671004,2026-08-16 00:00:00,36 DAYS,2026-09-21,401 - 77 Mutual Street
W13615678,2026-08-16 00:00:00,38 DAYS,2026-09-23,802 - 50 Absolute Avenue
C13678216,2026-08-17 00:00:00,35 DAYS,2026-09-21,228 Hollywood Avenue
C13674824,2026-08-17 00:00:00,35 DAYS,2026-09-21,1805 - 252 Church Street
C13677100,2026-08-17 00:00:00,35 DAYS,2026-09-21,702 - 32 Trolley Crescent
W13621482,2026-08-17 00:00:00,37 DAYS,2026-09-23,3508 - 80 Absolute Avenue
W13619470,2026-08-17 00:00:00,37 DAYS,2026-09-23,1502 - 60 Absolute Avenue
W13610238,2026-08-17 00:00:00,37 DAYS,2026-09-23,19 - 3233 Derry Road E
C13678230,2026-08-17 00:00:00,35 DAYS,2026-09-21,1106 - 6 Greenbriar Road
W13679974,2026-08-17 00:00:00,35 DAYS,2026-09-21,27 - 45 Brisbane Road
C13678170,2026-08-17 00:00:00,35 DAYS,2026-09-21,1707 - 45 Carlton Street
C13677538,2026-08-17 00:00:00,35 DAYS,2026-09-21,603 - 25 Carlton Street
E13677042,2026-08-17 00:00:00,35 DAYS,2026-09-21,303 - 800 Broadview Avenue
C13674832,2026-08-17 00:00:00,35 DAYS,2026-09-21,2605 - 319 Jarvis Street
E13676818,2026-08-17 00:00:00,35 DAYS,2026-09-21,22 Harriet Street
E13676686,2026-08-17 00:00:00,35 DAYS,2026-09-21,968 Eastern Avenue
E13674852,2026-08-17 00:00:00,35 DAYS,2026-09-21,211 - 625 Queen Street E
C13677954,2026-08-17 00:00:00,35 DAYS,2026-09-21,S217 - 120 Bayview Avenue
W13607932,2026-08-17 00:00:00,37 DAYS,2026-09-23,3074 Merritt Avenue
W13618572,2026-08-17 00:00:00,37 DAYS,2026-09-23,706 - 3145 Queen Frederica Drive
E13677320,2026-08-17 00:00:00,35 DAYS,2026-09-21,203 - 1050 Eastern Avenue
W13643482,2026-08-17 00:00:00,37 DAYS,2026-09-23,11 - 5359 Timberlea Boulevard
C13680074,2026-08-17 00:00:00,35 DAYS,2026-09-21,793 Bathurst Street
W13620334,2026-08-17 00:00:00,37 DAYS,2026-09-23,23 - 333 Meadows Boulevard
W13677796,2026-08-17 00:00:00,35 DAYS,2026-09-21,703 - 758 Dovercourt Road
C13674364,2026-08-17 00:00:00,35 DAYS,2026-09-21,337 Horsham Avenue
W13610302,2026-08-17 00:00:00,37 DAYS,2026-09-23,1721 Dundas Street E
C13676364,2026-08-17 00:00:00,35 DAYS,2026-09-21,304 - 5949 Yonge Street
C13676888,2026-08-17 00:00:00,35 DAYS,2026-09-21,914 - 80 St Patrick Street
C13676614,2026-08-17 00:00:00,35 DAYS,2026-09-21,84 Florence Avenue
C13674548,2026-08-17 00:00:00,35 DAYS,2026-09-21,2621 - 135 Lower Sherbourne Street
W13617956,2026-08-17 00:00:00,37 DAYS,2026-09-23,7053 Harwick Drive
W13610398,2026-08-17 00:00:00,37 DAYS,2026-09-23,162 Clansman Trail
C13677752,2026-08-17 00:00:00,35 DAYS,2026-09-21,611 - 6 Greenbriar Road
C13677764,2026-08-17 00:00:00,35 DAYS,2026-09-21,327 - 6 Greenbriar Road
C13678136,2026-08-17 00:00:00,35 DAYS,2026-09-21,212 - 6 Greenbriar Road
C13680322,2026-08-17 00:00:00,35 DAYS,2026-09-21,#92 - 384 Yonge Street
W13646004,2026-08-17 00:00:00,37 DAYS,2026-09-23,339 & 350 - 1550 South Gateway Road
C13674178,2026-08-17 00:00:00,35 DAYS,2026-09-21,114 - 30 Dreamers Way
C13678442,2026-08-17 00:00:00,35 DAYS,2026-09-21,325 - 28 Eastern Avenue
C13678236,2026-08-17 00:00:00,35 DAYS,2026-09-21,1104 - 6 Greenbriar Road
C13677994,2026-08-17 00:00:00,35 DAYS,2026-09-21,1020 - 6 Greenbriar Road
E13679896,2026-08-17 00:00:00,35 DAYS,2026-09-21,5 - 1375 Danforth Road
C13679762,2026-08-17 00:00:00,35 DAYS,2026-09-21,209 - 7 St Thomas Street
C13678904,2026-08-18 00:00:00,34 DAYS,2026-09-21,268 Manning Avenue
W13683990,2026-08-18 00:00:00,42 DAYS,2026-09-29,102 - 1110 Walden Circle
C13680314,2026-08-18 00:00:00,34 DAYS,2026-09-21,124 Lyndhurst Avenue
C13679632,2026-08-18 00:00:00,34 DAYS,2026-09-21,608 - 70 Temperance Street
W13684940,2026-08-18 00:00:00,41 DAYS,2026-09-28,2444-2446 Lake Shore Boulevard W
W13683786,2026-08-18 00:00:00,42 DAYS,2026-09-29,6 - 2440 Bromsgrove Road
E13680422,2026-08-18 00:00:00,34 DAYS,2026-09-21,294 Markham Road
W13680862,2026-08-18 00:00:00,34 DAYS,2026-09-21,963 Albion Road N
W13624128,2026-08-18 00:00:00,36 DAYS,2026-09-23,3315 Dwiggin Avenue
C13679236,2026-08-18 00:00:00,34 DAYS,2026-09-21,43 Marchmount Road
C13680082,2026-08-18 00:00:00,34 DAYS,2026-09-21,821 - 585 Bloor Street E
W13611750,2026-08-18 00:00:00,36 DAYS,2026-09-23,4386 Curia Crescent
W13614934,2026-08-18 00:00:00,36 DAYS,2026-09-23,4674 Antelope Crescent
W13614340,2026-08-18 00:00:00,36 DAYS,2026-09-23,4040 Silverhaze Road
C13680270,2026-08-18 00:00:00,34 DAYS,2026-09-21,Mph07 - 7 Lorraine Drive
C13680242,2026-08-18 00:00:00,34 DAYS,2026-09-21,315 - 17 Anndale Drive
E13680460,2026-08-18 00:00:00,34 DAYS,2026-09-21,2&3 - 4385 Sheppard Avenue E
E13680446,2026-08-18 00:00:00,34 DAYS,2026-09-21,101B - 2347 Kennedy Road
C13679358,2026-08-18 00:00:00,34 DAYS,2026-09-21,418 - 100 Dalhousie Street
C13679814,2026-08-18 00:00:00,34 DAYS,2026-09-21,902 - 21 Hillcrest Avenue
C13679664,2026-08-18 00:00:00,34 DAYS,2026-09-21,1806 - 30 Greenfield Avenue
C13679430,2026-08-18 00:00:00,34 DAYS,2026-09-21,602 - 100 Harrison Garden Boulevard
W13653142,2026-08-18 00:00:00,36 DAYS,2026-09-23,8B - 5900 Dixie Road
W13652244,2026-08-18 00:00:00,36 DAYS,2026-09-23,1 - 3 - 5151 Everest Drive
E13678934,2026-08-18 00:00:00,34 DAYS,2026-09-21,182 Boulton Avenue
E13679780,2026-08-18 00:00:00,34 DAYS,2026-09-21,323 - 150 Logan Avenue
E13680512,2026-08-18 00:00:00,34 DAYS,2026-09-21,3468 Danforth Avenue
W13623522,2026-08-18 00:00:00,36 DAYS,2026-09-23,1403 - 80 Absolute Avenue
C13679476,2026-08-18 00:00:00,34 DAYS,2026-09-21,1203 - 100 Canyon Avenue
C13678860,2026-08-18 00:00:00,34 DAYS,2026-09-21,3112 - 5858 Yonge Street
W13652092,2026-08-18 00:00:00,36 DAYS,2026-09-23,6 - 1185 Queensway E
W13682362,2026-08-19 00:00:00,33 DAYS,2026-09-21,586 Browns Line
W13683728,2026-08-19 00:00:00,33 DAYS,2026-09-21,3128 Dundas Street W
W13681976,2026-08-19 00:00:00,33 DAYS,2026-09-21,3319C Bloor Street W
W13681968,2026-08-19 00:00:00,33 DAYS,2026-09-21,3319A Bloor Street W
W13683240,2026-08-19 00:00:00,33 DAYS,2026-09-21,1665 Bloor Street W
W13627432,2026-08-19 00:00:00,35 DAYS,2026-09-23,7208 Hermitage Road
W13626078,2026-08-19 00:00:00,35 DAYS,2026-09-23,117 - 333 Meadows Boulevard
W13683542,2026-08-19 00:00:00,33 DAYS,2026-09-21,1665 Bloor Street W
C13684244,2026-08-19 00:00:00,33 DAYS,2026-09-21,G10 - 421 Dundas Street W
C13680608,2026-08-19 00:00:00,33 DAYS,2026-09-21,122 - 255 Richmond Street E
W13687540,2026-08-19 00:00:00,40 DAYS,2026-09-28,1608 - 45 Silverstone Drive
W13683370,2026-08-19 00:00:00,33 DAYS,2026-09-21,1665 Bloor Street W
W13689426,2026-08-19 00:00:00,40 DAYS,2026-09-28,85 Silverstone Drive
W13681792,2026-08-19 00:00:00,33 DAYS,2026-09-21,3287 Dundas Street W
W13681956,2026-08-19 00:00:00,33 DAYS,2026-09-21,3319 A & C Bloor Street W
W13683000,2026-08-19 00:00:00,33 DAYS,2026-09-21,9 - 130 Industry Street
W13683396,2026-08-19 00:00:00,33 DAYS,2026-09-21,H3 - 2071 Steeles Avenue W
W13688030,2026-08-19 00:00:00,41 DAYS,2026-09-29,50 - 2440 Bromsgrove Road
W13689776,2026-08-19 00:00:00,41 DAYS,2026-09-29,108 - 1165 Journeyman Lane
40856827,2026-08-19 00:00:00,41 DAYS,2026-09-29,2488 Brookhurst Road
E13684346,2026-08-19 00:00:00,33 DAYS,2026-09-21,11 Curity Avenue
W13616494,2026-08-19 00:00:00,35 DAYS,2026-09-23,159 - 85 Bristol Road
C13682392,2026-08-19 00:00:00,33 DAYS,2026-09-21,1677 Bayview Avenue
W13617502,2026-08-19 00:00:00,35 DAYS,2026-09-23,3119 - 8 Nahani Way E
C13685480,2026-08-19 00:00:00,33 DAYS,2026-09-21,101-104 - 250 Sheppard Avenue E
C13681844,2026-08-19 00:00:00,33 DAYS,2026-09-21,791 Dundas Street W
E13685102,2026-08-19 00:00:00,33 DAYS,2026-09-21,355 Pitfield Road
C13681140,2026-08-19 00:00:00,33 DAYS,2026-09-21,2612 - 1 Bloor Street E
E13683712,2026-08-19 00:00:00,33 DAYS,2026-09-21,5095 Sheppard Avenue E
W13686814,2026-08-19 00:00:00,40 DAYS,2026-09-28,10 Mimico Avenue
40839569,2026-08-19 00:00:00,35 DAYS,2026-09-23,85 Bristol Road Unit# 159
C13680892,2026-08-19 00:00:00,33 DAYS,2026-09-21,33 Heathview Avenue
E13683244,2026-08-19 00:00:00,33 DAYS,2026-09-21,G-5 - 26 William Kitchen Road
W13691024,2026-08-20 00:00:00,39 DAYS,2026-09-28,10 Mimico Avenue
C13681320,2026-08-20 00:00:00,32 DAYS,2026-09-21,4310 - 488 University Avenue
C13683946,2026-08-20 00:00:00,32 DAYS,2026-09-21,308 - 88 Davenport Road
C13687396,2026-08-20 00:00:00,32 DAYS,2026-09-21,852 Sheppard Avenue W
C13681368,2026-08-20 00:00:00,32 DAYS,2026-09-21,190 Major Street
C13688854,2026-08-20 00:00:00,32 DAYS,2026-09-21,669 Queen Street W
C13683584,2026-08-20 00:00:00,32 DAYS,2026-09-21,202 - 501 St Clair Avenue W
C13684168,2026-08-20 00:00:00,32 DAYS,2026-09-21,1107 - 152 St Patrick Street
W13693822,2026-08-20 00:00:00,39 DAYS,2026-09-28,102 - 127 Westmore Drive
C13684910,2026-08-20 00:00:00,32 DAYS,2026-09-21,501 - 197 Goulding Avenue
W13682410,2026-08-20 00:00:00,32 DAYS,2026-09-21,1440 Dufferin Street
C13681190,2026-08-20 00:00:00,32 DAYS,2026-09-21,2606 - 18 Harrison Garden Boulevard
W13682438,2026-08-20 00:00:00,32 DAYS,2026-09-21,1259 Davenport Road
C13683176,2026-08-20 00:00:00,32 DAYS,2026-09-21,505B - 660 Sheppard Avenue E
C13682340,2026-08-20 00:00:00,32 DAYS,2026-09-21,1703 - 10 Oak Street
C13683552,2026-08-20 00:00:00,32 DAYS,2026-09-21,22 Heathview Avenue
C13682454,2026-08-20 00:00:00,32 DAYS,2026-09-21,1208 - 100 Queen Street E
W13623690,2026-08-20 00:00:00,34 DAYS,2026-09-23,8 Nahani Way 304 Way
C13682088,2026-08-20 00:00:00,32 DAYS,2026-09-21,711 - 225 Sumach Street
C13684250,2026-08-20 00:00:00,32 DAYS,2026-09-21,4106 - 210 Victoria Street
W13620436,2026-08-20 00:00:00,34 DAYS,2026-09-23,42 - 119 Bristol Road E
C13684906,2026-08-20 00:00:00,32 DAYS,2026-09-21,301 - 197 Goulding Avenue
C13684904,2026-08-20 00:00:00,32 DAYS,2026-09-21,26 Devondale Avenue
C13684902,2026-08-20 00:00:00,32 DAYS,2026-09-21,201 - 197 Goulding Avenue
C13684918,2026-08-20 00:00:00,32 DAYS,2026-09-21,101 - 197 Goulding Avenue
W13688294,2026-08-20 00:00:00,32 DAYS,2026-09-21,Unit101 - 405 The West Mall
C13684908,2026-08-20 00:00:00,32 DAYS,2026-09-21,Penthouse - 197 Goulding Avenue
C13688426,2026-08-20 00:00:00,32 DAYS,2026-09-21,2003 Avenue Road
C13681410,2026-08-20 00:00:00,32 DAYS,2026-09-21,N110 - 116 George Street
C13681484,2026-08-20 00:00:00,32 DAYS,2026-09-21,206 - 18 Hollywood Avenue
C13687812,2026-08-20 00:00:00,32 DAYS,2026-09-21,1150 Davenport Road
W13689362,2026-08-20 00:00:00,32 DAYS,2026-09-21,Main - 838 Roselawn Avenue
E13686396,2026-08-20 00:00:00,32 DAYS,2026-09-21,3280 Midland Avenue
W13696454,2026-08-20 00:00:00,40 DAYS,2026-09-29,2488 Brookhurst Road
W13695116,2026-08-20 00:00:00,40 DAYS,2026-09-29,1503 - 1055 Southdown Road
E13686844,2026-08-20 00:00:00,32 DAYS,2026-09-21,1019 Coxwell Avenue
E13689370,2026-08-20 00:00:00,32 DAYS,2026-09-21,155 Dynamic Drive N
W13687110,2026-08-20 00:00:00,32 DAYS,2026-09-21,983 Dupont Street
W13629496,2026-08-20 00:00:00,34 DAYS,2026-09-23,2 - 7440 Goreway Drive
E13689332,2026-08-20 00:00:00,32 DAYS,2026-09-21,1870 Danforth Avenue
C13681726,2026-08-20 00:00:00,32 DAYS,2026-09-21,405 - 18 Maitland Terrace
W13686618,2026-08-20 00:00:00,32 DAYS,2026-09-21,2891 Jane Street
W13623298,2026-08-20 00:00:00,34 DAYS,2026-09-23,4157 Ottewell Crescent
E13689156,2026-08-20 00:00:00,32 DAYS,2026-09-21,2207 Gerrard Street E
C13684036,2026-08-20 00:00:00,32 DAYS,2026-09-21,2404 - 8 Cumberland Street
C13681378,2026-08-20 00:00:00,32 DAYS,2026-09-21,154 Charlton Boulevard
W13692444,2026-08-21 00:00:00,31 DAYS,2026-09-21,22A Rexdale Boulevard
C13693006,2026-08-21 00:00:00,31 DAYS,2026-09-21,2809 Bathurst Street N
W13693300,2026-08-21 00:00:00,31 DAYS,2026-09-21,90 Marlee Avenue
C13691786,2026-08-21 00:00:00,31 DAYS,2026-09-21,825 Bloor Street W
W13690034,2026-08-21 00:00:00,31 DAYS,2026-09-21,24 - 24 Rexdale Boulevard
W13691852,2026-08-21 00:00:00,31 DAYS,2026-09-21,5A - 2013 Lawrence Avenue W
W13692364,2026-08-21 00:00:00,31 DAYS,2026-09-21,26 - 22 Rexdale Boulevard
W13690058,2026-08-21 00:00:00,31 DAYS,2026-09-21,414 Roncesvalles Avenue
W13691346,2026-08-21 00:00:00,31 DAYS,2026-09-21,557 Fenmar Drive
C13688366,2026-08-21 00:00:00,31 DAYS,2026-09-21,3609 - 42 Charles Street E
C13686648,2026-08-21 00:00:00,31 DAYS,2026-09-21,501 - 407 Walmer Road
C13686018,2026-08-21 00:00:00,31 DAYS,2026-09-21,322 - 1 Benvenuto Place
W13697374,2026-08-21 00:00:00,39 DAYS,2026-09-29,1320 Gatehouse Drive
E13693304,2026-08-21 00:00:00,31 DAYS,2026-09-21,8 - 31 Tapscott Road
E13694020,2026-08-21 00:00:00,31 DAYS,2026-09-21,205 - 4211 Sheppard Avenue E
C13685816,2026-08-21 00:00:00,31 DAYS,2026-09-21,38 Foxwarren Drive
C13685658,2026-08-21 00:00:00,31 DAYS,2026-09-21,2403 - 11 Bogert Avenue
W13698448,2026-08-21 00:00:00,39 DAYS,2026-09-29,112 - 966 Inverhouse Drive
C13692784,2026-08-21 00:00:00,31 DAYS,2026-09-21,609 - 4789 Yonge Street
W13658810,2026-08-21 00:00:00,33 DAYS,2026-09-23,24 - 190 Britannia Road E
W13627578,2026-08-21 00:00:00,33 DAYS,2026-09-23,69 - 80 Acorn Place
E13686414,2026-08-21 00:00:00,31 DAYS,2026-09-21,491 Jones Avenue
E13685680,2026-08-21 00:00:00,31 DAYS,2026-09-21,966 Dundas Street E
E13685520,2026-08-21 00:00:00,31 DAYS,2026-09-21,902 - 45 Baseball Place
C13687970,2026-08-21 00:00:00,31 DAYS,2026-09-21,601 - 25 Maitland Street
C13686632,2026-08-21 00:00:00,31 DAYS,2026-09-21,700 - 38 Avenue Road
W13699136,2026-08-21 00:00:00,39 DAYS,2026-09-29,Gr45 - 1575 Lakeshore Road W
E13691142,2026-08-21 00:00:00,31 DAYS,2026-09-21,1346 Danforth Avenue
C13685700,2026-08-21 00:00:00,31 DAYS,2026-09-21,1802 - 319 Jarvis Street
W13697198,2026-08-21 00:00:00,38 DAYS,2026-09-28,73 Struthers Street
W13695712,2026-08-21 00:00:00,38 DAYS,2026-09-28,59 Fifth Street
C13687266,2026-08-21 00:00:00,31 DAYS,2026-09-21,404 - 181 Bedford Road
C13687572,2026-08-21 00:00:00,31 DAYS,2026-09-21,1501 - 111 Elizabeth Street
C13687670,2026-08-21 00:00:00,31 DAYS,2026-09-21,1106 - 1121 Bay Street
W13625292,2026-08-21 00:00:00,33 DAYS,2026-09-23,585 Candlestick Circle
C13688768,2026-08-21 00:00:00,31 DAYS,2026-09-21,1305 - 1166 Bay Street
W13699492,2026-08-21 00:00:00,39 DAYS,2026-09-29,26 - 2380 Bromsgrove Road
W13695920,2026-08-21 00:00:00,38 DAYS,2026-09-28,5555 Eglinton Avenue W
W13695028,2026-08-21 00:00:00,38 DAYS,2026-09-28,602 - 710 Humberwood Boulevard
W13695052,2026-08-21 00:00:00,38 DAYS,2026-09-28,37 Woodsview Avenue
E13689768,2026-08-21 00:00:00,31 DAYS,2026-09-21,5 - 1940 Ellesmere Road
W13624914,2026-08-21 00:00:00,33 DAYS,2026-09-23,4413 Lee Drive
W13627086,2026-08-21 00:00:00,33 DAYS,2026-09-23,1583 Otterby Road
C13692446,2026-08-22 00:00:00,30 DAYS,2026-09-21,2501 - 955 Bay Street
C13691742,2026-08-22 00:00:00,30 DAYS,2026-09-21,1911 - 501 St Clair Avenue W
C13690300,2026-08-22 00:00:00,30 DAYS,2026-09-21,608 - 297 College Street
C13692682,2026-08-22 00:00:00,30 DAYS,2026-09-21,4505 - 386 Yonge Street
C13691240,2026-08-22 00:00:00,30 DAYS,2026-09-21,3802 - 200 Cumberland Street
C13693810,2026-08-22 00:00:00,30 DAYS,2026-09-21,4206 - 386 Yonge Street
C13693878,2026-08-22 00:00:00,30 DAYS,2026-09-21,304 - 15 Beverley Street
C13691970,2026-08-22 00:00:00,30 DAYS,2026-09-21,407 - 1055 Bay Street
C13691746,2026-08-22 00:00:00,30 DAYS,2026-09-21,709 - 1080 Bay Street
W13693722,2026-08-22 00:00:00,30 DAYS,2026-09-21,131 Lauder Avenue
C13695102,2026-08-22 00:00:00,30 DAYS,2026-09-21,1541-1543 Bayview Avenue
W13702376,2026-08-22 00:00:00,38 DAYS,2026-09-29,1041 Blizzard Road
W13702490,2026-08-22 00:00:00,38 DAYS,2026-09-29,19 - 1575 South Parade Court
W13702720,2026-08-22 00:00:00,38 DAYS,2026-09-29,5847 Summerside Drive
W13703270,2026-08-22 00:00:00,38 DAYS,2026-09-29,1 - 5658 Glen Erin Drive
W13703940,2026-08-22 00:00:00,38 DAYS,2026-09-29,6062 Prairie Circle
W13700646,2026-08-22 00:00:00,37 DAYS,2026-09-28,206 - 6 Humberline Drive
W13701698,2026-08-22 00:00:00,38 DAYS,2026-09-29,503 Meadow Wood Road
E13698298,2026-08-22 00:00:00,30 DAYS,2026-09-21,C13 - 3101 Kennedy Road
E13702488,2026-08-22 00:00:00,37 DAYS,2026-09-28,64 Larwood Boulevard
40856333,2026-08-22 00:00:00,38 DAYS,2026-09-29,1575 South Parade Court Unit# 19
W13662656,2026-08-22 00:00:00,32 DAYS,2026-09-23,11 - 7171 Torbram Road
C13693470,2026-08-22 00:00:00,30 DAYS,2026-09-21,649 Crawford Street N
W13696188,2026-08-22 00:00:00,30 DAYS,2026-09-21,4250 Weston Road
C13691316,2026-08-22 00:00:00,30 DAYS,2026-09-21,1611 - 33 Charles Street E
E13694874,2026-08-22 00:00:00,30 DAYS,2026-09-21,748 Broadview Avenue
C13697464,2026-08-22 00:00:00,30 DAYS,2026-09-21,1089 Bloor Street W
W13702184,2026-08-22 00:00:00,38 DAYS,2026-09-29,1509 - 4879 Kimbermount Avenue
C13696198,2026-08-22 00:00:00,30 DAYS,2026-09-21,398 King Street E
C13696196,2026-08-22 00:00:00,30 DAYS,2026-09-21,398 King Street E
C13694132,2026-08-22 00:00:00,30 DAYS,2026-09-21,147 Euclid Avenue
W13630860,2026-08-23 00:00:00,31 DAYS,2026-09-23,Th#111 - 220 Forum Drive
W13640140,2026-08-23 00:00:00,31 DAYS,2026-09-23,6939 Justine Drive
W13639284,2026-08-23 00:00:00,31 DAYS,2026-09-23,1209 - 4205 Shipp Drive
E13699320,2026-08-23 00:00:00,29 DAYS,2026-09-21,360 Broadview Avenue
E13699402,2026-08-23 00:00:00,29 DAYS,2026-09-21,471 Danforth Avenue
C13702054,2026-08-23 00:00:00,29 DAYS,2026-09-21,275 - 222 Spadina Avenue
W13699532,2026-08-23 00:00:00,29 DAYS,2026-09-21,Unit 1 - 300 Manitoba Street
C13699392,2026-08-23 00:00:00,29 DAYS,2026-09-21,6Th Floor - Unit 1 - 2161 Yonge Street
C13699468,2026-08-23 00:00:00,29 DAYS,2026-09-21,6Th Floor - Unit 9 - 2161 Yonge Street
C13699462,2026-08-23 00:00:00,29 DAYS,2026-09-21,6Th Floor - Unit 8 - 2161 Yonge Street
C13699456,2026-08-23 00:00:00,29 DAYS,2026-09-21,6Th Floor - Unit 7 - 2161 Yonge Street
C13699432,2026-08-23 00:00:00,29 DAYS,2026-09-21,6Th Floor - Unit 3 - 2161 Yonge Street
C13699446,2026-08-23 00:00:00,29 DAYS,2026-09-21,6Th Floor - Unit 5 - 2161 Yonge Street
C13699440,2026-08-23 00:00:00,29 DAYS,2026-09-21,6Th Floor - Unit 4 - 2161 Yonge Street
C13699398,2026-08-23 00:00:00,29 DAYS,2026-09-21,6Th Floor - Unit 2 - 2161 Yonge Street
C13695440,2026-08-23 00:00:00,29 DAYS,2026-09-21,4001 - 50 Yorkville Avenue
W13703750,2026-08-23 00:00:00,36 DAYS,2026-09-28,102 - 4 Litchfield Court
C13698906,2026-08-23 00:00:00,29 DAYS,2026-09-21,33 The Links Road
W13668668,2026-08-23 00:00:00,31 DAYS,2026-09-23,37 - 5359 Timberlea Boulevard
W13699260,2026-08-23 00:00:00,29 DAYS,2026-09-21,5 - 40 Kodiak Crescent
W13702364,2026-08-23 00:00:00,29 DAYS,2026-09-21,1281 Davenport Road
C13699454,2026-08-23 00:00:00,29 DAYS,2026-09-21,6Th Floor - Unit 6 - 2161 Yonge Street
C13704106,2026-08-24 00:00:00,28 DAYS,2026-09-21,502 Queen Street W
W13705070,2026-08-24 00:00:00,36 DAYS,2026-09-29,7647 Doverwood Drive
W13706672,2026-08-24 00:00:00,36 DAYS,2026-09-29,1417 - 2520 Eglinton Avenue W
W13643612,2026-08-24 00:00:00,30 DAYS,2026-09-23,7746 Redstone Road
W13645488,2026-08-24 00:00:00,30 DAYS,2026-09-23,520 - 7405 Goreway Drive
W13706832,2026-08-24 00:00:00,36 DAYS,2026-09-29,68 - 2398 Britannia Road W
E13703562,2026-08-24 00:00:00,28 DAYS,2026-09-21,13 - 3833 Midland Avenue
W13708714,2026-08-25 00:00:00,34 DAYS,2026-09-28,41 Strathavon Drive
W13706216,2026-08-25 00:00:00,34 DAYS,2026-09-28,36 Thicket Road
W13706010,2026-08-25 00:00:00,34 DAYS,2026-09-28,37 Cherry Post Crescent
E13707802,2026-08-25 00:00:00,34 DAYS,2026-09-28,57 Silver Birch Avenue
E13704220,2026-08-25 00:00:00,27 DAYS,2026-09-21,9 - 4525 Kingston Road W
C13704862,2026-08-25 00:00:00,27 DAYS,2026-09-21,348 Dupont Street
W13706250,2026-08-25 00:00:00,34 DAYS,2026-09-28,6210 Finch Avenue W
W13706944,2026-08-25 00:00:00,34 DAYS,2026-09-28,177 Westmore Drive S
W13648910,2026-08-25 00:00:00,29 DAYS,2026-09-23,306 - 1300 Bloor Street
E13708442,2026-08-25 00:00:00,34 DAYS,2026-09-28,2373 Kingston Road
W13711590,2026-08-25 00:00:00,35 DAYS,2026-09-29,29 - 3125 Fifth Line W
W13650006,2026-08-25 00:00:00,29 DAYS,2026-09-23,1503 - 70 Absolute Avenue
W13651058,2026-08-25 00:00:00,29 DAYS,2026-09-23,131 Robert Speck Parkway
W13706128,2026-08-25 00:00:00,34 DAYS,2026-09-28,505 - 10 Drummond Street
W13710274,2026-08-25 00:00:00,35 DAYS,2026-09-29,2564 Mainroyal Street
W13711544,2026-08-25 00:00:00,35 DAYS,2026-09-29,28 - 3140 Fifth Line W
W13634520,2026-08-25 00:00:00,29 DAYS,2026-09-23,1033 Franconia Drive
W13709004,2026-08-25 00:00:00,35 DAYS,2026-09-29,3279 Charlebrook Court
W13708328,2026-08-25 00:00:00,35 DAYS,2026-09-29,1540 Watersedge Road
W13709048,2026-08-25 00:00:00,35 DAYS,2026-09-29,5806 Mersey Street
W13649178,2026-08-25 00:00:00,29 DAYS,2026-09-23,29 - 7255 Dooley Drive
W13635888,2026-08-25 00:00:00,29 DAYS,2026-09-23,54 - 57 Armdale Road
W13635280,2026-08-25 00:00:00,29 DAYS,2026-09-23,5502 Cosmic Crescent
W13709756,2026-08-25 00:00:00,35 DAYS,2026-09-29,5661 Volpe Avenue
40857865,2026-08-25 00:00:00,35 DAYS,2026-09-29,3140 Fifth Line W Unit# 28
40857945,2026-08-25 00:00:00,35 DAYS,2026-09-29,1540 Watersedge Road
C13708834,2026-08-26 00:00:00,26 DAYS,2026-09-21,198 1/2 Carlton Street
W13651956,2026-08-26 00:00:00,28 DAYS,2026-09-23,1805 - 1360 Rathburn Road E
C13708382,2026-08-26 00:00:00,26 DAYS,2026-09-21,150 Kenwood Avenue
C13708730,2026-08-26 00:00:00,26 DAYS,2026-09-21,997 Eglinton Avenue W
W13711782,2026-08-26 00:00:00,33 DAYS,2026-09-28,355 Rexdale Boulevard
40854950,2026-08-26 00:00:00,34 DAYS,2026-09-29,1110 Walden Circle Unit# 312
W13713604,2026-08-26 00:00:00,34 DAYS,2026-09-29,312 - 1110 Walden Circle
W13713600,2026-08-26 00:00:00,34 DAYS,2026-09-29,512 Bob O Link
W13705142,2026-08-26 00:00:00,26 DAYS,2026-09-21,106-108 King Street
W13707592,2026-08-26 00:00:00,26 DAYS,2026-09-21,16 - 101 Toro Road
W13710954,2026-08-26 00:00:00,33 DAYS,2026-09-28,202 - 6 Humberline Drive
W13710028,2026-08-26 00:00:00,33 DAYS,2026-09-28,112 - 420 Mill Road
C13705276,2026-08-26 00:00:00,26 DAYS,2026-09-21,435 Eglinton Avenue W
C13708304,2026-08-26 00:00:00,26 DAYS,2026-09-21,558 Bloor St Street
E13707398,2026-08-26 00:00:00,26 DAYS,2026-09-21,347 & 349 Jones Avenue
W13708716,2026-08-26 00:00:00,26 DAYS,2026-09-21,2108 - 155 Legion Road N
W13711844,2026-08-26 00:00:00,34 DAYS,2026-09-29,13 - 3975 Eglinton Avenue W
W13712306,2026-08-26 00:00:00,34 DAYS,2026-09-29,62 - 470 Faith Drive
W13713940,2026-08-26 00:00:00,34 DAYS,2026-09-29,3 - 2895 Hazelton Place E
C13705776,2026-08-26 00:00:00,26 DAYS,2026-09-21,5 - 315 Avenue Road
W13653086,2026-08-26 00:00:00,28 DAYS,2026-09-23,307 - 90 Absolute Avenue
W13653400,2026-08-26 00:00:00,28 DAYS,2026-09-23,37-4135 Shipp Drive
C13706694,2026-08-26 00:00:00,26 DAYS,2026-09-21,1554 Avenue Road
W13653570,2026-08-26 00:00:00,28 DAYS,2026-09-23,13 - 7035 Rexwood Road
W13653206,2026-08-26 00:00:00,28 DAYS,2026-09-23,55 - 2120 Rathburn Road E
W13652694,2026-08-26 00:00:00,28 DAYS,2026-09-23,3295 Chipley Crescent
W13706212,2026-08-26 00:00:00,26 DAYS,2026-09-21,186 Thirtieth Street
W13712316,2026-08-26 00:00:00,34 DAYS,2026-09-29,527 Meadow Wood Road
W13709694,2026-08-26 00:00:00,33 DAYS,2026-09-28,#3 - 85 Albani Street
C13705952,2026-08-26 00:00:00,26 DAYS,2026-09-21,1183 Bloor Street W
W13652368,2026-08-26 00:00:00,28 DAYS,2026-09-23,7601 Lockington Crescent
W13651228,2026-08-26 00:00:00,28 DAYS,2026-09-23,177 - 1951 Rathburn Road E
C13709900,2026-08-27 00:00:00,25 DAYS,2026-09-21,854 Bathurst Street
W13717200,2026-08-27 00:00:00,33 DAYS,2026-09-29,941 Mandolin Place
W13710408,2026-08-27 00:00:00,25 DAYS,2026-09-21,1834 Jane Street
E13708724,2026-08-27 00:00:00,25 DAYS,2026-09-21,"16-18,21 - 3380 Midland Avenue"
C13709280,2026-08-27 00:00:00,25 DAYS,2026-09-21,2802 - 30 Inn On The Park Drive
W13708734,2026-08-27 00:00:00,25 DAYS,2026-09-21,3295 Dufferin Street
W13717770,2026-08-27 00:00:00,33 DAYS,2026-09-29,73 - 7251 Copenhagen Road
C13710500,2026-08-27 00:00:00,25 DAYS,2026-09-21,185 Dundas Street W
W13716806,2026-08-27 00:00:00,33 DAYS,2026-09-29,154 - 7155 Magistrate Terrace
40858231,2026-08-27 00:00:00,25 DAYS,2026-09-21,"Toronto, Ontario M6K3M8"
W13718122,2026-08-27 00:00:00,33 DAYS,2026-09-29,609 - 2177 Burnhamthorpe Road
W13717500,2026-08-27 00:00:00,33 DAYS,2026-09-29,5344 Segriff Drive
W13711386,2026-08-27 00:00:00,25 DAYS,2026-09-21,1 And 2 - 1557 The Queensway
W13716832,2026-08-27 00:00:00,33 DAYS,2026-09-29,6415 Dunray Court
W13710478,2026-08-27 00:00:00,25 DAYS,2026-09-21,1834 Jane Street
W13717592,2026-08-27 00:00:00,33 DAYS,2026-09-29,3852 Brinwood Gate
W13719270,2026-08-27 00:00:00,33 DAYS,2026-09-29,776 Savoy Crescent
W13715940,2026-08-27 00:00:00,33 DAYS,2026-09-29,33 - 2301 Derry Road W
W13715646,2026-08-27 00:00:00,32 DAYS,2026-09-28,A12 - 296 Mill Road
W13716538,2026-08-27 00:00:00,33 DAYS,2026-09-29,1009 - 4655 Glen Erin Drive E
W13715084,2026-08-27 00:00:00,32 DAYS,2026-09-28,2735 Lakeshore Boulevard W
W13654750,2026-08-27 00:00:00,27 DAYS,2026-09-23,105 - 3040 Constitution Boulevard
W13716292,2026-08-27 00:00:00,33 DAYS,2026-09-29,302 - 3501 Glen Erin Drive
E13715124,2026-08-27 00:00:00,32 DAYS,2026-09-28,2763 Kingston Road
E13715132,2026-08-27 00:00:00,32 DAYS,2026-09-28,2759 Kingston Road
C13712376,2026-08-27 00:00:00,25 DAYS,2026-09-21,680 Queen Street W
W13652942,2026-08-28 00:00:00,26 DAYS,2026-09-23,4178 Dursley Crescent
E13715280,2026-08-28 00:00:00,24 DAYS,2026-09-21,49 Underwriters Road
E13713282,2026-08-28 00:00:00,24 DAYS,2026-09-21,Unit 1 - 2 Antrim Crescent
W13722420,2026-08-28 00:00:00,32 DAYS,2026-09-29,# 36 - 770 Othello Court
W13722172,2026-08-28 00:00:00,32 DAYS,2026-09-29,172 - 525 Novo Star Drive
E13713068,2026-08-28 00:00:00,24 DAYS,2026-09-21,R-07 - 3445 Sheppard Avenue E
W13720562,2026-08-28 00:00:00,32 DAYS,2026-09-29,1843 O'Neil Court
C13716658,2026-08-28 00:00:00,24 DAYS,2026-09-21,734 - 251 Jarvis Street
W13714616,2026-08-28 00:00:00,24 DAYS,2026-09-21,111 - 998 Martin Grove Road
W13714610,2026-08-28 00:00:00,24 DAYS,2026-09-21,120 - 998 Martin Grove Road
W13714612,2026-08-28 00:00:00,24 DAYS,2026-09-21,121 - 998 Martin Grove Road
W13648246,2026-08-28 00:00:00,26 DAYS,2026-09-23,1715 Oberon Crescent
W13648660,2026-08-28 00:00:00,26 DAYS,2026-09-23,3126 Mccarthy Court
W13650916,2026-08-28 00:00:00,26 DAYS,2026-09-23,476 Bud Gregory Boulevard
C13713726,2026-08-28 00:00:00,24 DAYS,2026-09-21,418 - 120 Carlton Street
W13714958,2026-08-28 00:00:00,24 DAYS,2026-09-21,102 Cartwright Avenue
W13720868,2026-08-28 00:00:00,32 DAYS,2026-09-29,5 - 3415 Ridgeway Drive
W13685628,2026-08-28 00:00:00,26 DAYS,2026-09-23,12A - 1125 Dundas Street East Street E
C13716162,2026-08-28 00:00:00,24 DAYS,2026-09-21,1096 Queen Street W
W13716202,2026-08-28 00:00:00,24 DAYS,2026-09-21,109 Jefferson Avenue
C13714376,2026-08-28 00:00:00,24 DAYS,2026-09-21,1753 Avenue Road
W13722376,2026-08-28 00:00:00,32 DAYS,2026-09-29,34 - 2665 Thomas Street
E13720660,2026-08-28 00:00:00,31 DAYS,2026-09-28,3 - 736 Kingston Road
W13720508,2026-08-28 00:00:00,32 DAYS,2026-09-29,4616 Inverness Boulevard
W13723112,2026-08-28 00:00:00,32 DAYS,2026-09-29,5934 Saigon Street
W13650492,2026-08-28 00:00:00,26 DAYS,2026-09-23,5184 Red Brush Drive
W13723190,2026-08-28 00:00:00,32 DAYS,2026-09-29,1501 - 5164 Zionkate Lane
W13723292,2026-08-28 00:00:00,32 DAYS,2026-09-29,4568 Donegal Drive
W13723222,2026-08-28 00:00:00,32 DAYS,2026-09-29,3146 Tacc Drive
E13716226,2026-08-28 00:00:00,24 DAYS,2026-09-21,1173 Queen Street E
W13650470,2026-08-28 00:00:00,26 DAYS,2026-09-23,9 - 530 Driftcurrent Drive
W13723120,2026-08-28 00:00:00,32 DAYS,2026-09-29,5888 Saigon Street
W13720584,2026-08-28 00:00:00,32 DAYS,2026-09-29,57B - 5865 Dalebrook Crescent
W13720372,2026-08-28 00:00:00,32 DAYS,2026-09-29,34 - 3125 Fifth Line
40854130,2026-08-28 00:00:00,26 DAYS,2026-09-23,5184 Red Brush Drive
W13683752,2026-08-28 00:00:00,26 DAYS,2026-09-23,3-4 - 5500 Tomken Road
C13713774,2026-08-28 00:00:00,24 DAYS,2026-09-21,4 - 384 Yonge Street
W13721528,2026-08-28 00:00:00,32 DAYS,2026-09-29,3182 Bracknell Crescent
W13721508,2026-08-28 00:00:00,32 DAYS,2026-09-29,1274 National Valley Drive
W13721276,2026-08-28 00:00:00,32 DAYS,2026-09-29,49 - 3100 Fifth Line W
W13721512,2026-08-28 00:00:00,32 DAYS,2026-09-29,1280 National Valley Drive
W13718076,2026-08-28 00:00:00,31 DAYS,2026-09-28,23 Collingdale Road
W13721504,2026-08-28 00:00:00,32 DAYS,2026-09-29,1272 National Valley Drive
W13717616,2026-08-28 00:00:00,31 DAYS,2026-09-28,1018 - 80 Esther Lorrie Drive
C13713884,2026-08-28 00:00:00,24 DAYS,2026-09-21,207 - 52 Scarsdale Road
W13720978,2026-08-29 00:00:00,30 DAYS,2026-09-28,43 Lindylou Road
W13723908,2026-08-29 00:00:00,30 DAYS,2026-09-28,48 Genthorn Avenue
W13663274,2026-08-29 00:00:00,23 DAYS,2026-09-21,2984 Dundas Street W
W13661650,2026-08-29 00:00:00,25 DAYS,2026-09-23,1604 - 90 Absolute Avenue
W13660240,2026-08-29 00:00:00,25 DAYS,2026-09-23,718 - 1333 Bloor Street
W13722854,2026-08-29 00:00:00,31 DAYS,2026-09-29,1709 - 1035 Southdown Road
40854786,2026-08-29 00:00:00,25 DAYS,2026-09-23,1333 Bloor Street Unit# 718
W13722708,2026-08-29 00:00:00,31 DAYS,2026-09-29,116 - 2001 Bonnymede Drive
E13716596,2026-08-29 00:00:00,23 DAYS,2026-09-21,#3 - 4543 Kingston Road
W13716818,2026-08-29 00:00:00,23 DAYS,2026-09-21,1085 Weston Road
C13720650,2026-08-29 00:00:00,23 DAYS,2026-09-21,992 St Clair Avenue W
E13718516,2026-08-29 00:00:00,23 DAYS,2026-09-21,C105 - 375 Bamburgh Circle
W13662030,2026-08-29 00:00:00,25 DAYS,2026-09-23,7549 Catalpa Road
W13719566,2026-08-29 00:00:00,23 DAYS,2026-09-21,3267 Dufferin Street
W13719938,2026-08-29 00:00:00,23 DAYS,2026-09-21,3555 Lake Shore Boulevard W
W13724232,2026-08-29 00:00:00,31 DAYS,2026-09-29,391 Assiniboine Trail
C13718724,2026-08-29 00:00:00,23 DAYS,2026-09-21,3 - 11 Tippett Road
C13717212,2026-08-29 00:00:00,23 DAYS,2026-09-21,504 - 60 Tannery Road
W13716384,2026-08-29 00:00:00,23 DAYS,2026-09-21,Unit 1 & 2 - 471 Garyray Drive
W13717258,2026-08-29 00:00:00,23 DAYS,2026-09-21,302 - 2100 Finch Avenue W
C13718104,2026-08-29 00:00:00,23 DAYS,2026-09-21,5 Byng Avenue
C13716762,2026-08-29 00:00:00,23 DAYS,2026-09-21,103A - 6212 Yonge Street
C13719128,2026-08-29 00:00:00,23 DAYS,2026-09-21,225 Northwood Drive
W13721724,2026-08-29 00:00:00,30 DAYS,2026-09-28,113 - 101 Westmore Drive
C13717382,2026-08-29 00:00:00,23 DAYS,2026-09-21,108D - 233 College Street
W13717456,2026-08-29 00:00:00,23 DAYS,2026-09-21,2146 Kipling Avenue
W13717930,2026-08-29 00:00:00,30 DAYS,2026-09-28,43 - 28 Sebastian Cabot Way
W13722908,2026-08-29 00:00:00,30 DAYS,2026-09-28,70 - 3 Centennial Pk Road
W13723710,2026-08-29 00:00:00,31 DAYS,2026-09-29,10 Hopedale Court
C13720580,2026-08-29 00:00:00,23 DAYS,2026-09-21,801 Queen Street
C13720632,2026-08-29 00:00:00,23 DAYS,2026-09-21,677 Queen Street W
E13721038,2026-08-29 00:00:00,30 DAYS,2026-09-28,150 Beech Avenue
W13723772,2026-08-29 00:00:00,30 DAYS,2026-09-28,42 Broadfield Drive
W13724204,2026-08-29 00:00:00,31 DAYS,2026-09-29,5078 Frybrook Court
W13724552,2026-08-29 00:00:00,31 DAYS,2026-09-29,1 - 5750 Tosca Drive
W13725034,2026-08-29 00:00:00,31 DAYS,2026-09-29,3687 Bala Drive
W13725074,2026-08-29 00:00:00,31 DAYS,2026-09-29,122 Vista Boulevard
W13725188,2026-08-29 00:00:00,31 DAYS,2026-09-29,1208 - 700 Constellation Drive
W13723584,2026-08-29 00:00:00,30 DAYS,2026-09-28,96 Elmcrest Road
W13721004,2026-08-29 00:00:00,30 DAYS,2026-09-28,1004 - 5 Frith Road
E13720614,2026-08-30 00:00:00,22 DAYS,2026-09-21,19-20 - 30 Dean Park Road
E13723314,2026-08-30 00:00:00,22 DAYS,2026-09-21,397 Danforth Avenue
W13726092,2026-08-30 00:00:00,30 DAYS,2026-09-29,5925 Manzanillo Crescent
W13725426,2026-08-30 00:00:00,29 DAYS,2026-09-28,251 Thistle Down Boulevard
W13722648,2026-08-30 00:00:00,22 DAYS,2026-09-21,27 - 175 Toryork Drive
W13723878,2026-08-30 00:00:00,22 DAYS,2026-09-21,1289 Weston Road
W13725282,2026-08-30 00:00:00,30 DAYS,2026-09-29,Uph 2008 - 1035 Southdown Road
C13721900,2026-08-30 00:00:00,22 DAYS,2026-09-21,378 Oakwood Avenue
W13722858,2026-08-30 00:00:00,22 DAYS,2026-09-21,8 - 16 Sheffield Street
E13720638,2026-08-30 00:00:00,22 DAYS,2026-09-21,19 - 30 Dean Park Road
E13725718,2026-08-30 00:00:00,29 DAYS,2026-09-28,256 Woodbine Avenue
W13725506,2026-08-30 00:00:00,30 DAYS,2026-09-29,244 - 4975 Southampton Drive
E13720790,2026-08-30 00:00:00,22 DAYS,2026-09-21,1 - 80 Ellesmere Road
W13725714,2026-08-30 00:00:00,29 DAYS,2026-09-28,20 Barolo Road
W13725600,2026-08-30 00:00:00,30 DAYS,2026-09-29,1548 Carolyn Road
E13720652,2026-08-30 00:00:00,22 DAYS,2026-09-21,20 - 30 Dean Park Road
W13656628,2026-08-31 00:00:00,23 DAYS,2026-09-23,5666 Cortina Crescent
C13725350,2026-08-31 00:00:00,21 DAYS,2026-09-21,157 - 4750 Yonge Street
E13724782,2026-08-31 00:00:00,21 DAYS,2026-09-21,F10-F11 - 8 Glen Watford Drive
W13727792,2026-08-31 00:00:00,29 DAYS,2026-09-29,73 - 5650 Winston Churchill Boulevard W
W13727600,2026-08-31 00:00:00,29 DAYS,2026-09-29,1005 - 2585 Erin Centre Boulevard
W13727582,2026-08-31 00:00:00,29 DAYS,2026-09-29,3029 Oslo Crescent
C13724582,2026-08-31 00:00:00,21 DAYS,2026-09-21,30 Isabella Street
C13725626,2026-08-31 00:00:00,21 DAYS,2026-09-21,464 Sherbourne Street
W13697762,2026-08-31 00:00:00,23 DAYS,2026-09-23,1B31 - 7215 Goreway Drive
W13724958,2026-08-31 00:00:00,21 DAYS,2026-09-21,21 St. John'S Road
W13698386,2026-08-31 00:00:00,23 DAYS,2026-09-23,215-216 - 2550 Matheson Boulevard E
W13733172,2026-09-01 00:00:00,28 DAYS,2026-09-29,103 - 4655 Metcalfe Avenue
W13729050,2026-09-01 00:00:00,27 DAYS,2026-09-28,2808 - 710 Humberwood Boulevard
W13731204,2026-09-01 00:00:00,28 DAYS,2026-09-29,5267 Brookwood Court
W13728032,2026-09-01 00:00:00,27 DAYS,2026-09-28,22 Neames Crescent
W13731524,2026-09-01 00:00:00,28 DAYS,2026-09-29,102 - 86 Joymar Drive
W13733436,2026-09-01 00:00:00,28 DAYS,2026-09-29,34 - 2700 Battleford Road
W13732076,2026-09-01 00:00:00,28 DAYS,2026-09-29,211 - 1800 The Collegeway
W13661482,2026-09-01 00:00:00,22 DAYS,2026-09-23,1273 Winding Trail
40859039,2026-09-01 00:00:00,28 DAYS,2026-09-29,1800 The Collegeway Unit# 211
W13733510,2026-09-01 00:00:00,28 DAYS,2026-09-29,5974 Tenth Line
W13730734,2026-09-01 00:00:00,28 DAYS,2026-09-29,22 Bent Oak Circle
W13730574,2026-09-01 00:00:00,28 DAYS,2026-09-29,3873 Brinwood Gate
W13726762,2026-09-01 00:00:00,27 DAYS,2026-09-28,407 - 3 Rowntree Road
W13701886,2026-09-01 00:00:00,22 DAYS,2026-09-23,16 - 5484 Tomken Road
W13729310,2026-09-01 00:00:00,28 DAYS,2026-09-29,3074 Tours Road
W13729308,2026-09-01 00:00:00,28 DAYS,2026-09-29,6772 Dolmage Court
W13673208,2026-09-01 00:00:00,22 DAYS,2026-09-23,3874 Brandon Gate Drive
W13663230,2026-09-01 00:00:00,22 DAYS,2026-09-23,264 - 3060 Constitution Boulevard
W13651000,2026-09-01 00:00:00,22 DAYS,2026-09-23,1009 - 1359 Rathburn Road
W13662016,2026-09-01 00:00:00,22 DAYS,2026-09-23,2004 - 1333 Bloor Street
W13729508,2026-09-01 00:00:00,27 DAYS,2026-09-28,2002 - 3049 Finch Avenue W
W13728452,2026-09-01 00:00:00,27 DAYS,2026-09-28,154 Fifth Street
W13730088,2026-09-01 00:00:00,28 DAYS,2026-09-29,38 - 6625 Falconer Drive
W13731482,2026-09-01 00:00:00,28 DAYS,2026-09-29,3273 Respond Road
W13668164,2026-09-02 00:00:00,21 DAYS,2026-09-23,3126 Redbank Crescent
W13668456,2026-09-02 00:00:00,21 DAYS,2026-09-23,1465 Glen Rutley Circle
W13730182,2026-09-02 00:00:00,26 DAYS,2026-09-28,14 Wareside Road
W13666466,2026-09-02 00:00:00,21 DAYS,2026-09-23,7384 Sills Road
W13668124,2026-09-02 00:00:00,21 DAYS,2026-09-23,132 - 1221 Dundix Road
W13667692,2026-09-02 00:00:00,21 DAYS,2026-09-23,289 - 3060 Constitution Boulevard
W13665994,2026-09-02 00:00:00,21 DAYS,2026-09-23,608 - 3145 Queen Frederica Drive
W13731352,2026-09-02 00:00:00,26 DAYS,2026-09-28,138 Lomar Drive
W13733360,2026-09-02 00:00:00,26 DAYS,2026-09-28,2 - 11 Goodmark Place
W13732846,2026-09-02 00:00:00,26 DAYS,2026-09-28,108 - 10 Eddystone Avenue
W13730560,2026-09-02 00:00:00,26 DAYS,2026-09-28,2894 Weston Road
W13730450,2026-09-02 00:00:00,26 DAYS,2026-09-28,70 - 2315 Sheppard Avenue W
W13731148,2026-09-02 00:00:00,26 DAYS,2026-09-28,5 Cromarty Drive
W13732328,2026-09-02 00:00:00,26 DAYS,2026-09-28,1812 - 236 Albion Road
W13732808,2026-09-02 00:00:00,26 DAYS,2026-09-28,208 - 236 Albion Road
W13732790,2026-09-02 00:00:00,26 DAYS,2026-09-28,106 - 10 Eddystone Avenue N
W13734276,2026-09-02 00:00:00,26 DAYS,2026-09-28,309 - 234 Albion Road
W13735444,2026-09-02 00:00:00,27 DAYS,2026-09-29,2181 Wiseman Court
E13733308,2026-09-02 00:00:00,26 DAYS,2026-09-28,35 Drake Crescent
W13737852,2026-09-02 00:00:00,27 DAYS,2026-09-29,1010 - 2301 Derry Road W
W13737732,2026-09-02 00:00:00,27 DAYS,2026-09-29,6851 Avila Road
W13736966,2026-09-02 00:00:00,27 DAYS,2026-09-29,2819 Duncairn Drive
W13736568,2026-09-02 00:00:00,27 DAYS,2026-09-29,83 - 5030 Heatherleigh Avenue
W13736170,2026-09-02 00:00:00,27 DAYS,2026-09-29,5423 Loonlake Avenue
40859986,2026-09-02 00:00:00,27 DAYS,2026-09-29,2900 Battleford Road Unit# 1013
W13734782,2026-09-02 00:00:00,27 DAYS,2026-09-29,1211 - 2520 Eglinton Avenue W
W13734576,2026-09-02 00:00:00,27 DAYS,2026-09-29,5952 Grossbeak Drive
W13734326,2026-09-02 00:00:00,27 DAYS,2026-09-29,60 - 2205 South Millway Way
W13734270,2026-09-02 00:00:00,27 DAYS,2026-09-29,3242 Tortola Court
W13734132,2026-09-02 00:00:00,27 DAYS,2026-09-29,6332 Glen Meadows Road
W13733686,2026-09-02 00:00:00,27 DAYS,2026-09-29,5504 Ethan Drive
W13731122,2026-09-02 00:00:00,26 DAYS,2026-09-28,125 Jeffcoat Drive
W13665254,2026-09-02 00:00:00,21 DAYS,2026-09-23,1027 Argus Drive
W13731680,2026-09-02 00:00:00,26 DAYS,2026-09-28,75 Westmore Drive
W13669584,2026-09-02 00:00:00,21 DAYS,2026-09-23,14 - 1310 Gulleden Drive
W13728112,2026-09-02 00:00:00,19 DAYS,2026-09-21,473A Rogers Road
C13727328,2026-09-02 00:00:00,19 DAYS,2026-09-21,11-14 - 158 Eglinton Avenue W
C13728096,2026-09-02 00:00:00,19 DAYS,2026-09-21,101 - 2900 Yonge Street
E13729368,2026-09-02 00:00:00,19 DAYS,2026-09-21,2 - 3192 Eglinton Avenue E
E13726788,2026-09-02 00:00:00,19 DAYS,2026-09-21,1236 Danforth Avenue
C13727162,2026-09-02 00:00:00,19 DAYS,2026-09-21,1584 Dundas Street W
C13726606,2026-09-02 00:00:00,19 DAYS,2026-09-21,2382 Dundas Street W
W13741134,2026-09-03 00:00:00,26 DAYS,2026-09-29,5167 Frybrook Court
W13740578,2026-09-03 00:00:00,26 DAYS,2026-09-29,5576 Meadowcrest Avenue
W13740324,2026-09-03 00:00:00,26 DAYS,2026-09-29,3248 Barchester Court
W13740136,2026-09-03 00:00:00,26 DAYS,2026-09-29,15 - 6855 Glen Erin Drive
W13739576,2026-09-03 00:00:00,26 DAYS,2026-09-29,206 - 6720 Glen Erin Drive
W13739482,2026-09-03 00:00:00,26 DAYS,2026-09-29,3367 Stoney Crescent
W13739418,2026-09-03 00:00:00,26 DAYS,2026-09-29,510 - 2495 Eglinton Avenue W
W13739320,2026-09-03 00:00:00,26 DAYS,2026-09-29,676 Ceremonial Drive
W13739066,2026-09-03 00:00:00,26 DAYS,2026-09-29,4464 Stonemill Court
W13738674,2026-09-03 00:00:00,26 DAYS,2026-09-29,46 - 6679 Shelter Bay Road
W13739802,2026-09-03 00:00:00,26 DAYS,2026-09-29,3973 Rolling Valley Drive
W13741292,2026-09-03 00:00:00,26 DAYS,2026-09-29,78 - 5535 Glen Erin Drive
W13729490,2026-09-03 00:00:00,18 DAYS,2026-09-21,136 Portland Street
W13742322,2026-09-03 00:00:00,26 DAYS,2026-09-29,605 - 4699 Glen Erin Drive
W13732484,2026-09-03 00:00:00,18 DAYS,2026-09-21,965 Bloor Street W
W13671276,2026-09-03 00:00:00,20 DAYS,2026-09-23,3052 Victory Crescent
C13731294,2026-09-03 00:00:00,18 DAYS,2026-09-21,107A Scollard Street
C13732084,2026-09-03 00:00:00,18 DAYS,2026-09-21,2509 - 373 Front Street W
C13733344,2026-09-03 00:00:00,18 DAYS,2026-09-21,365 Queen Street W
E13736670,2026-09-03 00:00:00,25 DAYS,2026-09-28,61 Wintermute Boulevard
E13737130,2026-09-03 00:00:00,25 DAYS,2026-09-28,40 - 90 Crockamhill Drive
E13737068,2026-09-03 00:00:00,25 DAYS,2026-09-28,1101 - 410 Mclevin Avenue
E13737606,2026-09-03 00:00:00,25 DAYS,2026-09-28,314 - 480 Mclevin Avenue
E13738348,2026-09-03 00:00:00,25 DAYS,2026-09-28,21 - 235 Mclevin Avenue
W13741782,2026-09-03 00:00:00,26 DAYS,2026-09-29,6108 Osprey Boulevard
C13731222,2026-09-03 00:00:00,18 DAYS,2026-09-21,710 - 38 Joe Shuster Way
W13731432,2026-09-03 00:00:00,18 DAYS,2026-09-21,901 Jane Street
C13734100,2026-09-03 00:00:00,18 DAYS,2026-09-21,618 - 105 Gordon Baker Road
C13730470,2026-09-03 00:00:00,18 DAYS,2026-09-21,106 - 111 Merton Street
E13730448,2026-09-03 00:00:00,18 DAYS,2026-09-21,2558 Danforth Avenue
W13738044,2026-09-03 00:00:00,25 DAYS,2026-09-28,3 Slane Court
W13738130,2026-09-03 00:00:00,25 DAYS,2026-09-28,1404 - 710 Humberwood Boulevard
W13737740,2026-09-03 00:00:00,25 DAYS,2026-09-28,43 - 1770 Albion Road
W13737746,2026-09-03 00:00:00,25 DAYS,2026-09-28,43 - 1770 Albion Road
W13735716,2026-09-03 00:00:00,25 DAYS,2026-09-28,708 - 1 Rowntree Drive
W13735260,2026-09-03 00:00:00,25 DAYS,2026-09-28,26 Murchison Crescent
W13738032,2026-09-03 00:00:00,25 DAYS,2026-09-28,506 - 10 Wilby Crescent
W13735630,2026-09-03 00:00:00,25 DAYS,2026-09-28,1001 - 299 Mill Road
W13739346,2026-09-03 00:00:00,25 DAYS,2026-09-28,1406 - 335 Mill Road
W13736644,2026-09-03 00:00:00,25 DAYS,2026-09-28,1 Lagos Road
W13736164,2026-09-03 00:00:00,25 DAYS,2026-09-28,162 Bob Yuill Drive
E13738732,2026-09-03 00:00:00,25 DAYS,2026-09-28,102 - 91 L'Amoreaux Drive S
W13737040,2026-09-03 00:00:00,25 DAYS,2026-09-28,72 Seventh Street
E13732134,2026-09-03 00:00:00,18 DAYS,2026-09-21,886 Progress Avenue
W13733528,2026-09-03 00:00:00,18 DAYS,2026-09-21,8 - 81 Brisbane Road
W13733526,2026-09-03 00:00:00,18 DAYS,2026-09-21,4 - 81 Brisbane Road
W13704964,2026-09-03 00:00:00,20 DAYS,2026-09-23,105 - 7125 Goreway Dr Drive
E13729898,2026-09-03 00:00:00,18 DAYS,2026-09-21,5 - 2721 Markham Road
E13729876,2026-09-03 00:00:00,18 DAYS,2026-09-21,11 - 2721 Markham Road
W13739750,2026-09-03 00:00:00,26 DAYS,2026-09-29,268 - 7360 Zinnia Place
E13732946,2026-09-03 00:00:00,18 DAYS,2026-09-21,1 - 5985 Steeles Avenue E
C13738994,2026-09-03 00:00:00,25 DAYS,2026-09-28,502 - 85 Skymark Drive
W13731210,2026-09-03 00:00:00,18 DAYS,2026-09-21,137 Bentworth Avenue
C13734228,2026-09-03 00:00:00,18 DAYS,2026-09-21,201 - 80 Finch Avenue W
C13733632,2026-09-03 00:00:00,18 DAYS,2026-09-21,618 - 105 Gordon Baker Road
C13734122,2026-09-03 00:00:00,18 DAYS,2026-09-21,618 - 105 Gordon Baker Road
C13733014,2026-09-03 00:00:00,18 DAYS,2026-09-21,4207 - 30 Inn On The Park Drive
E13738810,2026-09-03 00:00:00,25 DAYS,2026-09-28,21 Halfmoon Square
W13738272,2026-09-03 00:00:00,26 DAYS,2026-09-29,5456 Palmerston Crescent
W13673802,2026-09-03 00:00:00,20 DAYS,2026-09-23,2117 - 35 Trailwood Drive
W13670448,2026-09-03 00:00:00,20 DAYS,2026-09-23,308 - 1660 Bloor Street
C13733230,2026-09-03 00:00:00,18 DAYS,2026-09-21,1814 - 7 King Street E
W13741328,2026-09-04 00:00:00,24 DAYS,2026-09-28,18 Celestine Drive
W13745638,2026-09-04 00:00:00,25 DAYS,2026-09-29,108 - 1050 Bristol Road W
W13745772,2026-09-04 00:00:00,25 DAYS,2026-09-29,5467 Planters Wood Court
W13746064,2026-09-04 00:00:00,25 DAYS,2026-09-29,6031 Edenwood Drive
W13741000,2026-09-04 00:00:00,24 DAYS,2026-09-28,5 Mountbatten Road
W13677820,2026-09-04 00:00:00,19 DAYS,2026-09-23,1 - 640 Rathburn Road E
W13739830,2026-09-04 00:00:00,24 DAYS,2026-09-28,25 Tamarack Circle
W13742432,2026-09-04 00:00:00,24 DAYS,2026-09-28,16 Twelfth Street
W13740342,2026-09-04 00:00:00,24 DAYS,2026-09-28,19 Toffee Court
W13705962,2026-09-04 00:00:00,19 DAYS,2026-09-23,1 - 1706 Dundas Street E
W13737486,2026-09-04 00:00:00,17 DAYS,2026-09-21,25 The West Mall
W13742230,2026-09-04 00:00:00,24 DAYS,2026-09-28,25 Islay Court
C13735176,2026-09-04 00:00:00,17 DAYS,2026-09-21,500 Bloor Street W
E13742150,2026-09-04 00:00:00,24 DAYS,2026-09-28,953 Kingston - Chatime Road
W13743722,2026-09-04 00:00:00,24 DAYS,2026-09-28,8 - 141 Isaac Devins Boulevard
C13738638,2026-09-04 00:00:00,17 DAYS,2026-09-21,1300 Bay Street
W12943358,2026-09-04 00:00:00,17 DAYS,2026-09-21,145-155 Rexdale Boulevard
E13743816,2026-09-04 00:00:00,24 DAYS,2026-09-28,26 Blue Eagle Trail
E13743398,2026-09-04 00:00:00,24 DAYS,2026-09-28,304 - 1070 Progress Avenue
E13743104,2026-09-04 00:00:00,24 DAYS,2026-09-28,508 - 3131 Bridletowne Circle
E13742744,2026-09-04 00:00:00,24 DAYS,2026-09-28,206 - 8 Silver Bell Grove
E13739846,2026-09-04 00:00:00,24 DAYS,2026-09-28,97 Zaph Avenue
E13741858,2026-09-04 00:00:00,24 DAYS,2026-09-28,30 Stanbridge Court
E13741294,2026-09-04 00:00:00,24 DAYS,2026-09-28,1008 - 30 Thunder Grove
40860635,2026-09-04 00:00:00,25 DAYS,2026-09-29,1050 Bristol Road W Unit# 108
W13745318,2026-09-04 00:00:00,25 DAYS,2026-09-29,203 - 4889 Kimbermount Avenue
W13744536,2026-09-04 00:00:00,25 DAYS,2026-09-29,5902 Agean Drive
E13741030,2026-09-04 00:00:00,24 DAYS,2026-09-28,602 - 19 Rosebank Drive
W13675036,2026-09-04 00:00:00,19 DAYS,2026-09-23,612 - 95 Trailwood Drive
W13742192,2026-09-04 00:00:00,24 DAYS,2026-09-28,301 - 998 Martin Grove Road
C13740998,2026-09-04 00:00:00,24 DAYS,2026-09-28,58 Paul Markway
C13739540,2026-09-04 00:00:00,24 DAYS,2026-09-28,310 - 89 Skymark Drive
C13735454,2026-09-04 00:00:00,17 DAYS,2026-09-21,8 - 62 Overlea Boulevard
C13738330,2026-09-04 00:00:00,17 DAYS,2026-09-21,Ph 12 - 140 Simcoe Road
W13678434,2026-09-04 00:00:00,19 DAYS,2026-09-23,406 - 80 Absolute Avenue
W13740370,2026-09-04 00:00:00,24 DAYS,2026-09-28,12 Azalea Court
W13737000,2026-09-04 00:00:00,17 DAYS,2026-09-21,165 Roncesvalles Avenue
E13738000,2026-09-04 00:00:00,17 DAYS,2026-09-21,3 - 9390 Sheppard Avenue E
E13741366,2026-09-04 00:00:00,24 DAYS,2026-09-28,3025 Queen Street E
W13738410,2026-09-04 00:00:00,17 DAYS,2026-09-21,2365 St Clair Avenue W
E13736948,2026-09-04 00:00:00,17 DAYS,2026-09-21,Main - 1352 Kennedy Road
W13737868,2026-09-04 00:00:00,17 DAYS,2026-09-21,36 Fourteenth Street
W13737678,2026-09-04 00:00:00,17 DAYS,2026-09-21,3339 Lake Shore Boulevard W
E13737290,2026-09-04 00:00:00,17 DAYS,2026-09-21,K-7 - 2900 Warden Avenue
W13708722,2026-09-04 00:00:00,19 DAYS,2026-09-23,7208 Airport Road
C13738380,2026-09-04 00:00:00,17 DAYS,2026-09-21,603 - 220 Duncan Mill Road W
W13743110,2026-09-04 00:00:00,25 DAYS,2026-09-29,124 - 7360 Zinnia Place
E13734770,2026-09-04 00:00:00,17 DAYS,2026-09-21,26 - 1220 Ellesmere Road
W13743202,2026-09-04 00:00:00,25 DAYS,2026-09-29,113 - 5910 Greensboro Drive
W13743430,2026-09-04 00:00:00,25 DAYS,2026-09-29,6850 Dillingwood Drive
E13736660,2026-09-04 00:00:00,17 DAYS,2026-09-21,45 - 50 Weybright Court
W13743926,2026-09-04 00:00:00,25 DAYS,2026-09-29,29 - 5223 Fairford Crescent
W13740592,2026-09-04 00:00:00,24 DAYS,2026-09-28,1605 - 840 Queens Plate Drive
W13740600,2026-09-04 00:00:00,24 DAYS,2026-09-28,29 Silver Shadow Path
W13745202,2026-09-04 00:00:00,25 DAYS,2026-09-29,105 - 3050 Orleans Road
E13740344,2026-09-04 00:00:00,24 DAYS,2026-09-28,127 - 200 Mclevin Avenue
C13742560,2026-09-05 00:00:00,16 DAYS,2026-09-21,1066 Yonge Street
C13741392,2026-09-05 00:00:00,16 DAYS,2026-09-21,4 - 220 Avenue Road
C13740264,2026-09-05 00:00:00,16 DAYS,2026-09-21,173 King Street E
W13747616,2026-09-05 00:00:00,23 DAYS,2026-09-28,2202 - 10 Wilby Crescent
W13748956,2026-09-05 00:00:00,24 DAYS,2026-09-29,704 - 15 Elizabeth Street N
W13740226,2026-09-05 00:00:00,16 DAYS,2026-09-21,1438A Dufferin Street
W13740880,2026-09-05 00:00:00,16 DAYS,2026-09-21,1606 Queen Street W
C13740616,2026-09-05 00:00:00,16 DAYS,2026-09-21,924 Eglinton Avenue W
E13741982,2026-09-05 00:00:00,16 DAYS,2026-09-21,4 - 465 Milner Avenue
E13743028,2026-09-05 00:00:00,16 DAYS,2026-09-21,91 Rylander Boulevard
W13742872,2026-09-05 00:00:00,16 DAYS,2026-09-21,293 Roncesvalles Avenue
C13744520,2026-09-05 00:00:00,23 DAYS,2026-09-28,74 Navaho Drive
C13747468,2026-09-05 00:00:00,23 DAYS,2026-09-28,40 Brahms Avenue
C13740610,2026-09-05 00:00:00,16 DAYS,2026-09-21,101 - 799 College Street
C13744478,2026-09-05 00:00:00,23 DAYS,2026-09-28,19 Aspenwood Drive
W13746862,2026-09-05 00:00:00,23 DAYS,2026-09-28,2 - 153 Isaac Devins Boulevard
W13747006,2026-09-05 00:00:00,24 DAYS,2026-09-29,2864 Westbury Court
W13746630,2026-09-05 00:00:00,24 DAYS,2026-09-29,6959 Guardian Court
W13747954,2026-09-05 00:00:00,24 DAYS,2026-09-29,1960 Pimlico Court
W13747448,2026-09-05 00:00:00,23 DAYS,2026-09-28,827 Albion Road
W13747424,2026-09-05 00:00:00,23 DAYS,2026-09-28,8 Milvan Drive
W13749000,2026-09-05 00:00:00,24 DAYS,2026-09-29,924 - 2485 Eglinton Avenue W
W13747048,2026-09-05 00:00:00,23 DAYS,2026-09-28,12 Brubeck Road
W13747958,2026-09-05 00:00:00,23 DAYS,2026-09-28,Ph31 - 700 Humberwood Boulevard
E13748068,2026-09-05 00:00:00,23 DAYS,2026-09-28,22 O'Halloran Crescent
W13747782,2026-09-05 00:00:00,24 DAYS,2026-09-29,2713 Andorra Circle
W13747054,2026-09-05 00:00:00,24 DAYS,2026-09-29,24 - 5650 Winston Churchill Boulevard
E13746516,2026-09-05 00:00:00,23 DAYS,2026-09-28,98 Euclid Avenue
E13744230,2026-09-05 00:00:00,23 DAYS,2026-09-28,312 Taylor Road
W13745442,2026-09-05 00:00:00,23 DAYS,2026-09-28,210 - 710 Humberwood Boulevard
E13741874,2026-09-05 00:00:00,16 DAYS,2026-09-21,1597 Queen Street E
E13744166,2026-09-05 00:00:00,23 DAYS,2026-09-28,761 Kingston Road
W13749090,2026-09-05 00:00:00,24 DAYS,2026-09-29,578 Cavell Drive
W13679778,2026-09-05 00:00:00,18 DAYS,2026-09-23,1722 - 8 Nahani Way
W13747272,2026-09-05 00:00:00,23 DAYS,2026-09-28,C2 - 284 Mill Road
W13743538,2026-09-06 00:00:00,15 DAYS,2026-09-21,8 - 1 Westside Drive
W13749252,2026-09-06 00:00:00,23 DAYS,2026-09-29,975 Mantle Crescent
W13748950,2026-09-06 00:00:00,22 DAYS,2026-09-28,6 Damascus Drive
E13746046,2026-09-06 00:00:00,15 DAYS,2026-09-21,1410 Birchmount Road
W13750078,2026-09-06 00:00:00,23 DAYS,2026-09-29,1007 - 4130 Parkside Village Drive
W13748624,2026-09-06 00:00:00,22 DAYS,2026-09-28,1406 - 299 Mill Road
W13749124,2026-09-06 00:00:00,23 DAYS,2026-09-29,6190 Saltmarsh Court
E13745302,2026-09-06 00:00:00,15 DAYS,2026-09-21,Unit # 108-109 - 8130 Sheppard Avenue E
W13749266,2026-09-06 00:00:00,23 DAYS,2026-09-29,302 - 25 Agnes Street
W13745488,2026-09-06 00:00:00,15 DAYS,2026-09-21,1671 St Clair Avenue W
C13747102,2026-09-06 00:00:00,15 DAYS,2026-09-21,32 - 15 Northtown Way
C13745560,2026-09-06 00:00:00,15 DAYS,2026-09-21,1606 - 35 Hollywood Avenue
C13745162,2026-09-06 00:00:00,15 DAYS,2026-09-21,5417 Yonge Street
W13680818,2026-09-06 00:00:00,17 DAYS,2026-09-23,5308 - 60 Absolute Avenue
E13743850,2026-09-06 00:00:00,15 DAYS,2026-09-21,Main - 2231 Danforth Avenue
E13743672,2026-09-06 00:00:00,15 DAYS,2026-09-21,F232-233 - 80 Nashdene Road
W13680798,2026-09-06 00:00:00,17 DAYS,2026-09-23,7635 Anaka Drive
W13748994,2026-09-06 00:00:00,23 DAYS,2026-09-29,2653 Constable Road
W13749168,2026-09-06 00:00:00,23 DAYS,2026-09-29,1433 - 3888 Duke Of York Boulevard
W13748584,2026-09-06 00:00:00,22 DAYS,2026-09-28,1405 - 60 Central Park Road Way
W13749094,2026-09-06 00:00:00,22 DAYS,2026-09-28,2105 - 3390 Weston Road
E13749152,2026-09-06 00:00:00,22 DAYS,2026-09-28,708 - 30 Thunder Grove
W13748470,2026-09-06 00:00:00,22 DAYS,2026-09-28,2789 Lakeshore Boulevard W
C13746994,2026-09-06 00:00:00,15 DAYS,2026-09-21,3412 - 251 Jarvis Street
W13716488,2026-09-06 00:00:00,17 DAYS,2026-09-23,10 - 5153 Tomken Road
W13750056,2026-09-06 00:00:00,23 DAYS,2026-09-29,4401 - 395 Square One Drive
W13749388,2026-09-06 00:00:00,23 DAYS,2026-09-29,75 - 1080 Walden Circle
W13716192,2026-09-06 00:00:00,17 DAYS,2026-09-23,7-104 - 2600 Skymark Avenue
C13748900,2026-09-07 00:00:00,14 DAYS,2026-09-21,580 - 900 Dufferin Street W
W13750508,2026-09-07 00:00:00,22 DAYS,2026-09-29,1005 - 15 Elizabeth Street N
W13750826,2026-09-07 00:00:00,22 DAYS,2026-09-29,2112 - 4065 Confederation Parkway
C13747922,2026-09-07 00:00:00,14 DAYS,2026-09-21,104 - 105 Gordon Baker Road
W13749610,2026-09-07 00:00:00,21 DAYS,2026-09-28,178 Kingsview Boulevard
W13750562,2026-09-07 00:00:00,22 DAYS,2026-09-29,29 - 6950 Tenth Line W
E13749298,2026-09-07 00:00:00,14 DAYS,2026-09-21,729 Danforth Avenue
W13750874,2026-09-07 00:00:00,22 DAYS,2026-09-29,2932 Remea Court
W13749522,2026-09-07 00:00:00,21 DAYS,2026-09-28,37 Barker Avenue
E13748722,2026-09-07 00:00:00,14 DAYS,2026-09-21,13 - 1145 Morningside Avenue
W13750778,2026-09-07 00:00:00,22 DAYS,2026-09-29,6386 Longspur Road
W13720188,2026-09-07 00:00:00,16 DAYS,2026-09-23,2C22 - 7215 Goreway Drive
W13750872,2026-09-07 00:00:00,22 DAYS,2026-09-29,2 - 1130 Cawthra Road
W13683970,2026-09-07 00:00:00,16 DAYS,2026-09-23,1505 - 90 Absolute Avenue
W13749826,2026-09-07 00:00:00,21 DAYS,2026-09-28,417 - 6 Humberline Drive
W13717796,2026-09-07 00:00:00,16 DAYS,2026-09-23,7 - 315 Traders Boulevard E
W13750932,2026-09-07 00:00:00,22 DAYS,2026-09-29,1 - 6699 Falconer Drive
W13750234,2026-09-07 00:00:00,22 DAYS,2026-09-29,301 - 1195 Gooseberry Lane
W13750180,2026-09-07 00:00:00,22 DAYS,2026-09-29,2008 - 330 Rathburn Road W
W13717784,2026-09-07 00:00:00,16 DAYS,2026-09-23,7 - 315 Traders Boulevard E
W13721106,2026-09-08 00:00:00,15 DAYS,2026-09-23,1232 Aerowood Drive
W13753486,2026-09-08 00:00:00,21 DAYS,2026-09-29,360 Isabella Avenue
W13752422,2026-09-08 00:00:00,21 DAYS,2026-09-29,1141 Vicki Lane
E13750688,2026-09-08 00:00:00,20 DAYS,2026-09-28,404 - 60 Haslett Avenue
W13756438,2026-09-08 00:00:00,21 DAYS,2026-09-29,3301 - 3900 Confederation Parkway
W13687962,2026-09-08 00:00:00,15 DAYS,2026-09-23,256 - 60 Barondale Drive
40860055,2026-09-08 00:00:00,21 DAYS,2026-09-29,1140 Parkwest Place Unit# 208
W13752588,2026-09-08 00:00:00,21 DAYS,2026-09-29,208 - 1140 Parkwest Place
W13750552,2026-09-08 00:00:00,20 DAYS,2026-09-28,5 Hallow Crescent
W13752538,2026-09-08 00:00:00,21 DAYS,2026-09-29,2202 - 3700 Kaneff Crescent
W13750846,2026-09-08 00:00:00,20 DAYS,2026-09-28,40 Barford Road
W13754178,2026-09-08 00:00:00,21 DAYS,2026-09-29,432 Bob-O-Link Road
W13686970,2026-09-08 00:00:00,15 DAYS,2026-09-23,158 - 1055 Dundas Street E
W13685934,2026-09-08 00:00:00,15 DAYS,2026-09-23,655 Dodsworth Crescent
W13689096,2026-09-08 00:00:00,15 DAYS,2026-09-23,512 Chieftan Circle
W13753002,2026-09-08 00:00:00,21 DAYS,2026-09-29,1502 - 4065 Brickstone Mews
W13752914,2026-09-08 00:00:00,21 DAYS,2026-09-29,19 - 600 Silver Creek Boulevard
W13688088,2026-09-08 00:00:00,15 DAYS,2026-09-23,1050 Burnhamthorpe Road E
W13687732,2026-09-08 00:00:00,15 DAYS,2026-09-23,82 - 1755 Rathburn Road E
W13722548,2026-09-08 00:00:00,15 DAYS,2026-09-23,1850 Dundas Street
W13756298,2026-09-08 00:00:00,21 DAYS,2026-09-29,1501 - 339 Rathburn Road
W13755948,2026-09-08 00:00:00,21 DAYS,2026-09-29,2454 Woking Crescent
W13755904,2026-09-08 00:00:00,21 DAYS,2026-09-29,701 - 350 Rathburn Road W
W13753700,2026-09-08 00:00:00,21 DAYS,2026-09-29,787 Avocado Crescent
W13755412,2026-09-08 00:00:00,21 DAYS,2026-09-29,1708 - 1400 Dixie Road
W13755284,2026-09-08 00:00:00,21 DAYS,2026-09-29,52 Forest Avenue
W13755298,2026-09-08 00:00:00,21 DAYS,2026-09-29,307 - 1150 Parkwest Place
40844788,2026-09-08 00:00:00,21 DAYS,2026-09-29,1580 Mississauga Valley Boulevard Unit# 901
W13753686,2026-09-08 00:00:00,21 DAYS,2026-09-29,901 - 1580 Mississauga Valley Boulevard
W13751538,2026-09-08 00:00:00,21 DAYS,2026-09-29,3956 Stardust Drive
W13754174,2026-09-08 00:00:00,21 DAYS,2026-09-29,3002 - 360 Square One Drive
W13754276,2026-09-08 00:00:00,21 DAYS,2026-09-29,501 - 1000 Cedarglen Gate
W13753156,2026-09-08 00:00:00,21 DAYS,2026-09-29,303 - 300 Webb Drive
W13687438,2026-09-08 00:00:00,15 DAYS,2026-09-23,3630 Brandon Gate Drive
W13753126,2026-09-08 00:00:00,21 DAYS,2026-09-29,1069 Knotty Pine Grove
W13754634,2026-09-08 00:00:00,21 DAYS,2026-09-29,482 Malaga Road
W13755330,2026-09-08 00:00:00,21 DAYS,2026-09-29,1445 Skyline Drive
W13754958,2026-09-08 00:00:00,21 DAYS,2026-09-29,808 - 45 Kingsbridge Garden Circle
40860792,2026-09-08 00:00:00,21 DAYS,2026-09-29,1066 Stockwell Avenue
W13755158,2026-09-08 00:00:00,21 DAYS,2026-09-29,322 Comiskey Crescent
W13754528,2026-09-08 00:00:00,21 DAYS,2026-09-29,3574 Autumnleaf Crescent
40860134,2026-09-08 00:00:00,21 DAYS,2026-09-29,1511 Broadmoor Avenue
W13750972,2026-09-08 00:00:00,21 DAYS,2026-09-29,1511 Broadmoor Avenue
E13750762,2026-09-08 00:00:00,20 DAYS,2026-09-28,41 - 81 Brookmill Boulevard
W13753542,2026-09-08 00:00:00,21 DAYS,2026-09-29,309 - 2177 Burnhamthorpe Road W
W13754522,2026-09-08 00:00:00,21 DAYS,2026-09-29,25 - 1905 Broad Hollow Gate
W13754208,2026-09-08 00:00:00,21 DAYS,2026-09-29,15 - 5535 Glen Erin Drive
W13754720,2026-09-08 00:00:00,21 DAYS,2026-09-29,11 - 6679 Shelter Bay Road
W13755370,2026-09-08 00:00:00,21 DAYS,2026-09-29,1066 Stockwell Avenue
W13754230,2026-09-08 00:00:00,21 DAYS,2026-09-29,16 - 7251 Copenhagen Road
W13751236,2026-09-08 00:00:00,21 DAYS,2026-09-29,3911 - 30 Elm Drive W
W13753884,2026-09-08 00:00:00,21 DAYS,2026-09-29,35 - 2000 The Collegeway
W13753734,2026-09-08 00:00:00,21 DAYS,2026-09-29,145 - 4975 Southampton Drive
W13753532,2026-09-08 00:00:00,21 DAYS,2026-09-29,7201 Triumph Lane
E13750356,2026-09-08 00:00:00,20 DAYS,2026-09-28,128 Briarscross Boulevard
W13756724,2026-09-09 00:00:00,20 DAYS,2026-09-29,6366 Miller'S Grove
W13756578,2026-09-09 00:00:00,20 DAYS,2026-09-29,5386 Middlebury Drive N
E13753718,2026-09-09 00:00:00,19 DAYS,2026-09-28,4 - 517 Kingston Road
E13752402,2026-09-09 00:00:00,19 DAYS,2026-09-28,66 Silver Birch Avenue
E13753116,2026-09-09 00:00:00,19 DAYS,2026-09-28,93 Rainsford Road
E13753312,2026-09-09 00:00:00,19 DAYS,2026-09-28,55 Pine Crescent
E13754658,2026-09-09 00:00:00,19 DAYS,2026-09-28,303 - 60 Haslett Avenue
E13751606,2026-09-09 00:00:00,19 DAYS,2026-09-28,304 - 716 Kingston Road
E13753710,2026-09-09 00:00:00,19 DAYS,2026-09-28,222 - 35 Boardwalk Drive
C13753834,2026-09-09 00:00:00,19 DAYS,2026-09-28,1 - 83 Rameau Drive
W13757358,2026-09-09 00:00:00,20 DAYS,2026-09-29,3137 Bentley Drive
W13761012,2026-09-09 00:00:00,20 DAYS,2026-09-29,801 - 15 Elizabeth Street N
W13761110,2026-09-09 00:00:00,20 DAYS,2026-09-29,1304 Alexandra Avenue
E13751824,2026-09-09 00:00:00,19 DAYS,2026-09-28,79 Fishleigh Drive
C13756228,2026-09-09 00:00:00,19 DAYS,2026-09-28,1300 - 130 Queens Quay E
W13755536,2026-09-09 00:00:00,19 DAYS,2026-09-28,1504 - 812 Burnhamthorpe Road
W13753840,2026-09-09 00:00:00,19 DAYS,2026-09-28,22 Arbroath Crescent
W13752560,2026-09-09 00:00:00,19 DAYS,2026-09-28,E41 - 300 Mill Road
W13757090,2026-09-09 00:00:00,20 DAYS,2026-09-29,12 - 5035 Oscar Peterson Boulevard
C13755680,2026-09-09 00:00:00,19 DAYS,2026-09-28,1710 - 88 Harbour Street
W13761212,2026-09-09 00:00:00,20 DAYS,2026-09-29,1806 - 4099 Brickstone Mews
W13761302,2026-09-09 00:00:00,20 DAYS,2026-09-29,1489 Hurontario Street
W13761296,2026-09-09 00:00:00,20 DAYS,2026-09-29,1489 Hurontario Street
W13757794,2026-09-09 00:00:00,20 DAYS,2026-09-29,1008 - 4633 Glen Erin Drive
W13757760,2026-09-09 00:00:00,20 DAYS,2026-09-29,925 Cardington Street
C13755392,2026-09-09 00:00:00,19 DAYS,2026-09-28,4308 - 88 Scott Street
W13757690,2026-09-09 00:00:00,20 DAYS,2026-09-29,1101 - 2585 Erin Centre Boulevard
W13755652,2026-09-09 00:00:00,19 DAYS,2026-09-28,Ph2005 - 716 The West Mall
W13755900,2026-09-09 00:00:00,19 DAYS,2026-09-28,410 The Kingsway
W13753090,2026-09-09 00:00:00,19 DAYS,2026-09-28,47 Shendale Drive
E13752068,2026-09-09 00:00:00,19 DAYS,2026-09-28,170 John Tabor Trail
W13691384,2026-09-09 00:00:00,14 DAYS,2026-09-23,1147 Saturnia Crescent
W13691660,2026-09-09 00:00:00,14 DAYS,2026-09-23,3328 Riverspray Crescent
E13750712,2026-09-09 00:00:00,12 DAYS,2026-09-21,1786 Danforth Avenue
E13750724,2026-09-09 00:00:00,12 DAYS,2026-09-21,2424 Danforth Avenue
W13756046,2026-09-09 00:00:00,19 DAYS,2026-09-28,22 Kittiwake Avenue
W13752050,2026-09-09 00:00:00,19 DAYS,2026-09-28,#8 - 22 Goodmark Place
W13752006,2026-09-09 00:00:00,19 DAYS,2026-09-28,#7 - 22 Goodmark Place
W13702640,2026-09-09 00:00:00,14 DAYS,2026-09-23,3669 Corliss Crescent
W13757382,2026-09-09 00:00:00,19 DAYS,2026-09-28,466 The Kingsway
W13692486,2026-09-09 00:00:00,14 DAYS,2026-09-23,280 King Andrew Drive
W13690618,2026-09-09 00:00:00,14 DAYS,2026-09-23,501 - 1111 Bough Beeches Boulevard
E13757636,2026-09-09 00:00:00,19 DAYS,2026-09-28,75 Shilton Road
E13757542,2026-09-09 00:00:00,19 DAYS,2026-09-28,43 - 30 Liben Way
E13756822,2026-09-09 00:00:00,19 DAYS,2026-09-28,12 L'Amoreaux Drive
W13757370,2026-09-09 00:00:00,19 DAYS,2026-09-28,53 Burrows Avenue
E13750324,2026-09-09 00:00:00,12 DAYS,2026-09-21,D105 - 69 Lebovic Avenue
E13756160,2026-09-09 00:00:00,19 DAYS,2026-09-28,12 Grenbeck Drive
E13755184,2026-09-09 00:00:00,19 DAYS,2026-09-28,801 - 5039 Finch Avenue E
E13754644,2026-09-09 00:00:00,19 DAYS,2026-09-28,613 - 5131 Sheppard Avenue E
W13756670,2026-09-09 00:00:00,19 DAYS,2026-09-28,31 Monterrey Drive
W13755530,2026-09-09 00:00:00,19 DAYS,2026-09-28,3 Pipestone Place
W13755242,2026-09-09 00:00:00,19 DAYS,2026-09-28,853 - 30 Tandridge Crescent
W13760846,2026-09-09 00:00:00,20 DAYS,2026-09-29,52 Briarwood Avenue
W13752486,2026-09-09 00:00:00,19 DAYS,2026-09-28,149 Verobeach Boulevard
W13752500,2026-09-09 00:00:00,19 DAYS,2026-09-28,149 Verobeach Boulevard
W13762040,2026-09-09 00:00:00,20 DAYS,2026-09-29,2407 - 4080 Living Arts Drive
W13762054,2026-09-09 00:00:00,20 DAYS,2026-09-29,1060 Mississauga Heights
E13754076,2026-09-09 00:00:00,19 DAYS,2026-09-28,229 Chartland Boulevard S
E13752214,2026-09-09 00:00:00,19 DAYS,2026-09-28,103 - 65 Huntingdale Boulevard
E13755216,2026-09-09 00:00:00,19 DAYS,2026-09-28,74 Winners Circle
W13760380,2026-09-09 00:00:00,20 DAYS,2026-09-29,2004 - 220 Burnhamthorpe Road W
W13759144,2026-09-09 00:00:00,20 DAYS,2026-09-29,1211 - 1100 Caven Street
W13759296,2026-09-09 00:00:00,20 DAYS,2026-09-29,2052 Chippewa Trail
W13757506,2026-09-09 00:00:00,20 DAYS,2026-09-29,1421 Watersedge Road
40860245,2026-09-09 00:00:00,20 DAYS,2026-09-29,1807 Balsam Avenue
W13759676,2026-09-09 00:00:00,20 DAYS,2026-09-29,1807 Balsam Avenue
W13757942,2026-09-09 00:00:00,19 DAYS,2026-09-28,31 Long Branch Avenue
W13757770,2026-09-09 00:00:00,19 DAYS,2026-09-28,27 - 120 Twenty Fourth Street
W13731776,2026-09-09 00:00:00,20 DAYS,2026-09-29,6582 Skipper Way
W13756322,2026-09-09 00:00:00,20 DAYS,2026-09-29,52 - 2380 Bromsgrove Road
W13759318,2026-09-09 00:00:00,20 DAYS,2026-09-29,10 - 2130 Dickson Road
W13755400,2026-09-09 00:00:00,19 DAYS,2026-09-28,122 Treeview Drive
W13755074,2026-09-09 00:00:00,19 DAYS,2026-09-28,101 - 30 Carnation Avenue
W13755010,2026-09-09 00:00:00,19 DAYS,2026-09-28,21 Burlingame Road
W13754920,2026-09-09 00:00:00,19 DAYS,2026-09-28,28 Thirtieth Street
W13754582,2026-09-09 00:00:00,19 DAYS,2026-09-28,2 Foch Avenue
W13751886,2026-09-09 00:00:00,19 DAYS,2026-09-28,51 Thirty Sixth Street
W13756130,2026-09-09 00:00:00,19 DAYS,2026-09-28,441 Rimilton Avenue
W13751812,2026-09-09 00:00:00,19 DAYS,2026-09-28,17 - 85 Eastwood Park Gardens
W13757578,2026-09-09 00:00:00,19 DAYS,2026-09-28,304 - 120 Canon Jackson Drive
W13760356,2026-09-09 00:00:00,20 DAYS,2026-09-29,5581 Wheatland Court
C13750696,2026-09-09 00:00:00,12 DAYS,2026-09-21,13 - 5 Northtown Way
C13751042,2026-09-09 00:00:00,12 DAYS,2026-09-21,200 - 5 Spring Garden Avenue
W13756032,2026-09-09 00:00:00,20 DAYS,2026-09-29,3975 Seebring Crescent
40861433,2026-09-09 00:00:00,20 DAYS,2026-09-29,6036 St. Ives Way
W13761692,2026-09-09 00:00:00,20 DAYS,2026-09-29,30 - 2445 Homelands Drive
W13761382,2026-09-09 00:00:00,20 DAYS,2026-09-29,401 - 2485 Woking Crescent
W13750568,2026-09-09 00:00:00,12 DAYS,2026-09-21,812 Bloor Street W
W13761188,2026-09-09 00:00:00,20 DAYS,2026-09-29,142 - 3050 Erin Centre Boulevard
W13761042,2026-09-09 00:00:00,20 DAYS,2026-09-29,2755 Lindholm Crescent
W13760966,2026-09-09 00:00:00,20 DAYS,2026-09-29,7443 Russian Olive Close
W13760876,2026-09-09 00:00:00,20 DAYS,2026-09-29,4594 Badminton Drive
W13760584,2026-09-09 00:00:00,20 DAYS,2026-09-29,128 - 5255 Palmetto Place
W13760526,2026-09-09 00:00:00,20 DAYS,2026-09-29,6624 Mockingbird Lane
W13760476,2026-09-09 00:00:00,20 DAYS,2026-09-29,3095 Cascade Court
W13761168,2026-09-09 00:00:00,20 DAYS,2026-09-29,6087 Featherhead Crescent
W13751458,2026-09-09 00:00:00,19 DAYS,2026-09-28,11 Elton Crescent
W13757266,2026-09-09 00:00:00,19 DAYS,2026-09-28,76 Laburnham Avenue
W13760228,2026-09-09 00:00:00,20 DAYS,2026-09-29,5532 Bourget Drive
W13756618,2026-09-09 00:00:00,20 DAYS,2026-09-29,2010 - 50 Eglinton Avenue W
W13755198,2026-09-09 00:00:00,19 DAYS,2026-09-28,82 Pony Farm Drive
W13758160,2026-09-09 00:00:00,20 DAYS,2026-09-29,6399 Colebrook Crescent
W13753906,2026-09-09 00:00:00,19 DAYS,2026-09-28,25 North Drive
W13757726,2026-09-09 00:00:00,20 DAYS,2026-09-29,513 - 35 Kingsbridge Garden Circle
W13757694,2026-09-09 00:00:00,20 DAYS,2026-09-29,3109 - 510 Curran Place
C13757152,2026-09-09 00:00:00,19 DAYS,2026-09-28,2211 - 33 Bay Street
W13758010,2026-09-09 00:00:00,20 DAYS,2026-09-29,1610 - 3985 Grand Park Drive
W13752300,2026-09-09 00:00:00,19 DAYS,2026-09-28,104 - 41 Lake Shore Drive
E13751698,2026-09-09 00:00:00,19 DAYS,2026-09-28,92 Gradwell Drive
40861033,2026-09-09 00:00:00,20 DAYS,2026-09-29,1529 Wembury Road
W13758832,2026-09-09 00:00:00,20 DAYS,2026-09-29,104 - 1150 Parkwest Place
W13754796,2026-09-09 00:00:00,19 DAYS,2026-09-28,31 Queensborough Crescent
W13754952,2026-09-09 00:00:00,19 DAYS,2026-09-28,37 Birchleaf Crescent
W13758418,2026-09-09 00:00:00,20 DAYS,2026-09-29,347 Karen Park Crescent
W13758716,2026-09-09 00:00:00,20 DAYS,2026-09-29,60 Bowshelm Court
W13756978,2026-09-09 00:00:00,20 DAYS,2026-09-29,1175 Kane Road
C13750992,2026-09-09 00:00:00,12 DAYS,2026-09-21,338 Spadina Avenue
C13757406,2026-09-09 00:00:00,19 DAYS,2026-09-28,3806 - 16 Yonge Street
W13756398,2026-09-09 00:00:00,19 DAYS,2026-09-28,1111 - 320 Dixon Road E
W13755364,2026-09-09 00:00:00,19 DAYS,2026-09-28,36 Windsor Road
W13750288,2026-09-09 00:00:00,12 DAYS,2026-09-21,1-2 - 6620 Finch Avenue W
W13753530,2026-09-09 00:00:00,19 DAYS,2026-09-28,Ph403 - 30 Anglesey Boulevard
W13754244,2026-09-09 00:00:00,19 DAYS,2026-09-28,147 Chapman Road
W13753912,2026-09-09 00:00:00,19 DAYS,2026-09-28,1207 - 10 Wilby Crescent
W13755434,2026-09-09 00:00:00,19 DAYS,2026-09-28,8 Beaverbrook Avenue
W13751422,2026-09-09 00:00:00,19 DAYS,2026-09-28,48 Benway Drive
W13751660,2026-09-09 00:00:00,19 DAYS,2026-09-28,93 Poplar Heights Drive
40858493,2026-09-09 00:00:00,20 DAYS,2026-09-29,6624 Mockingbird Lane
W13759236,2026-09-09 00:00:00,20 DAYS,2026-09-29,27 - 121 Falconer Drive
C13751700,2026-09-09 00:00:00,19 DAYS,2026-09-28,28 Townsend Road
W13753208,2026-09-09 00:00:00,19 DAYS,2026-09-28,16 Oldham Road
W13752172,2026-09-09 00:00:00,19 DAYS,2026-09-28,1703 - 390 Dixon Road
E13752292,2026-09-10 00:00:00,11 DAYS,2026-09-21,732 Queen Street E
E13751872,2026-09-10 00:00:00,11 DAYS,2026-09-21,1398 Queen Street E
W13761856,2026-09-10 00:00:00,18 DAYS,2026-09-28,412 - 293 The Kingsway
W13760682,2026-09-10 00:00:00,18 DAYS,2026-09-28,505 - 35 Fontenay Court
W13759166,2026-09-10 00:00:00,18 DAYS,2026-09-28,32 Totteridge Road
W13758998,2026-09-10 00:00:00,18 DAYS,2026-09-28,2 Wembley Avenue
W13761514,2026-09-10 00:00:00,18 DAYS,2026-09-28,90 - 15 Centennial Park Road S
E13752226,2026-09-10 00:00:00,11 DAYS,2026-09-21,728 Queen Street E
W13694506,2026-09-10 00:00:00,13 DAYS,2026-09-23,16 - 1764 Rathburn Road E
W13760580,2026-09-10 00:00:00,18 DAYS,2026-09-28,13 - 14 - 35 Stoffel Drive
W13759518,2026-09-10 00:00:00,18 DAYS,2026-09-28,1103 - 40 Richview Road
W13758552,2026-09-10 00:00:00,18 DAYS,2026-09-28,9 Babington Court
W13759000,2026-09-10 00:00:00,18 DAYS,2026-09-28,99 Sun Row Drive
W13758538,2026-09-10 00:00:00,18 DAYS,2026-09-28,84 Ravenscrest Drive
W13758460,2026-09-10 00:00:00,18 DAYS,2026-09-28,24 Ravenscrest Drive
W13763284,2026-09-10 00:00:00,18 DAYS,2026-09-28,20 Boylen Street
W13758162,2026-09-10 00:00:00,18 DAYS,2026-09-28,2002 - 40 Richview Road
W13763398,2026-09-10 00:00:00,18 DAYS,2026-09-28,42 Clearbrooke Circle
W13761048,2026-09-10 00:00:00,18 DAYS,2026-09-28,615 - 10 Wilby Crescent
W13704198,2026-09-10 00:00:00,13 DAYS,2026-09-23,13 - 3071 Treadwells Drive
W13751718,2026-09-10 00:00:00,11 DAYS,2026-09-21,103 - 4800 Dufferin Street
C13752528,2026-09-10 00:00:00,11 DAYS,2026-09-21,633 Mount Pleasant Road
W13762458,2026-09-10 00:00:00,19 DAYS,2026-09-29,3446 Ash Row Crescent N
W13762360,2026-09-10 00:00:00,19 DAYS,2026-09-29,5604 Doctor Peddle Crescent
W13762026,2026-09-10 00:00:00,19 DAYS,2026-09-29,6036 St. Ives Way
E13762976,2026-09-10 00:00:00,18 DAYS,2026-09-28,29 David Drive
E13761376,2026-09-10 00:00:00,18 DAYS,2026-09-28,91 - 23 Hedge End Road
E13760830,2026-09-10 00:00:00,18 DAYS,2026-09-28,100 Bushmills Square
E13760868,2026-09-10 00:00:00,18 DAYS,2026-09-28,236 John Tabor Trail
E13760000,2026-09-10 00:00:00,18 DAYS,2026-09-28,703 - 5001 Finch Avenue E
E13760064,2026-09-10 00:00:00,18 DAYS,2026-09-28,1102 - 3088 Kennedy Road
E13758812,2026-09-10 00:00:00,18 DAYS,2026-09-28,1505 - 28 Rosebank Drive
E13758148,2026-09-10 00:00:00,18 DAYS,2026-09-28,25 Whiteleas Avenue
E13762642,2026-09-10 00:00:00,18 DAYS,2026-09-28,612 - 3520 Danforth Avenue
E13761892,2026-09-10 00:00:00,18 DAYS,2026-09-28,121 Preston Street
E13761784,2026-09-10 00:00:00,18 DAYS,2026-09-28,8 Mack Avenue
E13760896,2026-09-10 00:00:00,18 DAYS,2026-09-28,624 - 1091 Kingston Road
E13760646,2026-09-10 00:00:00,18 DAYS,2026-09-28,124 Scarboro Crescent
W13768280,2026-09-10 00:00:00,19 DAYS,2026-09-29,238 Mineola Road W
W13768176,2026-09-10 00:00:00,19 DAYS,2026-09-29,271 Oakhill Road
W13768148,2026-09-10 00:00:00,19 DAYS,2026-09-29,16 - 2175 Stavebank Road
W13762472,2026-09-10 00:00:00,19 DAYS,2026-09-29,34 - 120 Falconer Drive
W13762898,2026-09-10 00:00:00,19 DAYS,2026-09-29,3035 Saracen Court
W13763000,2026-09-10 00:00:00,19 DAYS,2026-09-29,6073 Featherhead Crescent
W13763268,2026-09-10 00:00:00,19 DAYS,2026-09-29,3 - 3425 Ridgeway Drive
W13766170,2026-09-10 00:00:00,19 DAYS,2026-09-29,3189 Coldstream Road
W13767866,2026-09-10 00:00:00,19 DAYS,2026-09-29,71 - 5255 Palmetto Place
W13767428,2026-09-10 00:00:00,19 DAYS,2026-09-29,6343 Alderwood Trail
W13767468,2026-09-10 00:00:00,19 DAYS,2026-09-29,7222 Deanlee Court
W13767364,2026-09-10 00:00:00,19 DAYS,2026-09-29,2760 Cathian Court
W13767150,2026-09-10 00:00:00,19 DAYS,2026-09-29,6 - 5070 Harvard Road
W13767142,2026-09-10 00:00:00,19 DAYS,2026-09-29,4353 Sawmill Valley Drive
40861031,2026-09-10 00:00:00,19 DAYS,2026-09-29,4353 Sawmill Valley Drive
W13766218,2026-09-10 00:00:00,19 DAYS,2026-09-29,6431 Tenth Line W
W13767802,2026-09-10 00:00:00,19 DAYS,2026-09-29,6015 - 3883 Quartz Road
W13765710,2026-09-10 00:00:00,19 DAYS,2026-09-29,3463 Crimson King Circle
40861974,2026-09-10 00:00:00,19 DAYS,2026-09-29,2029 Kempton Park Drive
W13764554,2026-09-10 00:00:00,19 DAYS,2026-09-29,410 - 483 Faith Drive
W13764216,2026-09-10 00:00:00,19 DAYS,2026-09-29,40 - 5659 Glen Erin Drive
W13764052,2026-09-10 00:00:00,19 DAYS,2026-09-29,5588 Highbank Road
W13763996,2026-09-10 00:00:00,19 DAYS,2026-09-29,51 - 6100 Montevideo Road
W13763742,2026-09-10 00:00:00,19 DAYS,2026-09-29,6954 Cadiz Crescent
W13763730,2026-09-10 00:00:00,19 DAYS,2026-09-29,4491 Andiron Court
W13763434,2026-09-10 00:00:00,19 DAYS,2026-09-29,1820 Shady Creek Court
40860085,2026-09-10 00:00:00,19 DAYS,2026-09-29,1820 Shady Creek Court
W13764894,2026-09-10 00:00:00,19 DAYS,2026-09-29,2029 Kempton Park Drive
W13767750,2026-09-10 00:00:00,19 DAYS,2026-09-29,401 - 310 Burnhamthorpe Road W
W13767610,2026-09-10 00:00:00,19 DAYS,2026-09-29,3009 - 4070 Confederation Parkway
40862200,2026-09-10 00:00:00,19 DAYS,2026-09-29,310 Burnhamthorpe Road W Unit# 401
W13762192,2026-09-10 00:00:00,19 DAYS,2026-09-29,1714 - 1035 Southdown Road
W13762278,2026-09-10 00:00:00,19 DAYS,2026-09-29,106 - 1035 Southdown Road
W13762490,2026-09-10 00:00:00,19 DAYS,2026-09-29,2599 Lundene Road
W13763518,2026-09-10 00:00:00,19 DAYS,2026-09-29,362 Meadow Wood Lane
W13764982,2026-09-10 00:00:00,19 DAYS,2026-09-29,1103 - 965 Inverhouse Drive
W13762546,2026-09-10 00:00:00,19 DAYS,2026-09-29,1405 - 90 Absolute Avenue
W13763320,2026-09-10 00:00:00,18 DAYS,2026-09-28,1047 - 115 George Appleton Way
W13762866,2026-09-10 00:00:00,18 DAYS,2026-09-28,2025 - 85 George Appleton Way
W13761374,2026-09-10 00:00:00,18 DAYS,2026-09-28,1629 Sheppard Avenue W
W13762206,2026-09-10 00:00:00,19 DAYS,2026-09-29,1711 - 1035 Southdown Road
W13758586,2026-09-10 00:00:00,18 DAYS,2026-09-28,27 Gaydon Avenue
W13763150,2026-09-10 00:00:00,18 DAYS,2026-09-28,29 - 3053 Finch Avenue W
E13757276,2026-09-10 00:00:00,11 DAYS,2026-09-21,A3 - 30 Bertrand Avenue
W13759602,2026-09-10 00:00:00,18 DAYS,2026-09-28,195 Claireville Drive
W13761014,2026-09-10 00:00:00,18 DAYS,2026-09-28,1803 - 40 Panorama Court
W13763510,2026-09-10 00:00:00,18 DAYS,2026-09-28,506 - 2645 Kipling Avenue
C13752108,2026-09-10 00:00:00,11 DAYS,2026-09-21,3187 Yonge Street
E13757308,2026-09-10 00:00:00,11 DAYS,2026-09-21,720-720A Queen Street E
E13757148,2026-09-10 00:00:00,11 DAYS,2026-09-21,471 Danforth Avenue
E13755170,2026-09-10 00:00:00,11 DAYS,2026-09-21,226 - 1173 Dundas Street E
W13759906,2026-09-10 00:00:00,18 DAYS,2026-09-28,2087 - 3045 Finch Avenue W
C13752942,2026-09-10 00:00:00,11 DAYS,2026-09-21,105-106 - 1 Yorkville Avenue
40861887,2026-09-10 00:00:00,19 DAYS,2026-09-29,2599 Lundene Road
W13697624,2026-09-10 00:00:00,13 DAYS,2026-09-23,20 - 1755 Rathburn Road E
W13767216,2026-09-10 00:00:00,19 DAYS,2026-09-29,680 Sweetwater Place
W13767008,2026-09-10 00:00:00,19 DAYS,2026-09-29,1595 Calverton Court
W13767108,2026-09-10 00:00:00,19 DAYS,2026-09-29,816 - 21 Park Street E
W13766898,2026-09-10 00:00:00,19 DAYS,2026-09-29,80 Ben Machree Drive
W13766808,2026-09-10 00:00:00,19 DAYS,2026-09-29,Ph05 - 250 Webb Drive
W13766492,2026-09-10 00:00:00,19 DAYS,2026-09-29,1470 Crescent Road
W13766488,2026-09-10 00:00:00,19 DAYS,2026-09-29,21 Cumberland Drive
W13766270,2026-09-10 00:00:00,19 DAYS,2026-09-29,1832 Chesbro Court
W13766272,2026-09-10 00:00:00,19 DAYS,2026-09-29,656 Tupelo Court
W13761116,2026-09-10 00:00:00,19 DAYS,2026-09-29,905 - 1110 Walden Circle
W13766216,2026-09-10 00:00:00,19 DAYS,2026-09-29,1108 - 3590 Kaneff Crescent
W13767014,2026-09-10 00:00:00,19 DAYS,2026-09-29,6577 Jazzy Mews
W13765132,2026-09-10 00:00:00,19 DAYS,2026-09-29,6623 Blackheath Ridge
C13755120,2026-09-10 00:00:00,11 DAYS,2026-09-21,4893 Yonge Street
C13757910,2026-09-10 00:00:00,18 DAYS,2026-09-28,25 Lehar Crescent
C13757932,2026-09-10 00:00:00,18 DAYS,2026-09-28,358 - 4005 Don Mills Road
C13755168,2026-09-10 00:00:00,11 DAYS,2026-09-21,101 - 18 Wynford Drive
W13754910,2026-09-10 00:00:00,11 DAYS,2026-09-21,80 - 95 The Pond Road
W13752154,2026-09-10 00:00:00,11 DAYS,2026-09-21,1025 Finch Avenue W
W13726342,2026-09-10 00:00:00,13 DAYS,2026-09-23,66 - 7215 Goreway Drive
40861809,2026-09-10 00:00:00,19 DAYS,2026-09-29,21 Cumberland Drive
W13698366,2026-09-10 00:00:00,13 DAYS,2026-09-23,504 - 1300 Bloor Street
C13761524,2026-09-10 00:00:00,18 DAYS,2026-09-28,6 Canton Avenue
C13762770,2026-09-10 00:00:00,18 DAYS,2026-09-28,305 Glen Road
40861550,2026-09-10 00:00:00,19 DAYS,2026-09-29,1648 Crediton Parkway
W13763400,2026-09-10 00:00:00,19 DAYS,2026-09-29,1534 Trotwood Avenue
W13763428,2026-09-10 00:00:00,19 DAYS,2026-09-29,1648 Crediton Parkway
E13761774,2026-09-10 00:00:00,18 DAYS,2026-09-28,75 Laing Street
W13758888,2026-09-10 00:00:00,18 DAYS,2026-09-28,3267 Lake Shore Boulevard W
C13751902,2026-09-10 00:00:00,11 DAYS,2026-09-21,225 - 65 Front Street
C13753554,2026-09-10 00:00:00,11 DAYS,2026-09-21,100 King Street W
W13760024,2026-09-10 00:00:00,18 DAYS,2026-09-28,15 Nineteenth Street
W13760184,2026-09-10 00:00:00,18 DAYS,2026-09-28,211 - 3531 Lake Shore Boulevard W
W13758224,2026-09-10 00:00:00,18 DAYS,2026-09-28,1904 - 20 Brin Drive
W13760616,2026-09-10 00:00:00,18 DAYS,2026-09-28,76 Thirty Eighth Street
W13763962,2026-09-10 00:00:00,18 DAYS,2026-09-28,485 Evans Avenue
W13765778,2026-09-10 00:00:00,19 DAYS,2026-09-29,156 - 601 Shoreline Drive
W13764638,2026-09-10 00:00:00,19 DAYS,2026-09-29,3294 Rhonda Valley Drive
W13763596,2026-09-10 00:00:00,18 DAYS,2026-09-28,201 - 135 Canon Jackson Drive
W13763462,2026-09-10 00:00:00,18 DAYS,2026-09-28,200 Locksley Avenue
W13762156,2026-09-10 00:00:00,18 DAYS,2026-09-28,31 Quinan Drive
W13761530,2026-09-10 00:00:00,18 DAYS,2026-09-28,302 - 130 Canon Jackson Drive
W13760882,2026-09-10 00:00:00,18 DAYS,2026-09-28,2 - 100 Long Branch Avenue
W13765882,2026-09-10 00:00:00,19 DAYS,2026-09-29,15A - 1064 Queen Street W
W13763156,2026-09-10 00:00:00,19 DAYS,2026-09-29,43 - 1055 Shawnmarr Road
W13763182,2026-09-10 00:00:00,19 DAYS,2026-09-29,1654 Birchwood Drive
W13697062,2026-09-10 00:00:00,13 DAYS,2026-09-23,7700 Kittridge Drive
W13759192,2026-09-10 00:00:00,18 DAYS,2026-09-28,18 - 71 Old Burnhamthorpe Road
W13760920,2026-09-10 00:00:00,18 DAYS,2026-09-28,25 The West Mall W
W13765322,2026-09-10 00:00:00,19 DAYS,2026-09-29,1204 - 1100 Caven Street
W13764862,2026-09-10 00:00:00,19 DAYS,2026-09-29,930 Maramis Court
W13764790,2026-09-10 00:00:00,19 DAYS,2026-09-29,808 - 135 Hillcrest Avenue S
C13752642,2026-09-10 00:00:00,11 DAYS,2026-09-21,96 Harbord Street
W13697590,2026-09-10 00:00:00,13 DAYS,2026-09-23,24 - 3083 Cawthra Road
C13752340,2026-09-10 00:00:00,11 DAYS,2026-09-21,32 Britain Street
W13759088,2026-09-10 00:00:00,18 DAYS,2026-09-28,105 - 701 Burnhamthorpe Road
E13758190,2026-09-10 00:00:00,18 DAYS,2026-09-28,145 Boardwalk Drive
E13758442,2026-09-10 00:00:00,18 DAYS,2026-09-28,204 - 1842 Queen Street E
E13759106,2026-09-10 00:00:00,18 DAYS,2026-09-28,321 - 9 Boardwalk Drive
E13759348,2026-09-10 00:00:00,18 DAYS,2026-09-28,201 - 75 Scarborough Road
E13759746,2026-09-10 00:00:00,18 DAYS,2026-09-28,3 Columbine Avenue
W13762418,2026-09-10 00:00:00,19 DAYS,2026-09-29,658 Galloway Crescent
W13762550,2026-09-10 00:00:00,19 DAYS,2026-09-29,1438 Birchwood Drive
W13762512,2026-09-10 00:00:00,19 DAYS,2026-09-29,4110 Quaker Hill Drive
W13762738,2026-09-10 00:00:00,19 DAYS,2026-09-29,401 - 15 Elizabeth Street N
W13762948,2026-09-10 00:00:00,19 DAYS,2026-09-29,1182 Streambank Drive
W13763056,2026-09-10 00:00:00,19 DAYS,2026-09-29,1575 Hurontario Street
W13761332,2026-09-10 00:00:00,18 DAYS,2026-09-28,60 Emmett Avenue
W13760572,2026-09-10 00:00:00,18 DAYS,2026-09-28,208 - 3091 Dufferin Street
W13765702,2026-09-10 00:00:00,19 DAYS,2026-09-29,708 - 50 Eglinton Avenue W
W13698108,2026-09-10 00:00:00,13 DAYS,2026-09-23,769 Annamore Road
C13763292,2026-09-10 00:00:00,18 DAYS,2026-09-28,1002 - 10 Oak Street
C13763042,2026-09-10 00:00:00,18 DAYS,2026-09-28,2502 - 5 Defries Street
C13762414,2026-09-10 00:00:00,18 DAYS,2026-09-28,1509 - 65 Mutual Street
C13762352,2026-09-10 00:00:00,18 DAYS,2026-09-28,45 Geneva Avenue
W13755810,2026-09-10 00:00:00,11 DAYS,2026-09-21,150 Norseman Street
W13694174,2026-09-10 00:00:00,13 DAYS,2026-09-23,768 Annamore Road
W13698434,2026-09-10 00:00:00,13 DAYS,2026-09-23,3673 Fieldgate Drive
W13763928,2026-09-10 00:00:00,19 DAYS,2026-09-29,#1311 - 385 Prince Of Wales Drive
W13753866,2026-09-10 00:00:00,11 DAYS,2026-09-21,545 Annette Street
W13764030,2026-09-10 00:00:00,19 DAYS,2026-09-29,2410 - 45 Kingsbridge Garden Circle
C13760720,2026-09-10 00:00:00,18 DAYS,2026-09-28,917 - 7 King Street E
C13760124,2026-09-10 00:00:00,18 DAYS,2026-09-28,7105 - 88 Harbour Street
C13758242,2026-09-10 00:00:00,18 DAYS,2026-09-28,3604 - 10 Yonge Street
W13760364,2026-09-10 00:00:00,18 DAYS,2026-09-28,1510 - 830 Lawrence Avenue W
W13755882,2026-09-10 00:00:00,11 DAYS,2026-09-21,1620 Bloor Street W
C13763278,2026-09-10 00:00:00,18 DAYS,2026-09-28,1610 - 10 Oak Street
W13764064,2026-09-10 00:00:00,19 DAYS,2026-09-29,857 Messenger Meadow Drive
C13757186,2026-09-10 00:00:00,11 DAYS,2026-09-21,761 Queen Street
C13763304,2026-09-10 00:00:00,18 DAYS,2026-09-28,1802 - 77 Shuter Street
W13760052,2026-09-10 00:00:00,18 DAYS,2026-09-28,307 - 1461 Lawrence Avenue
C13756150,2026-09-10 00:00:00,11 DAYS,2026-09-21,890 Queen Street W
40861981,2026-09-10 00:00:00,19 DAYS,2026-09-29,1470 Crescent Road
W13756934,2026-09-10 00:00:00,11 DAYS,2026-09-21,176 Milvan Drive
W13763764,2026-09-10 00:00:00,19 DAYS,2026-09-29,3003 - 388 Prince Of Wales Drive
C13756874,2026-09-10 00:00:00,11 DAYS,2026-09-21,761 Queen Street
C13756860,2026-09-10 00:00:00,11 DAYS,2026-09-21,761 Queen Street
W13752094,2026-09-10 00:00:00,11 DAYS,2026-09-21,4906 Dundas Street W
W13765106,2026-09-11 00:00:00,17 DAYS,2026-09-28,29 Norbrook Crescent
W13766924,2026-09-11 00:00:00,17 DAYS,2026-09-28,403 - 600 Rexdale Boulevard
W13768150,2026-09-11 00:00:00,17 DAYS,2026-09-28,#1208 - 2645 Kipling Avenue
E13766954,2026-09-11 00:00:00,17 DAYS,2026-09-28,Ph 04 - 2152 Lawrence Avenue
40861988,2026-09-11 00:00:00,17 DAYS,2026-09-28,1201 Dundas Street E Unit# 902
W13764584,2026-09-11 00:00:00,17 DAYS,2026-09-28,188 - 262 John Garland Boulevard
W13772640,2026-09-11 00:00:00,18 DAYS,2026-09-29,5170 Sunrise Court
E13766894,2026-09-11 00:00:00,17 DAYS,2026-09-28,32 - 80 Dundalk Drive
W13772548,2026-09-11 00:00:00,18 DAYS,2026-09-29,1112 - 2900 Battleford Road
E13768270,2026-09-11 00:00:00,17 DAYS,2026-09-28,408 - 61 Town Centre Court
W13766306,2026-09-11 00:00:00,17 DAYS,2026-09-28,58 Silver Shadow Path
E13767134,2026-09-11 00:00:00,17 DAYS,2026-09-28,14 Sutherland Avenue
E13766914,2026-09-11 00:00:00,17 DAYS,2026-09-28,312 - 25 Strangford Lane
E13767024,2026-09-11 00:00:00,17 DAYS,2026-09-28,39 Wantanopa Crescent
E13767624,2026-09-11 00:00:00,17 DAYS,2026-09-28,78 Danielle Moore Circle
E13767616,2026-09-11 00:00:00,17 DAYS,2026-09-28,15 Wetherby Drive
E13768170,2026-09-11 00:00:00,17 DAYS,2026-09-28,18 Romulus Drive
E13768180,2026-09-11 00:00:00,17 DAYS,2026-09-28,29 Jeremiah Lane
E13767248,2026-09-11 00:00:00,17 DAYS,2026-09-28,11 Pine Crescent
C13766576,2026-09-11 00:00:00,17 DAYS,2026-09-28,4 Douglas Crescent
E13765502,2026-09-11 00:00:00,17 DAYS,2026-09-28,118 Harewood Avenue
C13768106,2026-09-11 00:00:00,17 DAYS,2026-09-28,6 Thursfield Crescent
C13766518,2026-09-11 00:00:00,17 DAYS,2026-09-28,6 Bowman Street
E13765980,2026-09-11 00:00:00,17 DAYS,2026-09-28,4 Woodville Avenue
E13765670,2026-09-11 00:00:00,17 DAYS,2026-09-28,1437 Queen Street E
E13765530,2026-09-11 00:00:00,17 DAYS,2026-09-28,1 Warland Avenue
E13765230,2026-09-11 00:00:00,17 DAYS,2026-09-28,80 Elmer Avenue
E13764012,2026-09-11 00:00:00,17 DAYS,2026-09-28,548 Glebeholme Boulevard
E13766360,2026-09-11 00:00:00,17 DAYS,2026-09-28,32 Cliffcrest Drive
W13761056,2026-09-11 00:00:00,10 DAYS,2026-09-21,3097 Dundas Street W
C13758264,2026-09-11 00:00:00,10 DAYS,2026-09-21,Unit 32 - 209 Wicksteed Avenue
E13766148,2026-09-11 00:00:00,17 DAYS,2026-09-28,406 - 895 Kennedy Road
E13766098,2026-09-11 00:00:00,17 DAYS,2026-09-28,572 Pharmacy Avenue
E13765740,2026-09-11 00:00:00,17 DAYS,2026-09-28,27 Sundridge Drive
E13762406,2026-09-11 00:00:00,10 DAYS,2026-09-21,3475-3491 Danforth Avenue
E13762412,2026-09-11 00:00:00,10 DAYS,2026-09-21,3475-3491 Danforth Avenue
E13765726,2026-09-11 00:00:00,17 DAYS,2026-09-28,3 De Jong Street
E13758102,2026-09-11 00:00:00,10 DAYS,2026-09-21,#F09 - 101 Lebovic Avenue
E13765584,2026-09-11 00:00:00,17 DAYS,2026-09-28,Th 19 - 2472 Eglinton Avenue E
E13765292,2026-09-11 00:00:00,17 DAYS,2026-09-28,Ph918 - 3650 Kingston Road
E13765176,2026-09-11 00:00:00,17 DAYS,2026-09-28,11 Gillbank Crescent
E13765032,2026-09-11 00:00:00,17 DAYS,2026-09-28,20 Mayhill Crescent
W13768612,2026-09-11 00:00:00,17 DAYS,2026-09-28,130 Thistle Down Boulevard
W13768618,2026-09-11 00:00:00,17 DAYS,2026-09-28,36-38 Milvan Drive
W13768576,2026-09-11 00:00:00,17 DAYS,2026-09-28,20 Taysham Crescent
W13765904,2026-09-11 00:00:00,17 DAYS,2026-09-28,41 Bradstock Road
W13764492,2026-09-11 00:00:00,17 DAYS,2026-09-28,26 Abraham Welsh Road
C13765002,2026-09-11 00:00:00,17 DAYS,2026-09-28,144 Bartley Drive
E13764240,2026-09-11 00:00:00,17 DAYS,2026-09-28,Ph1 - 580 Kingston Road
W13773556,2026-09-11 00:00:00,18 DAYS,2026-09-29,2574 Confederation Parkway
W13764054,2026-09-11 00:00:00,17 DAYS,2026-09-28,1101 - 15 James Finlay Way
C13769204,2026-09-11 00:00:00,17 DAYS,2026-09-28,411 - 1101 Steeles Avenue W
C13768010,2026-09-11 00:00:00,17 DAYS,2026-09-28,104 Otonabee Avenue
C13767532,2026-09-11 00:00:00,17 DAYS,2026-09-28,802 - 1121 Steeles Avenue W
W13758918,2026-09-11 00:00:00,10 DAYS,2026-09-21,401 - 300 Geary Avenue
E13757834,2026-09-11 00:00:00,10 DAYS,2026-09-21,A3-A4 - 4771 Steeles Avenue E
C13762768,2026-09-11 00:00:00,10 DAYS,2026-09-21,354 Wilson Avenue
E13761046,2026-09-11 00:00:00,10 DAYS,2026-09-21,3051 Pharmacy Avenue
W13768516,2026-09-11 00:00:00,18 DAYS,2026-09-29,703 Twain Avenue
W13768966,2026-09-11 00:00:00,18 DAYS,2026-09-29,817 Brass Winds Place
W13769830,2026-09-11 00:00:00,17 DAYS,2026-09-28,89 Milton Street
W13769002,2026-09-11 00:00:00,17 DAYS,2026-09-28,6201 - 30 Shore Breeze Drive
W13765816,2026-09-11 00:00:00,17 DAYS,2026-09-28,27 - 140 Long Branch Avenue
W13764142,2026-09-11 00:00:00,17 DAYS,2026-09-28,23 Cobalt Street
W13764774,2026-09-11 00:00:00,17 DAYS,2026-09-28,5 Laxis Avenue
W13764778,2026-09-11 00:00:00,17 DAYS,2026-09-28,70 Beechborough Avenue
W13767240,2026-09-11 00:00:00,17 DAYS,2026-09-28,1006 Briar Hill Avenue
C13765354,2026-09-11 00:00:00,17 DAYS,2026-09-28,8 Boldmere Crescent
W13768490,2026-09-11 00:00:00,17 DAYS,2026-09-28,66 Beechborough Avenue
C13765442,2026-09-11 00:00:00,17 DAYS,2026-09-28,33 Cheryl Shepway
C13765676,2026-09-11 00:00:00,17 DAYS,2026-09-28,1006 - 27 Mcmahon Drive
C13760870,2026-09-11 00:00:00,10 DAYS,2026-09-21,5308 Yonge Street
C13761640,2026-09-11 00:00:00,10 DAYS,2026-09-21,13 Drewry Avenue
C13763342,2026-09-11 00:00:00,10 DAYS,2026-09-21,290 Sheppard Avenue W
C13769540,2026-09-11 00:00:00,17 DAYS,2026-09-28,204 - 65 Skymark Drive
C13769276,2026-09-11 00:00:00,17 DAYS,2026-09-28,345 - 4005 Don Mills Road
C13769208,2026-09-11 00:00:00,17 DAYS,2026-09-28,1904 - 1555 Finch Avenue E
C13765468,2026-09-11 00:00:00,17 DAYS,2026-09-28,123 Francine Drive
C13765010,2026-09-11 00:00:00,17 DAYS,2026-09-28,81 Mcnicoll Avenue
C13763892,2026-09-11 00:00:00,17 DAYS,2026-09-28,1406 - 65 Skymark Drive
W13760462,2026-09-11 00:00:00,10 DAYS,2026-09-21,2218 Bloor Street W
W13760204,2026-09-11 00:00:00,10 DAYS,2026-09-21,1355 St Clair Avenue W
C13763522,2026-09-11 00:00:00,10 DAYS,2026-09-21,427-429 Vaughan Road
C13769222,2026-09-11 00:00:00,17 DAYS,2026-09-28,1006 - 52 Forest Manor Road
C13766956,2026-09-11 00:00:00,17 DAYS,2026-09-28,334 Woodsworth Road
C13766742,2026-09-11 00:00:00,17 DAYS,2026-09-28,4209 - 55 Ann O'Reilly Road
C13766428,2026-09-11 00:00:00,17 DAYS,2026-09-28,31 Clovercrest Road
C13766246,2026-09-11 00:00:00,17 DAYS,2026-09-28,305 - 15 Singer Court
C13765432,2026-09-11 00:00:00,17 DAYS,2026-09-28,2006 - 2015 Sheppard Avenue E
W13769120,2026-09-11 00:00:00,17 DAYS,2026-09-28,12 Mahoney Avenue
W13767754,2026-09-11 00:00:00,18 DAYS,2026-09-29,164 - 2170 Bromsgrove Road
W13773262,2026-09-11 00:00:00,18 DAYS,2026-09-29,601 - 1400 Dixie Road
E13768190,2026-09-11 00:00:00,17 DAYS,2026-09-28,1373 Pharmacy Avenue
W13773916,2026-09-11 00:00:00,18 DAYS,2026-09-29,535 Canyon Street
W13727818,2026-09-11 00:00:00,12 DAYS,2026-09-23,270 Brunel Road
C13767768,2026-09-11 00:00:00,17 DAYS,2026-09-28,312 - 20 Edgecliff Golfway
C13766424,2026-09-11 00:00:00,17 DAYS,2026-09-28,218 - 215 The Donway W
C13765942,2026-09-11 00:00:00,17 DAYS,2026-09-28,50 Park Lane Circle
C13765410,2026-09-11 00:00:00,17 DAYS,2026-09-28,118 Laurentide Drive
C13765178,2026-09-11 00:00:00,17 DAYS,2026-09-28,Th107 - 20 O'Neill Road
C13765310,2026-09-11 00:00:00,17 DAYS,2026-09-28,47 Roywood Drive
W13770058,2026-09-11 00:00:00,17 DAYS,2026-09-28,73 Ted Wray Circle
W13764276,2026-09-11 00:00:00,17 DAYS,2026-09-28,18 Turks Road
W13764490,2026-09-11 00:00:00,17 DAYS,2026-09-28,2806 - 215 Sherway Gardens Road
E13760752,2026-09-11 00:00:00,10 DAYS,2026-09-21,1245 Ellesmere Road
E13760914,2026-09-11 00:00:00,10 DAYS,2026-09-21,101A - 2347 Kennedy Road
W13772942,2026-09-11 00:00:00,18 DAYS,2026-09-29,2727 Los Palmas Court
W13772966,2026-09-11 00:00:00,18 DAYS,2026-09-29,23 - 5530 Glen Erin Drive
W13773040,2026-09-11 00:00:00,18 DAYS,2026-09-29,41 Pine Avenue N
W13773080,2026-09-11 00:00:00,18 DAYS,2026-09-29,3478 Palgrave Road
W13772932,2026-09-11 00:00:00,18 DAYS,2026-09-29,2683 Kingsberry Crescent
40862330,2026-09-11 00:00:00,18 DAYS,2026-09-29,3478 Palgrave Road
W13771208,2026-09-11 00:00:00,18 DAYS,2026-09-29,#709 - 965 Inverhouse Drive
W13769556,2026-09-11 00:00:00,18 DAYS,2026-09-29,17 Ben Machree Drive
W13769962,2026-09-11 00:00:00,18 DAYS,2026-09-29,962 Fredonia Drive
W13769784,2026-09-11 00:00:00,18 DAYS,2026-09-29,251 Chalfield Lane
W13770122,2026-09-11 00:00:00,18 DAYS,2026-09-29,4478 Centretown Way
W13770582,2026-09-11 00:00:00,18 DAYS,2026-09-29,403 - 80 Port Street E
W13770782,2026-09-11 00:00:00,18 DAYS,2026-09-29,3557 Old Orchard Park Drive
40862604,2026-09-11 00:00:00,18 DAYS,2026-09-29,2727 Los Palmas Court
W13771372,2026-09-11 00:00:00,18 DAYS,2026-09-29,1228 Haig Boulevard
W13771964,2026-09-11 00:00:00,18 DAYS,2026-09-29,4003 - 4011 Brickstone Mews
40862489,2026-09-11 00:00:00,18 DAYS,2026-09-29,541 Arrowhead Road
W13772262,2026-09-11 00:00:00,18 DAYS,2026-09-29,541 Arrowhead Road
W13772402,2026-09-11 00:00:00,18 DAYS,2026-09-29,3501 - 4099 Brickstone Mews
W13772584,2026-09-11 00:00:00,18 DAYS,2026-09-29,363 Niar Avenue
W13772578,2026-09-11 00:00:00,18 DAYS,2026-09-29,2491 Parmeer Drive
W13772782,2026-09-11 00:00:00,18 DAYS,2026-09-29,4841 Apple Blossom Circle
W13772810,2026-09-11 00:00:00,18 DAYS,2026-09-29,1408 Ballyclare Drive
W13771970,2026-09-11 00:00:00,18 DAYS,2026-09-29,1409 - 550 Webb Drive
E13763488,2026-09-11 00:00:00,10 DAYS,2026-09-21,1001 Queen Street E
W13762316,2026-09-11 00:00:00,10 DAYS,2026-09-21,134 Millwick Drive
E13758286,2026-09-11 00:00:00,10 DAYS,2026-09-21,1568 Queen Street E
C13768832,2026-09-11 00:00:00,17 DAYS,2026-09-28,509 - 55 Ontario Street
C13769874,2026-09-11 00:00:00,17 DAYS,2026-09-28,605 - 12 Bonnycastle Street Ne
C13760536,2026-09-11 00:00:00,10 DAYS,2026-09-21,252 Carlton Street
E13769636,2026-09-11 00:00:00,17 DAYS,2026-09-28,413 - 4725 Sheppard Avenue E
E13769312,2026-09-11 00:00:00,17 DAYS,2026-09-28,129 Briarscross Boulevard
E13768228,2026-09-11 00:00:00,17 DAYS,2026-09-28,28 Rooksnest Trail
E13765044,2026-09-11 00:00:00,17 DAYS,2026-09-28,119 Huntingdale Boulevard
E13770032,2026-09-11 00:00:00,17 DAYS,2026-09-28,17 B Haig Avenue
E13766516,2026-09-11 00:00:00,17 DAYS,2026-09-28,72 Manderley Drive
E13765234,2026-09-11 00:00:00,17 DAYS,2026-09-28,34 Northview Avenue
E13759382,2026-09-11 00:00:00,10 DAYS,2026-09-21,162 Danforth Avenue
W13770162,2026-09-11 00:00:00,17 DAYS,2026-09-28,21 Bearwood Drive
W13768130,2026-09-11 00:00:00,17 DAYS,2026-09-28,#204 - 35 Richgrove Drive
W13765928,2026-09-11 00:00:00,17 DAYS,2026-09-28,11 Swordbill Drive
W13766002,2026-09-11 00:00:00,17 DAYS,2026-09-28,905 - 25 Fontenay Court
W13698624,2026-09-11 00:00:00,12 DAYS,2026-09-23,13 Foster Road
W13769992,2026-09-11 00:00:00,17 DAYS,2026-09-28,161 Rexdale Boulevard
W13769704,2026-09-11 00:00:00,17 DAYS,2026-09-28,127 - 998 Martin Grove Road
W13769618,2026-09-11 00:00:00,17 DAYS,2026-09-28,60 Bridesburg Drive
W13767210,2026-09-11 00:00:00,17 DAYS,2026-09-28,4108 - 21 Rexdale Boulevard
C13768582,2026-09-11 00:00:00,17 DAYS,2026-09-28,812 - 55 Ontario Street
W13765340,2026-09-11 00:00:00,17 DAYS,2026-09-28,59 Stapleton Drive
C13768350,2026-09-11 00:00:00,17 DAYS,2026-09-28,314 - 2A Church Street
C13765970,2026-09-11 00:00:00,17 DAYS,2026-09-28,Th105 - 170 Bayview Avenue
C13760160,2026-09-11 00:00:00,10 DAYS,2026-09-21,110 - 618 A Fleet Street
40862529,2026-09-11 00:00:00,18 DAYS,2026-09-29,2900 Battleford Road Unit# 1112
W13772058,2026-09-11 00:00:00,18 DAYS,2026-09-29,6559 Sapling Trail
W13771996,2026-09-11 00:00:00,18 DAYS,2026-09-29,2516 Willowburne Drive
W13771696,2026-09-11 00:00:00,18 DAYS,2026-09-29,5641 Longboat Avenue
W13771604,2026-09-11 00:00:00,18 DAYS,2026-09-29,5563 Whitehorn Avenue
40861911,2026-09-11 00:00:00,18 DAYS,2026-09-29,5563 Whitehorn Avenue
W13771242,2026-09-11 00:00:00,18 DAYS,2026-09-29,103 - 2945 Thomas Street
W13771030,2026-09-11 00:00:00,18 DAYS,2026-09-29,4769 Rosebush Road
W13770614,2026-09-11 00:00:00,18 DAYS,2026-09-29,20 - 1725 The Chase
W13770226,2026-09-11 00:00:00,18 DAYS,2026-09-29,2326 Yorktown Circle
W13768748,2026-09-11 00:00:00,18 DAYS,2026-09-29,1497 Bancroft Drive
W13768484,2026-09-11 00:00:00,18 DAYS,2026-09-29,5843 Rainspring Drive
W13768268,2026-09-11 00:00:00,18 DAYS,2026-09-29,5298 Roadside Way E
W13700198,2026-09-11 00:00:00,12 DAYS,2026-09-23,105 - 1624 Bloor Street
W13768030,2026-09-11 00:00:00,18 DAYS,2026-09-29,3391 Southwick Street
C13769532,2026-09-11 00:00:00,17 DAYS,2026-09-28,2606 - 33 Harbour Square
C13764504,2026-09-11 00:00:00,17 DAYS,2026-09-28,946 - 121 Lower Sherbourne Street
C13764586,2026-09-11 00:00:00,17 DAYS,2026-09-28,312B - 70 Princess Street
C13764960,2026-09-11 00:00:00,17 DAYS,2026-09-28,709 - 1 Scott Street
C13042512,2026-09-11 00:00:00,17 DAYS,2026-09-28,3307 - 82 Dalhousie Street
W13765000,2026-09-11 00:00:00,17 DAYS,2026-09-28,68 Stapleton Drive
W13763074,2026-09-11 00:00:00,10 DAYS,2026-09-21,2243 Dundas Street W
E13769794,2026-09-11 00:00:00,17 DAYS,2026-09-28,174 Homestead Road
E13767460,2026-09-11 00:00:00,17 DAYS,2026-09-28,902 - 1201 Dundas Street E
E13767278,2026-09-11 00:00:00,17 DAYS,2026-09-28,128 Boardwalk Drive
C13769036,2026-09-11 00:00:00,17 DAYS,2026-09-28,20 Edgewood Crescent
E13769346,2026-09-11 00:00:00,17 DAYS,2026-09-28,1602 - 125 Village Green Square
C13770000,2026-09-11 00:00:00,17 DAYS,2026-09-28,503 - 1414 Bayview Avenue
C13767800,2026-09-11 00:00:00,17 DAYS,2026-09-28,16B Kenrae Road
E13769744,2026-09-11 00:00:00,17 DAYS,2026-09-28,60 Brookridge Drive
E13767036,2026-09-11 00:00:00,17 DAYS,2026-09-28,72 Robbins Avenue
C13767712,2026-09-11 00:00:00,17 DAYS,2026-09-28,C - 253 Wellesley Street E
E13768592,2026-09-11 00:00:00,17 DAYS,2026-09-28,69 Regency Square
E13768400,2026-09-11 00:00:00,17 DAYS,2026-09-28,708 - 915 Midland Avenue
E13767488,2026-09-11 00:00:00,17 DAYS,2026-09-28,304 - 1285 Queen Street E
E13767100,2026-09-11 00:00:00,17 DAYS,2026-09-28,1 Glenmount Park Road
W13702094,2026-09-11 00:00:00,12 DAYS,2026-09-23,1106 Highgate Place
E13758290,2026-09-11 00:00:00,10 DAYS,2026-09-21,1487 Gerrard Street E
E13758288,2026-09-11 00:00:00,10 DAYS,2026-09-21,1485 Gerrard Street E
E13768790,2026-09-11 00:00:00,17 DAYS,2026-09-28,409 - 625 Queen Street E
E13767650,2026-09-11 00:00:00,17 DAYS,2026-09-28,119 - 201 Carlaw Avenue
E13770216,2026-09-11 00:00:00,17 DAYS,2026-09-28,40 Pringdale Gardens Circle
E13769786,2026-09-11 00:00:00,17 DAYS,2026-09-28,4075A Lawrence Avenue E
W13768682,2026-09-11 00:00:00,17 DAYS,2026-09-28,221 Church Street
E13767584,2026-09-11 00:00:00,17 DAYS,2026-09-28,11 - 18 Doncrest Road
W13702022,2026-09-11 00:00:00,12 DAYS,2026-09-23,3637 Chiplow Road
W13770932,2026-09-12 00:00:00,16 DAYS,2026-09-28,66 Twenty Ninth Street
C13773506,2026-09-12 00:00:00,16 DAYS,2026-09-28,909 - 138 Downes Street
W13771022,2026-09-12 00:00:00,16 DAYS,2026-09-28,514 - 4 Elsinore Path
C13774530,2026-09-12 00:00:00,16 DAYS,2026-09-28,42 Rykert Crescent
W13771558,2026-09-12 00:00:00,16 DAYS,2026-09-28,40 Dominion Road
W13772404,2026-09-12 00:00:00,16 DAYS,2026-09-28,504 - 2230 Lake Shore Boulevard W
C13773286,2026-09-12 00:00:00,16 DAYS,2026-09-28,813 - 158 Front Street E
W13773268,2026-09-12 00:00:00,16 DAYS,2026-09-28,Th1 - 11 Superior Avenue
W13774028,2026-09-12 00:00:00,16 DAYS,2026-09-28,32 Seventeenth Street
W13774332,2026-09-12 00:00:00,16 DAYS,2026-09-28,3 - 180 Manitoba Street
W13775020,2026-09-12 00:00:00,16 DAYS,2026-09-28,1002 - 88 Park Lawn Road
W13775398,2026-09-12 00:00:00,16 DAYS,2026-09-28,1822 - 30 Shore Breeze Drive
C13773252,2026-09-12 00:00:00,16 DAYS,2026-09-28,904 - 222 The Esplanade
C13772820,2026-09-12 00:00:00,16 DAYS,2026-09-28,3713 - 18 Yonge Street
W13771522,2026-09-12 00:00:00,16 DAYS,2026-09-28,40 Dominion Road
W13772506,2026-09-12 00:00:00,16 DAYS,2026-09-28,802 - 190 Manitoba Street
E13775244,2026-09-12 00:00:00,16 DAYS,2026-09-28,49 Montezuma Trail
W13770628,2026-09-12 00:00:00,16 DAYS,2026-09-28,2128 - 165 Legion Road
C13770266,2026-09-12 00:00:00,16 DAYS,2026-09-28,1803 - 159 Wellesley Street E
E13770210,2026-09-12 00:00:00,16 DAYS,2026-09-28,2540 St Clair Avenue E
E13770250,2026-09-12 00:00:00,16 DAYS,2026-09-28,1011 - 100 Wingarden Court
E13772496,2026-09-12 00:00:00,16 DAYS,2026-09-28,530 Rouge Hills Drive
E13773070,2026-09-12 00:00:00,16 DAYS,2026-09-28,234 Rouge Hills Drive
W13166810,2026-09-12 00:00:00,16 DAYS,2026-09-28,21 - 3200 Dufferin Street
E13771228,2026-09-12 00:00:00,16 DAYS,2026-09-28,1208 - 3050 Ellesmere Road
E13773322,2026-09-12 00:00:00,16 DAYS,2026-09-28,103 - 2800 Warden Avenue
W13776422,2026-09-12 00:00:00,17 DAYS,2026-09-29,7 - 2232 Bromsgrove Road
W13773280,2026-09-12 00:00:00,17 DAYS,2026-09-29,1535 Thetford Court
E13773840,2026-09-12 00:00:00,16 DAYS,2026-09-28,1003 - 5580 Sheppard Avenue E
E13774216,2026-09-12 00:00:00,16 DAYS,2026-09-28,15G - 8 Rosebank Drive
E13774684,2026-09-12 00:00:00,16 DAYS,2026-09-28,815 - 175 Bamburgh Circle
W13770886,2026-09-12 00:00:00,16 DAYS,2026-09-28,132 The Kingsway
W13770298,2026-09-12 00:00:00,16 DAYS,2026-09-28,605 - 100 Lotherton Pathway
E13774926,2026-09-12 00:00:00,16 DAYS,2026-09-28,103 - 3131 Bridletowne Circle
E13775076,2026-09-12 00:00:00,16 DAYS,2026-09-28,219 - 90 Scottfield Drive
W13769340,2026-09-12 00:00:00,9 DAYS,2026-09-21,1620 Bloor Street W
E13775584,2026-09-12 00:00:00,16 DAYS,2026-09-28,81 Amanda Drive
C13774392,2026-09-12 00:00:00,16 DAYS,2026-09-28,S430 - 112 George Street
W13770592,2026-09-12 00:00:00,16 DAYS,2026-09-28,808 - 2230 Lake Shore Boulevard W
W13765030,2026-09-12 00:00:00,9 DAYS,2026-09-21,4077 Chesswood Drive
C13770870,2026-09-12 00:00:00,16 DAYS,2026-09-28,N405 - 120 Bayview Avenue
C13772604,2026-09-12 00:00:00,16 DAYS,2026-09-28,442 - 15 Merchants' Wharf
W13767664,2026-09-12 00:00:00,9 DAYS,2026-09-21,1200 - 700 Kipling Avenue
W13769640,2026-09-12 00:00:00,9 DAYS,2026-09-21,693 The Queensway
W13774630,2026-09-12 00:00:00,16 DAYS,2026-09-28,134 - 6458 Finch Avenue W
C13764148,2026-09-12 00:00:00,9 DAYS,2026-09-21,158 - 78 St Patrick Street
C13766704,2026-09-12 00:00:00,9 DAYS,2026-09-21,81 Huron Street
C13771590,2026-09-12 00:00:00,16 DAYS,2026-09-28,111 - 27 Mcmahon Drive
C13772418,2026-09-12 00:00:00,16 DAYS,2026-09-28,3503 - 95 Mcmahon Drive
C13773694,2026-09-12 00:00:00,16 DAYS,2026-09-28,909 - 62 Forest Manor Road
C13766400,2026-09-12 00:00:00,9 DAYS,2026-09-21,260 Niagara Street
C13774742,2026-09-12 00:00:00,16 DAYS,2026-09-28,903 - 117 Mcmahon Drive
C13768214,2026-09-12 00:00:00,9 DAYS,2026-09-21,1093 - 1800 Sheppard Avenue E
C13769496,2026-09-12 00:00:00,9 DAYS,2026-09-21,447 Church Street
C13767646,2026-09-12 00:00:00,9 DAYS,2026-09-21,407A Bloor Street E
E13766972,2026-09-12 00:00:00,9 DAYS,2026-09-21,588 Danforth Avenue
C13775670,2026-09-12 00:00:00,16 DAYS,2026-09-28,91 Whitehorn Crescent
W13767900,2026-09-12 00:00:00,9 DAYS,2026-09-21,237 Park Lawn Road
W13774202,2026-09-12 00:00:00,17 DAYS,2026-09-29,2673 Thorn Lodge Drive
E13766300,2026-09-12 00:00:00,9 DAYS,2026-09-21,1608 Queen Street E
C13768688,2026-09-12 00:00:00,9 DAYS,2026-09-21,186-188 Strachan Avenue
C13771716,2026-09-12 00:00:00,16 DAYS,2026-09-28,120 Homewood Avenue
C13770552,2026-09-12 00:00:00,16 DAYS,2026-09-28,2410 - 88 Harbour Street
W13773928,2026-09-12 00:00:00,16 DAYS,2026-09-28,403 - 2645 Kipling Avenue
C13772370,2026-09-12 00:00:00,16 DAYS,2026-09-28,1007 - 10 Oak Street
C13772030,2026-09-12 00:00:00,16 DAYS,2026-09-28,413 - 81A Front Street E
W13768390,2026-09-12 00:00:00,9 DAYS,2026-09-21,1620 Bloor Street W
W13766622,2026-09-12 00:00:00,9 DAYS,2026-09-21,2285 Dundas Street W
C13771528,2026-09-12 00:00:00,16 DAYS,2026-09-28,521 - 55 Ontario Street
C13771398,2026-09-12 00:00:00,16 DAYS,2026-09-28,314-316 Queen Street E
C13771110,2026-09-12 00:00:00,16 DAYS,2026-09-28,302 - 25 George Street
W13776042,2026-09-12 00:00:00,17 DAYS,2026-09-29,967 White Clover Way
E13770620,2026-09-12 00:00:00,16 DAYS,2026-09-28,95 Boardwalk Drive
C13770570,2026-09-12 00:00:00,16 DAYS,2026-09-28,907 - 60 Colborne Street
W13732566,2026-09-12 00:00:00,11 DAYS,2026-09-23,12A - 4559 Hurontario Street
E13766196,2026-09-12 00:00:00,9 DAYS,2026-09-21,25 Bermondsey Road
W13765334,2026-09-12 00:00:00,9 DAYS,2026-09-21,185 Toryork Drive
C13769560,2026-09-12 00:00:00,9 DAYS,2026-09-21,Upper - 261 Spadina Avenue
C13765150,2026-09-12 00:00:00,9 DAYS,2026-09-21,779 St Clair Avenue W
C13768724,2026-09-12 00:00:00,9 DAYS,2026-09-21,Main - 620 Bloor Street W
W13771164,2026-09-12 00:00:00,16 DAYS,2026-09-28,1625 Albion Road
C13763756,2026-09-12 00:00:00,9 DAYS,2026-09-21,1426 Dundas Street W
W13765114,2026-09-12 00:00:00,9 DAYS,2026-09-21,4077 Chesswood Drive
E13771192,2026-09-12 00:00:00,16 DAYS,2026-09-28,Main - 52 Wineva Avenue
W13772146,2026-09-12 00:00:00,16 DAYS,2026-09-28,91 Valecrest Drive
W13775374,2026-09-12 00:00:00,17 DAYS,2026-09-29,11 - 3421 Ridgeway Drive
W13775074,2026-09-12 00:00:00,17 DAYS,2026-09-29,8 - 3070 Thomas Street
E13772416,2026-09-12 00:00:00,16 DAYS,2026-09-28,408 - 3560 St. Clair Avenue E
W13775620,2026-09-12 00:00:00,17 DAYS,2026-09-29,4410 Mississauga Road
E13772330,2026-09-12 00:00:00,16 DAYS,2026-09-28,17 Deer Creek Court
E13772332,2026-09-12 00:00:00,16 DAYS,2026-09-28,15 Deer Creek Court
W13777004,2026-09-12 00:00:00,17 DAYS,2026-09-29,1152 West Shore Drive
W13776924,2026-09-12 00:00:00,17 DAYS,2026-09-29,18 - 2075 Asta Drive
W13776882,2026-09-12 00:00:00,17 DAYS,2026-09-29,811 - 3605 Kariya Drive
W13774628,2026-09-12 00:00:00,17 DAYS,2026-09-29,6063 Farmstead Lane
E13771662,2026-09-12 00:00:00,16 DAYS,2026-09-28,94 Rochman Boulevard
W13708790,2026-09-12 00:00:00,11 DAYS,2026-09-23,7112 Goreway Drive
E13771620,2026-09-12 00:00:00,16 DAYS,2026-09-28,5 Curran Hall Crescent
E13771142,2026-09-12 00:00:00,16 DAYS,2026-09-28,162 Bathgate Drive
W13775838,2026-09-12 00:00:00,16 DAYS,2026-09-28,42 Newstead Road
W13776792,2026-09-12 00:00:00,17 DAYS,2026-09-29,2446 Hammond Road
W13773502,2026-09-12 00:00:00,16 DAYS,2026-09-28,506 - 2464 Weston Road
W13776730,2026-09-12 00:00:00,17 DAYS,2026-09-29,1107 - 4070 Confederation Parkway
E13774490,2026-09-12 00:00:00,16 DAYS,2026-09-28,404 - 3420 Eglinton Avenue E
W13708788,2026-09-12 00:00:00,11 DAYS,2026-09-23,7104 Goreway Drive
E13772786,2026-09-12 00:00:00,16 DAYS,2026-09-28,13 - 25 Heron Park Place
E13772692,2026-09-12 00:00:00,16 DAYS,2026-09-28,14 Valdane Drive
E13773176,2026-09-12 00:00:00,16 DAYS,2026-09-28,61 - 341 Military Trail
E13774578,2026-09-12 00:00:00,16 DAYS,2026-09-28,14 Minford Avenue
E13774554,2026-09-12 00:00:00,16 DAYS,2026-09-28,20 Castille Avenue
E13773836,2026-09-12 00:00:00,16 DAYS,2026-09-28,1011 - 8 Lee Centre Drive
W13772636,2026-09-12 00:00:00,16 DAYS,2026-09-28,53 Celt Avenue
W13772398,2026-09-12 00:00:00,16 DAYS,2026-09-28,102 Hearst Circle
E13774580,2026-09-12 00:00:00,16 DAYS,2026-09-28,108 - 371 Orton Park Road
E13769480,2026-09-12 00:00:00,9 DAYS,2026-09-21,1 & 2 - 200 Bellamy Road N
E13774776,2026-09-12 00:00:00,16 DAYS,2026-09-28,139 Elinor Avenue
E13774808,2026-09-12 00:00:00,16 DAYS,2026-09-28,1110 - 3220 Sheppard Avenue E
W13774440,2026-09-12 00:00:00,16 DAYS,2026-09-28,6 Markburn Court
E13775404,2026-09-12 00:00:00,16 DAYS,2026-09-28,10 Davidson Avenue
C13773656,2026-09-12 00:00:00,16 DAYS,2026-09-28,404 - 1690 Victoria Park Avenue
E13773228,2026-09-12 00:00:00,16 DAYS,2026-09-28,1 Ledge Road
W13768278,2026-09-12 00:00:00,16 DAYS,2026-09-28,86 Arleta Avenue
W13772180,2026-09-12 00:00:00,16 DAYS,2026-09-28,3 Clayhall Crescent
E13773130,2026-09-12 00:00:00,16 DAYS,2026-09-28,46 - 40 Dundalk Drive
E13773146,2026-09-12 00:00:00,16 DAYS,2026-09-28,32 Stamford Square N
W13774122,2026-09-12 00:00:00,17 DAYS,2026-09-29,7246 Ridgeland Crescent
W13774264,2026-09-12 00:00:00,17 DAYS,2026-09-29,743 Winterton Way
E13775498,2026-09-12 00:00:00,16 DAYS,2026-09-28,627 - 1190 Dundas Street E
W13776202,2026-09-12 00:00:00,17 DAYS,2026-09-29,126 Angelene Street
W13703994,2026-09-12 00:00:00,11 DAYS,2026-09-23,35 Chalfield Lane
W13771930,2026-09-12 00:00:00,16 DAYS,2026-09-28,1494 Islington Avenue
E13775452,2026-09-12 00:00:00,16 DAYS,2026-09-28,Th7 - 155 Woodbine Avenue
40862688,2026-09-12 00:00:00,17 DAYS,2026-09-29,2574 Confederation Parkway
W13774396,2026-09-12 00:00:00,17 DAYS,2026-09-29,2010 - 400 Webb Drive
W13774290,2026-09-12 00:00:00,17 DAYS,2026-09-29,1611 - 75 King Street E
E13775488,2026-09-12 00:00:00,16 DAYS,2026-09-28,407 - 630 Queen Street E
W13772112,2026-09-12 00:00:00,16 DAYS,2026-09-28,55 Bywood Drive
W13774724,2026-09-12 00:00:00,16 DAYS,2026-09-28,101 - 3 Applewood Lane
W13775444,2026-09-12 00:00:00,16 DAYS,2026-09-28,106 Rathburn Road
E13770732,2026-09-12 00:00:00,16 DAYS,2026-09-28,1910 - 121 Ling Road
W13774704,2026-09-12 00:00:00,17 DAYS,2026-09-29,2379 Hensall Street
E13771150,2026-09-12 00:00:00,16 DAYS,2026-09-28,21 St Magnus Drive
E13773548,2026-09-12 00:00:00,16 DAYS,2026-09-28,297 Strathmore Boulevard
E13773142,2026-09-12 00:00:00,16 DAYS,2026-09-28,823 - 1050 Eastern Avenue
E13770770,2026-09-12 00:00:00,16 DAYS,2026-09-28,68 Mystic Avenue
E13771290,2026-09-12 00:00:00,16 DAYS,2026-09-28,36 Pinegrove Avenue
E13775072,2026-09-12 00:00:00,16 DAYS,2026-09-28,15 Presley Avenue
W13773484,2026-09-12 00:00:00,16 DAYS,2026-09-28,8 Woolton Crescent
W13774148,2026-09-12 00:00:00,16 DAYS,2026-09-28,110 - 140 Canon Jackson Drive
W13775066,2026-09-12 00:00:00,16 DAYS,2026-09-28,611 - 940 Caledonia Road
E13770972,2026-09-12 00:00:00,16 DAYS,2026-09-28,109 Colonel Danforth Trail
C13773804,2026-09-12 00:00:00,16 DAYS,2026-09-28,194A Carlton Street
W13774754,2026-09-12 00:00:00,17 DAYS,2026-09-29,1578 Spring Road
W13774744,2026-09-12 00:00:00,17 DAYS,2026-09-29,1462 Hurontario Street
W13775612,2026-09-12 00:00:00,17 DAYS,2026-09-29,1049 Greaves Avenue
C13770690,2026-09-12 00:00:00,16 DAYS,2026-09-28,56 Grangemill Crescent
C13771668,2026-09-12 00:00:00,16 DAYS,2026-09-28,1006 - 725 Don Mills Road
W13772156,2026-09-12 00:00:00,16 DAYS,2026-09-28,89 Valecrest Drive
W13775810,2026-09-12 00:00:00,17 DAYS,2026-09-29,6 - 4010 Parkside Village Drive
40862677,2026-09-12 00:00:00,16 DAYS,2026-09-28,205 Sherway Gardens Road Unit# 2306
W13773758,2026-09-12 00:00:00,16 DAYS,2026-09-28,2306 - 205 Sherway Gardens Road
W13775718,2026-09-12 00:00:00,17 DAYS,2026-09-29,903 - 135 Hillcrest Avenue
W13774876,2026-09-12 00:00:00,17 DAYS,2026-09-29,957 Queensbridge Drive
W13775408,2026-09-12 00:00:00,16 DAYS,2026-09-28,39 Checkendon Drive
E13774246,2026-09-12 00:00:00,16 DAYS,2026-09-28,30 Bridlington Street
C13775310,2026-09-12 00:00:00,16 DAYS,2026-09-28,#614 - 5 Vicora Linkway
W13773436,2026-09-12 00:00:00,16 DAYS,2026-09-28,225 - 998 Martin Grove Road
W13772872,2026-09-12 00:00:00,16 DAYS,2026-09-28,16 Clearbrooke Circle
W13772846,2026-09-12 00:00:00,16 DAYS,2026-09-28,6 Jardine Place
E13770340,2026-09-12 00:00:00,16 DAYS,2026-09-28,1008 Kennedy Road
E13774756,2026-09-12 00:00:00,16 DAYS,2026-09-28,58 Joanith Drive
W13777606,2026-09-13 00:00:00,16 DAYS,2026-09-29,199 Harrowsmith Drive W
C13772126,2026-09-13 00:00:00,8 DAYS,2026-09-21,800-810 - 5801 Yonge Street
C13772138,2026-09-13 00:00:00,8 DAYS,2026-09-21,800 - 5801 Yonge Street
C13774980,2026-09-13 00:00:00,8 DAYS,2026-09-21,1064 Eglinton Avenue W
C13770156,2026-09-13 00:00:00,8 DAYS,2026-09-21,1024 Queen Street W
W13777572,2026-09-13 00:00:00,16 DAYS,2026-09-29,2090 Stonehouse Crescent
W13777338,2026-09-13 00:00:00,16 DAYS,2026-09-29,2001 - 510 Curran Place
C13772450,2026-09-13 00:00:00,8 DAYS,2026-09-21,110 - 28 Finch Avenue W
W13777756,2026-09-13 00:00:00,16 DAYS,2026-09-29,508 - 3985 Grand Park Drive
C13772118,2026-09-13 00:00:00,8 DAYS,2026-09-21,606-611 - 5801 Yonge Street
W13776282,2026-09-13 00:00:00,15 DAYS,2026-09-28,110 Harding Avenue
W13777340,2026-09-13 00:00:00,16 DAYS,2026-09-29,2005 - 510 Curran Place
E13777184,2026-09-13 00:00:00,15 DAYS,2026-09-28,3 - 101 Dundalk Drive
C13775874,2026-09-13 00:00:00,15 DAYS,2026-09-28,410 - 90 Sumach Street
C13776632,2026-09-13 00:00:00,15 DAYS,2026-09-28,408 - 10 Oak Street
C13776736,2026-09-13 00:00:00,15 DAYS,2026-09-28,535 - 112 George Street
C13776756,2026-09-13 00:00:00,15 DAYS,2026-09-28,568 - 30 Dreamers Way
W13777936,2026-09-13 00:00:00,16 DAYS,2026-09-29,3306 - 36 Elm Drive
W13777906,2026-09-13 00:00:00,16 DAYS,2026-09-29,4710 - 395 Square One Drive
E13776904,2026-09-13 00:00:00,15 DAYS,2026-09-28,21 Lovekin Grove
E13775862,2026-09-13 00:00:00,15 DAYS,2026-09-28,422 - 11753 Sheppard Avenue E
E13777372,2026-09-13 00:00:00,15 DAYS,2026-09-28,69 Stanwell Drive
W13777206,2026-09-13 00:00:00,15 DAYS,2026-09-28,12 Prado Court
W13777826,2026-09-13 00:00:00,16 DAYS,2026-09-29,1508 - 3900 Confederation Parkway
E13777146,2026-09-13 00:00:00,15 DAYS,2026-09-28,744 Markham Road
E13776886,2026-09-13 00:00:00,15 DAYS,2026-09-28,418 - 60 Mendelssohn Street
E13776832,2026-09-13 00:00:00,15 DAYS,2026-09-28,366 Beechgrove Drive
W13777324,2026-09-13 00:00:00,16 DAYS,2026-09-29,2911 - 388 Prince Of Wales Drive
E13775788,2026-09-13 00:00:00,15 DAYS,2026-09-28,901 - 855 Kennedy Road
W13777010,2026-09-13 00:00:00,8 DAYS,2026-09-21,1015 - 39 Annie Craig Drive
E13775814,2026-09-13 00:00:00,15 DAYS,2026-09-28,1706 - 8 Lee Centre Drive
E13776272,2026-09-13 00:00:00,15 DAYS,2026-09-28,911 - 228 Bonis Avenue
E13776548,2026-09-13 00:00:00,15 DAYS,2026-09-28,9 Annis Road
W13777734,2026-09-13 00:00:00,16 DAYS,2026-09-29,26 Pioneer Drive
W13777712,2026-09-13 00:00:00,16 DAYS,2026-09-29,3035 Mission Hill Drive
W13777386,2026-09-13 00:00:00,16 DAYS,2026-09-29,6907 Gracefield Drive
W13776136,2026-09-13 00:00:00,15 DAYS,2026-09-28,72 Chiswick Avenue
40862361,2026-09-13 00:00:00,16 DAYS,2026-09-29,510 Curran Place Unit# 2005
40861539,2026-09-13 00:00:00,16 DAYS,2026-09-29,510 Curran Place Unit# 2001
W13777222,2026-09-13 00:00:00,16 DAYS,2026-09-29,3809 - 430 Square One Drive
W13777078,2026-09-13 00:00:00,16 DAYS,2026-09-29,1103 - 4065 Brickstone Mews
E13776618,2026-09-13 00:00:00,15 DAYS,2026-09-28,2415 - 135 Village Green Square
C13777476,2026-09-13 00:00:00,15 DAYS,2026-09-28,3707 - 16 Harbour Street
C13772312,2026-09-13 00:00:00,8 DAYS,2026-09-21,412 Spadina Avenue
W13776592,2026-09-13 00:00:00,15 DAYS,2026-09-28,2102 - 234 Albion Road
C13776034,2026-09-13 00:00:00,15 DAYS,2026-09-28,5 Longhope Place
W13776212,2026-09-13 00:00:00,15 DAYS,2026-09-28,1215 - 11 Wincott Drive
C13776528,2026-09-13 00:00:00,15 DAYS,2026-09-28,2205 - 72 Esther Shiner Boulevard
W13775216,2026-09-13 00:00:00,15 DAYS,2026-09-28,301 - 778 Sheppard Avenue W
C13776438,2026-09-13 00:00:00,15 DAYS,2026-09-28,6 Privet Road
C13777266,2026-09-13 00:00:00,15 DAYS,2026-09-28,215 - 29 Green Trail Court
C13777440,2026-09-13 00:00:00,15 DAYS,2026-09-28,Th03 - 780 Sheppard Avenue E
E13774954,2026-09-13 00:00:00,8 DAYS,2026-09-21,106 - 2225 Markham Road
E13771896,2026-09-13 00:00:00,8 DAYS,2026-09-21,1 - 525 Milner Avenue
C13771402,2026-09-13 00:00:00,8 DAYS,2026-09-21,314-316 Queen Street E
W13737326,2026-09-13 00:00:00,10 DAYS,2026-09-23,21A - 1235 Queensway E
W13776690,2026-09-13 00:00:00,15 DAYS,2026-09-28,105 - 225 Sherway Gardens Road
C13776450,2026-09-13 00:00:00,15 DAYS,2026-09-28,2212 - 7 Concorde Place
C13776644,2026-09-13 00:00:00,15 DAYS,2026-09-28,Ph310 - 18 Valley Woods Road
W13776262,2026-09-13 00:00:00,15 DAYS,2026-09-28,61 Thirty Seventh Street
E13771840,2026-09-13 00:00:00,8 DAYS,2026-09-21,1 - 525 Milner Avenue
E13771944,2026-09-13 00:00:00,8 DAYS,2026-09-21,1515 Birchmount Road
W13776248,2026-09-13 00:00:00,15 DAYS,2026-09-28,9 Urban Court
W13772610,2026-09-13 00:00:00,8 DAYS,2026-09-21,14 Toro Road
C13775018,2026-09-13 00:00:00,8 DAYS,2026-09-21,103 - 240 Wellesley Street E
E13773996,2026-09-13 00:00:00,8 DAYS,2026-09-21,75 Howden Road
C13758042,2026-09-13 00:00:00,15 DAYS,2026-09-28,1717 - 160 Vanderhoof Avenue
E13770550,2026-09-13 00:00:00,8 DAYS,2026-09-21,1924 Danforth Avenue
W13777564,2026-09-13 00:00:00,16 DAYS,2026-09-29,4902 Lph - 50 Absolute Avenue
W13775694,2026-09-13 00:00:00,15 DAYS,2026-09-28,105 Twenty-Fifth Street
W13776890,2026-09-13 00:00:00,15 DAYS,2026-09-28,19 Decarie Circle
C13770144,2026-09-13 00:00:00,8 DAYS,2026-09-21,Th1 - 75 St Nicholas Street
E13771772,2026-09-13 00:00:00,8 DAYS,2026-09-21,1 - 525 Milner Avenue
E13774858,2026-09-13 00:00:00,8 DAYS,2026-09-21,934 Gerrard Street E
E13770646,2026-09-13 00:00:00,8 DAYS,2026-09-21,1201 Dundas Street E
C13770602,2026-09-13 00:00:00,8 DAYS,2026-09-21,194A Carlton Street
W13776200,2026-09-13 00:00:00,15 DAYS,2026-09-28,976 - 978 Albion Road
E13775866,2026-09-13 00:00:00,15 DAYS,2026-09-28,307 - 1 Massey Square
E13776900,2026-09-13 00:00:00,15 DAYS,2026-09-28,206 - 365 Beech Avenue
E13777254,2026-09-13 00:00:00,15 DAYS,2026-09-28,403 - 1331 Queen Street E
W13770906,2026-09-13 00:00:00,8 DAYS,2026-09-21,825 Runnymede Road
W13776508,2026-09-14 00:00:00,7 DAYS,2026-09-21,3930 Keele Street
W13778018,2026-09-14 00:00:00,15 DAYS,2026-09-29,3072 Patrick Crescent
W13777954,2026-09-14 00:00:00,15 DAYS,2026-09-29,1518 - 2485 Eglinton Avenue W
C13777848,2026-09-14 00:00:00,14 DAYS,2026-09-28,1706 - 219 Dundas Street E
C13777718,2026-09-14 00:00:00,14 DAYS,2026-09-28,1718 - 460 Adelaide Street E
C13777472,2026-09-14 00:00:00,14 DAYS,2026-09-28,1029 - 39 Queens Quay E
W13780864,2026-09-14 00:00:00,15 DAYS,2026-09-29,301 - 4879 Kimbermount Avenue
W13780516,2026-09-14 00:00:00,15 DAYS,2026-09-29,310 - 3075 Thomas Street
W13778868,2026-09-14 00:00:00,15 DAYS,2026-09-29,6356 Chaumont Crescent
W13778064,2026-09-14 00:00:00,14 DAYS,2026-09-28,21 Sixteenth Street
W13778790,2026-09-14 00:00:00,15 DAYS,2026-09-29,57 - 6880 Meadowvale Town Centre Circle
W13778568,2026-09-14 00:00:00,15 DAYS,2026-09-29,311 - 830 Scollard Court
W13778452,2026-09-14 00:00:00,15 DAYS,2026-09-29,53 - 6780 Formentera Avenue
W13778080,2026-09-14 00:00:00,15 DAYS,2026-09-29,8 James Street
W13743292,2026-09-14 00:00:00,9 DAYS,2026-09-23,2B14 & 2B15 - 7215 Goreway Drive
W13777948,2026-09-14 00:00:00,15 DAYS,2026-09-29,603 - 2485 Eglinton Avenue W
W13777956,2026-09-14 00:00:00,15 DAYS,2026-09-29,1008 - 2485 Eglinton Avenue W
W13778600,2026-09-14 00:00:00,15 DAYS,2026-09-29,3755 Nightstar Drive
E13775746,2026-09-14 00:00:00,7 DAYS,2026-09-21,28 Lee Centre Drive
W13708358,2026-09-14 00:00:00,9 DAYS,2026-09-23,404 - 4205 Shipp Drive
E13777490,2026-09-14 00:00:00,14 DAYS,2026-09-28,105 Pilkington Drive
C13775884,2026-09-14 00:00:00,7 DAYS,2026-09-21,318-319 - 15 Wellesley Street W
W13706660,2026-09-14 00:00:00,9 DAYS,2026-09-23,3239 Queen Frederica Drive
W13706482,2026-09-14 00:00:00,9 DAYS,2026-09-23,4174 Pascal Court
C13775644,2026-09-14 00:00:00,7 DAYS,2026-09-21,12 - 550 Queens Quay W
C13777500,2026-09-14 00:00:00,14 DAYS,2026-09-28,128 Leacrest Road
C13777914,2026-09-14 00:00:00,14 DAYS,2026-09-28,3308 - 575 Bloor Street E
E13777988,2026-09-14 00:00:00,14 DAYS,2026-09-28,1308 - 45 Baseball Place
E13778054,2026-09-14 00:00:00,14 DAYS,2026-09-28,206 - 757 Victoria Park Avenue
E13778116,2026-09-14 00:00:00,14 DAYS,2026-09-28,843 Logan Avenue
W13775560,2026-09-14 00:00:00,7 DAYS,2026-09-21,8 & 9 - 3391 Bloor Street W
W13707748,2026-09-14 00:00:00,9 DAYS,2026-09-23,15 - 45 Bristol Road E
40857333,2026-09-14 00:00:00,9 DAYS,2026-09-23,3239 Queen Frederica Drive
W13707090,2026-09-14 00:00:00,9 DAYS,2026-09-23,192 - 1055 Dundas Street E
C13777552,2026-09-14 00:00:00,14 DAYS,2026-09-28,708 - 10 Sunny Glenway
C13777596,2026-09-14 00:00:00,14 DAYS,2026-09-28,2004 - 10 Deerlick Court
C13778154,2026-09-14 00:00:00,14 DAYS,2026-09-28,18 - 9R Clintwood Gate
W13706950,2026-09-14 00:00:00,9 DAYS,2026-09-23,7624 Middleshire Drive
W13706138,2026-09-14 00:00:00,9 DAYS,2026-09-23,7782 Kittridge Drive
W13705866,2026-09-14 00:00:00,9 DAYS,2026-09-23,7449 Pickfair Drive
E13777566,2026-09-14 00:00:00,14 DAYS,2026-09-28,510 - 115 Bonis Avenue
W13708684,2026-09-14 00:00:00,9 DAYS,2026-09-23,1401 - 60 Absolute Avenue
W13779710,2026-09-14 00:00:00,15 DAYS,2026-09-29,531 Avonwick Avenue
W13779964,2026-09-14 00:00:00,15 DAYS,2026-09-29,347 Aspendale Crescent
W13707702,2026-09-14 00:00:00,9 DAYS,2026-09-23,504 - 60 Absolute Avenue
E13777546,2026-09-14 00:00:00,14 DAYS,2026-09-28,59 Princemere Crescent
C13777512,2026-09-14 00:00:00,14 DAYS,2026-09-28,34 Rustywood Drive
W13781542,2026-09-14 00:00:00,15 DAYS,2026-09-29,2706 - 3985 Grand Park Drive
W13777960,2026-09-14 00:00:00,15 DAYS,2026-09-29,1212 - 2485 Eglinton Avenue W
W13781470,2026-09-14 00:00:00,15 DAYS,2026-09-29,1355 Boulder Creek Crescent
C13777558,2026-09-14 00:00:00,14 DAYS,2026-09-28,1805 - 5 Old Sheppard Avenue
C13776876,2026-09-14 00:00:00,7 DAYS,2026-09-21,101-B - 155 Consumers Road
W13780426,2026-09-14 00:00:00,15 DAYS,2026-09-29,1608 - 75 King Street E
W13781086,2026-09-14 00:00:00,15 DAYS,2026-09-29,353 Chantenay Drive
W13780414,2026-09-14 00:00:00,15 DAYS,2026-09-29,610 - 300 Webb Drive
W13780384,2026-09-14 00:00:00,15 DAYS,2026-09-29,1481 Chasehurst Drive
W13779784,2026-09-14 00:00:00,15 DAYS,2026-09-29,1019 Ogden Avenue
C13778148,2026-09-14 00:00:00,14 DAYS,2026-09-28,1604 - 62 Forest Manor Road
E13777504,2026-09-14 00:00:00,14 DAYS,2026-09-28,62 Muirlands Drive
W13778146,2026-09-14 00:00:00,15 DAYS,2026-09-29,2906 - 4090 Living Arts Drive
W13778186,2026-09-14 00:00:00,15 DAYS,2026-09-29,1515 - 300 Webb Drive
W13778278,2026-09-14 00:00:00,15 DAYS,2026-09-29,1306 - 360 Square One Drive
W13781006,2026-09-14 00:00:00,15 DAYS,2026-09-29,1309 - 204 Burnhamthorpe Road E
W13781024,2026-09-14 00:00:00,15 DAYS,2026-09-29,1106 - 200 Burnhamthorpe Road E
W13780828,2026-09-14 00:00:00,15 DAYS,2026-09-29,1806 - 550 Webb Drive
E13778086,2026-09-14 00:00:00,14 DAYS,2026-09-28,46 Red River Crescent
W13778108,2026-09-14 00:00:00,15 DAYS,2026-09-29,3002 - 30 Elm Drive W
W13779572,2026-09-14 00:00:00,15 DAYS,2026-09-29,671 Louis Drive
W13778888,2026-09-14 00:00:00,15 DAYS,2026-09-29,3275 Credit Heights Drive
C13778110,2026-09-14 00:00:00,14 DAYS,2026-09-28,58 Reiber Crescent
W13779532,2026-09-14 00:00:00,15 DAYS,2026-09-29,3410 - 225 Webb Drive
E13780468,2026-09-15 00:00:00,13 DAYS,2026-09-28,1028 Kennedy Road
W13781826,2026-09-15 00:00:00,8 DAYS,2026-09-23,645 Cranleigh Court
40861785,2026-09-15 00:00:00,8 DAYS,2026-09-23,1569 Wembury Road
W13780944,2026-09-15 00:00:00,13 DAYS,2026-09-28,34 Ridgemount Road
W13782318,2026-09-15 00:00:00,13 DAYS,2026-09-28,201 - 330 Dixon Road E
W13782354,2026-09-15 00:00:00,8 DAYS,2026-09-23,1569 Wembury Road
W13782334,2026-09-15 00:00:00,8 DAYS,2026-09-23,1609 - 3900 Confederation Parkway
E13782306,2026-09-15 00:00:00,13 DAYS,2026-09-28,39 Derwyn Road
E13782300,2026-09-15 00:00:00,13 DAYS,2026-09-28,2110 - 286 Main Street
E13782510,2026-09-15 00:00:00,13 DAYS,2026-09-28,304 - 1941 Queen Street E
E13782670,2026-09-15 00:00:00,13 DAYS,2026-09-28,713 - 2301 Danforth Avenue
E13783208,2026-09-15 00:00:00,13 DAYS,2026-09-28,15 August Avenue
W13779554,2026-09-15 00:00:00,13 DAYS,2026-09-28,97 Freemont Avenue
W13782046,2026-09-15 00:00:00,13 DAYS,2026-09-28,86 Church Street
W13781420,2026-09-15 00:00:00,8 DAYS,2026-09-23,3696 Waterfall Crescent
W13778666,2026-09-15 00:00:00,8 DAYS,2026-09-23,145 - 1050 Shawnmarr Road
W13710526,2026-09-15 00:00:00,8 DAYS,2026-09-23,1873 Briarcrook Crescent
E13777890,2026-09-15 00:00:00,6 DAYS,2026-09-21,1272 Danforth Avenue
W13780886,2026-09-15 00:00:00,8 DAYS,2026-09-23,2661 Homelands Drive
E13781878,2026-09-15 00:00:00,13 DAYS,2026-09-28,D - 957 Broadview Avenue
E13781414,2026-09-15 00:00:00,13 DAYS,2026-09-28,418 - 1733 Queen Street E
E13781260,2026-09-15 00:00:00,13 DAYS,2026-09-28,82 Meighen Avenue
W13781214,2026-09-15 00:00:00,13 DAYS,2026-09-28,57 Lindylou Road
W13778964,2026-09-15 00:00:00,13 DAYS,2026-09-28,38 Betty Nagle Street
W13778656,2026-09-15 00:00:00,8 DAYS,2026-09-23,2782 Hollington Crescent
C13781942,2026-09-15 00:00:00,13 DAYS,2026-09-28,10 Moorehill Drive
C13782178,2026-09-15 00:00:00,13 DAYS,2026-09-28,20 Whitney Avenue
E13783138,2026-09-15 00:00:00,13 DAYS,2026-09-28,7 Baudina Crescent
W13781476,2026-09-15 00:00:00,8 DAYS,2026-09-23,797 Khan Crescent
W13781732,2026-09-15 00:00:00,8 DAYS,2026-09-23,3274 Mississauga Road
W13781848,2026-09-15 00:00:00,8 DAYS,2026-09-23,3363 Masthead Crescent
W13779134,2026-09-15 00:00:00,13 DAYS,2026-09-28,30 Benway Drive
W13780292,2026-09-15 00:00:00,8 DAYS,2026-09-23,11 - 325 Central Parkway W
C13782296,2026-09-15 00:00:00,13 DAYS,2026-09-28,30 Edgewood Crescent
W13779398,2026-09-15 00:00:00,8 DAYS,2026-09-23,5522 Holbrook Road
C13782746,2026-09-15 00:00:00,13 DAYS,2026-09-28,421 - 1 Leaside Park Drive
E13782452,2026-09-15 00:00:00,13 DAYS,2026-09-28,15 - 172 Clonmore Drive
W13710742,2026-09-15 00:00:00,8 DAYS,2026-09-23,15 Scarboro Street
W13778844,2026-09-15 00:00:00,13 DAYS,2026-09-28,297 Gilbert Avenue
E13781106,2026-09-15 00:00:00,13 DAYS,2026-09-28,1102 - 68 Grangeway Avenue
E13781272,2026-09-15 00:00:00,13 DAYS,2026-09-28,101 - 4569 Kingston Road
E13781428,2026-09-15 00:00:00,13 DAYS,2026-09-28,1103 - 4569 Kingston Road
E13781408,2026-09-15 00:00:00,13 DAYS,2026-09-28,6 Highhill Drive
E13781536,2026-09-15 00:00:00,13 DAYS,2026-09-28,5 Ferguson Street
W13779036,2026-09-15 00:00:00,13 DAYS,2026-09-28,347 Harvie Avenue
E13781618,2026-09-15 00:00:00,13 DAYS,2026-09-28,2702 - 3260 Sheppard Avenue
E13781914,2026-09-15 00:00:00,13 DAYS,2026-09-28,112 - 2150 Lawrence Avenue
E13782522,2026-09-15 00:00:00,13 DAYS,2026-09-28,306 - 1328 Birchmount Road
E13782968,2026-09-15 00:00:00,13 DAYS,2026-09-28,29 Conlins Road
E13783050,2026-09-15 00:00:00,13 DAYS,2026-09-28,303 - 20 Gilder Drive
E13783114,2026-09-15 00:00:00,13 DAYS,2026-09-28,5 - 1185 Birchmount Road
E13783332,2026-09-15 00:00:00,13 DAYS,2026-09-28,24 Cleethorpes Boulevard
E13781670,2026-09-15 00:00:00,13 DAYS,2026-09-28,37 Holswade Road
C13779810,2026-09-15 00:00:00,13 DAYS,2026-09-28,617 Lauder Avenue
W13781276,2026-09-15 00:00:00,13 DAYS,2026-09-28,316 - 5233 Dundas Street W
W13781330,2026-09-15 00:00:00,13 DAYS,2026-09-28,98 Prennan Avenue
E13780264,2026-09-15 00:00:00,13 DAYS,2026-09-28,72 Woodgarden Crescent
E13779932,2026-09-15 00:00:00,13 DAYS,2026-09-28,12 - 30 Mendelssohn Street
E13779808,2026-09-15 00:00:00,13 DAYS,2026-09-28,1809 - 38 Lee Centre Drive
E13779684,2026-09-15 00:00:00,13 DAYS,2026-09-28,25 Bellehaven Crescent
E13779502,2026-09-15 00:00:00,13 DAYS,2026-09-28,28 Fermoy Road
E13779140,2026-09-15 00:00:00,13 DAYS,2026-09-28,8 - 275 Manse Road
E13778904,2026-09-15 00:00:00,13 DAYS,2026-09-28,15 Shoreview Drive
E13778384,2026-09-15 00:00:00,13 DAYS,2026-09-28,14 Lombardy Crescent
E13780314,2026-09-15 00:00:00,13 DAYS,2026-09-28,40 Rochman Boulevard
C13778598,2026-09-15 00:00:00,13 DAYS,2026-09-28,402 - 510 King Street E
C13778382,2026-09-15 00:00:00,13 DAYS,2026-09-28,1612 - 181 Dundas Street E
E13781036,2026-09-15 00:00:00,13 DAYS,2026-09-28,1720 - 2031 Kennedy Road
E13780932,2026-09-15 00:00:00,13 DAYS,2026-09-28,49 Kentish Crescent
E13781068,2026-09-15 00:00:00,13 DAYS,2026-09-28,104 - 1328 Birchmount Road
W13782656,2026-09-15 00:00:00,13 DAYS,2026-09-28,2802 - 9 Valhalla Inn Road
W13778732,2026-09-15 00:00:00,13 DAYS,2026-09-28,161 Sellers Avenue
C13783232,2026-09-15 00:00:00,13 DAYS,2026-09-28,101 Southvale Drive
E13783292,2026-09-15 00:00:00,13 DAYS,2026-09-28,611 - 2365 Kennedy Road
W13781230,2026-09-15 00:00:00,13 DAYS,2026-09-28,12 Laxis Avenue
E13779678,2026-09-15 00:00:00,13 DAYS,2026-09-28,8 Fallingbrook Wood
E13780306,2026-09-15 00:00:00,13 DAYS,2026-09-28,10 Queensgrove Road
E13780660,2026-09-15 00:00:00,13 DAYS,2026-09-28,103 Aylesworth Avenue
E13780672,2026-09-15 00:00:00,13 DAYS,2026-09-28,6 - 45 Birchmount Road
E13778770,2026-09-15 00:00:00,13 DAYS,2026-09-28,533 Kingston Road
E13778796,2026-09-15 00:00:00,13 DAYS,2026-09-28,46 Orchard Park Boulevard
C13780684,2026-09-15 00:00:00,13 DAYS,2026-09-28,Th-112 - 121 Lower Sherbourne Street
C13778594,2026-09-15 00:00:00,13 DAYS,2026-09-28,181 Bayview Heights Drive
E13778270,2026-09-15 00:00:00,13 DAYS,2026-09-28,38 Boultbee Avenue
C13778234,2026-09-15 00:00:00,13 DAYS,2026-09-28,186 Rosedale Heights Drive
E13780490,2026-09-15 00:00:00,13 DAYS,2026-09-28,48 Megan Avenue
E13782588,2026-09-15 00:00:00,13 DAYS,2026-09-28,Ph701 - 1161 Kingston Road
E13782564,2026-09-15 00:00:00,13 DAYS,2026-09-28,5 North Drive
E13783140,2026-09-15 00:00:00,13 DAYS,2026-09-28,442 Pharmacy Avenue S
E13778346,2026-09-15 00:00:00,13 DAYS,2026-09-28,50 Dunkirk Road
C13779720,2026-09-15 00:00:00,13 DAYS,2026-09-28,307 - 170 Sumach Street
C13779482,2026-09-15 00:00:00,13 DAYS,2026-09-28,126 St David Street
W13778556,2026-09-15 00:00:00,13 DAYS,2026-09-28,1219 - 551 The West Mall
W13780832,2026-09-15 00:00:00,13 DAYS,2026-09-28,407 - 800 Lawrence Avenue W
W13780230,2026-09-15 00:00:00,13 DAYS,2026-09-28,41 Bertal Road
W13783262,2026-09-15 00:00:00,13 DAYS,2026-09-28,316 - 293 The Kingsway
C13780332,2026-09-15 00:00:00,13 DAYS,2026-09-28,526 Westmount Avenue
W13779858,2026-09-15 00:00:00,13 DAYS,2026-09-28,6 Redberry Parkway
W13783096,2026-09-15 00:00:00,13 DAYS,2026-09-28,27 Nottingham Drive
C13779090,2026-09-15 00:00:00,13 DAYS,2026-09-28,205 - 264 Seaton Street
E13778490,2026-09-15 00:00:00,13 DAYS,2026-09-28,508 - 1161 Kingston Road
E13778516,2026-09-15 00:00:00,13 DAYS,2026-09-28,502 - 1161 Kingston Road
E13778404,2026-09-15 00:00:00,13 DAYS,2026-09-28,53 Glen Everest Road
W13781318,2026-09-15 00:00:00,13 DAYS,2026-09-28,1208 - 716 The West Mall
W13780946,2026-09-15 00:00:00,13 DAYS,2026-09-28,47 Pony Farm Drive
W13779746,2026-09-15 00:00:00,13 DAYS,2026-09-28,100 Summitcrest Drive
W13779644,2026-09-15 00:00:00,13 DAYS,2026-09-28,102 - 3 Applewood Lane
W13779054,2026-09-15 00:00:00,13 DAYS,2026-09-28,4 Ravenscrest Drive
W13781380,2026-09-15 00:00:00,13 DAYS,2026-09-28,2402 - 85 Emmett Avenue
C13778582,2026-09-15 00:00:00,13 DAYS,2026-09-28,27 Cameron Crescent
E13780830,2026-09-15 00:00:00,13 DAYS,2026-09-28,97 Lee Avenue
C13781520,2026-09-15 00:00:00,13 DAYS,2026-09-28,212 - 90 Trinity Street
W13782676,2026-09-15 00:00:00,14 DAYS,2026-09-29,1366 Wilson Avenue
W13782662,2026-09-15 00:00:00,14 DAYS,2026-09-29,496 Fendalton Street
W13782700,2026-09-15 00:00:00,14 DAYS,2026-09-29,306 - 330 Rathburn Road W
W13782774,2026-09-15 00:00:00,14 DAYS,2026-09-29,2205 - 1400 Dixie Road
W13782874,2026-09-15 00:00:00,14 DAYS,2026-09-29,1425 Solana Crescent
W13783002,2026-09-15 00:00:00,14 DAYS,2026-09-29,2552 Jarvis Street
W13783032,2026-09-15 00:00:00,14 DAYS,2026-09-29,102 - 1180 Cawthra Road
W13783776,2026-09-15 00:00:00,14 DAYS,2026-09-29,2709 - 25 Kingsbridge Garden Circle
W13783874,2026-09-15 00:00:00,14 DAYS,2026-09-29,1819 Friar Tuck Court
W13783974,2026-09-15 00:00:00,14 DAYS,2026-09-29,420 Abington Avenue
W13784018,2026-09-15 00:00:00,14 DAYS,2026-09-29,808 - 3700 Kaneff Crescent
W13784192,2026-09-15 00:00:00,14 DAYS,2026-09-29,1801 - 55 Elm Drive W
W13784312,2026-09-15 00:00:00,14 DAYS,2026-09-29,3325 Enniskillen Circle
W13786658,2026-09-15 00:00:00,14 DAYS,2026-09-29,5592 Millbrook Lane
40863485,2026-09-15 00:00:00,14 DAYS,2026-09-29,5592 Millbrook Lane
W13786496,2026-09-15 00:00:00,14 DAYS,2026-09-29,3274 Mississauga Road
W13786374,2026-09-15 00:00:00,14 DAYS,2026-09-29,849 Scollard Court
E13781300,2026-09-15 00:00:00,13 DAYS,2026-09-28,144 Bellrock Drive
E13782650,2026-09-15 00:00:00,13 DAYS,2026-09-28,29 - 42 Pinery Trail
W13778680,2026-09-15 00:00:00,13 DAYS,2026-09-28,12 Thames Avenue
W13782520,2026-09-15 00:00:00,14 DAYS,2026-09-29,63 - 7251 Copenhagen Road
W13784888,2026-09-15 00:00:00,14 DAYS,2026-09-29,708 - 200 Burnhamthorpe Road E
C13781028,2026-09-15 00:00:00,13 DAYS,2026-09-28,1635 - 135 Lower Sherbourne Street
W13783750,2026-09-15 00:00:00,14 DAYS,2026-09-29,88 - 1725 The Chase
W13783886,2026-09-15 00:00:00,14 DAYS,2026-09-29,38 - 2651 Aquitaine Avenue
W13784488,2026-09-15 00:00:00,14 DAYS,2026-09-29,16 - 3472 Widdicombe Way
40862457,2026-09-15 00:00:00,14 DAYS,2026-09-29,6720 Glen Erin Drive Unit# 404
W13785520,2026-09-15 00:00:00,14 DAYS,2026-09-29,404 - 6720 Glen Erin Drive
W13785666,2026-09-15 00:00:00,14 DAYS,2026-09-29,2774 Bucklepost Crescent
W13786020,2026-09-15 00:00:00,14 DAYS,2026-09-29,5106 Vetere Street
W13786122,2026-09-15 00:00:00,14 DAYS,2026-09-29,146 Vista Drive
W13783676,2026-09-15 00:00:00,14 DAYS,2026-09-29,2027 Roy Ivor Crescent
E13781250,2026-09-15 00:00:00,13 DAYS,2026-09-28,1717 - 4725 Sheppard Avenue E
W13784870,2026-09-15 00:00:00,14 DAYS,2026-09-29,609 - 1400 Dixie Road
W13784916,2026-09-15 00:00:00,14 DAYS,2026-09-29,1104 - 1063 Douglas Mccurdy Common
W13786144,2026-09-15 00:00:00,14 DAYS,2026-09-29,107 - 80 Port Street E
C13781632,2026-09-15 00:00:00,13 DAYS,2026-09-28,69 Castlebury Crescent
C13779854,2026-09-15 00:00:00,13 DAYS,2026-09-28,212 - 350 Seneca Hill Drive
C13779480,2026-09-15 00:00:00,13 DAYS,2026-09-28,225 Hollyberry Trail
C13778370,2026-09-15 00:00:00,13 DAYS,2026-09-28,27 Bedle Avenue
W13786384,2026-09-15 00:00:00,14 DAYS,2026-09-29,1602 - 86 Dundas Street E
W13786602,2026-09-15 00:00:00,14 DAYS,2026-09-29,1072 Orchard Road
W13787038,2026-09-15 00:00:00,14 DAYS,2026-09-29,705 - 4065 Confederation Parkway
C13782776,2026-09-15 00:00:00,13 DAYS,2026-09-28,2006 - 180 Fairview Mall Drive
C13781554,2026-09-15 00:00:00,13 DAYS,2026-09-28,1201 - 66 Forest Manor Road
C13780360,2026-09-15 00:00:00,13 DAYS,2026-09-28,22 Meadowglade Crescent
C13780168,2026-09-15 00:00:00,13 DAYS,2026-09-28,660 - 60 Ann O'Reilly Road
C13779994,2026-09-15 00:00:00,13 DAYS,2026-09-28,3208 - 121 Mcmahon Drive
W13783782,2026-09-15 00:00:00,14 DAYS,2026-09-29,3362 Aubrey Road
C13782762,2026-09-15 00:00:00,13 DAYS,2026-09-28,2212 - 205 Hilda Avenue
C13779592,2026-09-15 00:00:00,13 DAYS,2026-09-28,403 - 175 Hilda Avenue
C13781052,2026-09-15 00:00:00,13 DAYS,2026-09-28,14 Pleasant Avenue
W13786076,2026-09-15 00:00:00,14 DAYS,2026-09-29,955 Caldwell Avenue
W13786006,2026-09-15 00:00:00,14 DAYS,2026-09-29,1214 - 55 Elm Drive
W13785498,2026-09-15 00:00:00,14 DAYS,2026-09-29,31 Maple Avenue N
W13785426,2026-09-15 00:00:00,14 DAYS,2026-09-29,18B - 1084 Queen Street W
W13778902,2026-09-15 00:00:00,13 DAYS,2026-09-28,307 - 200 Manitoba Street
W13779228,2026-09-15 00:00:00,13 DAYS,2026-09-28,74 Lunness Road
W13779938,2026-09-15 00:00:00,13 DAYS,2026-09-28,611 - 2261 Lakeshore Boulevard W
W13780002,2026-09-15 00:00:00,13 DAYS,2026-09-28,55 Thirty Eighth Street
C13779952,2026-09-15 00:00:00,13 DAYS,2026-09-28,185 Bridgeland Avenue
W13778834,2026-09-15 00:00:00,13 DAYS,2026-09-28,Unit A - 3300 Dufferin Street
W13779984,2026-09-15 00:00:00,13 DAYS,2026-09-28,165 Thirtieth Street
W13780184,2026-09-15 00:00:00,13 DAYS,2026-09-28,55 Thirty Eighth Street
W13784858,2026-09-15 00:00:00,14 DAYS,2026-09-29,2021 Shawanaga Trail
W13780676,2026-09-15 00:00:00,13 DAYS,2026-09-28,33 Twelfth Street
W13781346,2026-09-15 00:00:00,13 DAYS,2026-09-28,4 Nordin Avenue
W13782036,2026-09-15 00:00:00,13 DAYS,2026-09-28,193 Sixth Street
W13783016,2026-09-15 00:00:00,13 DAYS,2026-09-28,2522 Lake Shore Boulevard W
W13785256,2026-09-15 00:00:00,14 DAYS,2026-09-29,1750 Lincolnshire Boulevard
W13785310,2026-09-15 00:00:00,14 DAYS,2026-09-29,1563 Skyline Drive
W13785414,2026-09-15 00:00:00,14 DAYS,2026-09-29,512 - 349 Rathburn Road W
W13785378,2026-09-15 00:00:00,14 DAYS,2026-09-29,Gv-108 - 330 Princess Royal Drive
C13778876,2026-09-15 00:00:00,13 DAYS,2026-09-28,73 Garnier Court
W13780858,2026-09-15 00:00:00,13 DAYS,2026-09-28,907 - 2212 Lake Shore Boulevard W
E13780646,2026-09-15 00:00:00,13 DAYS,2026-09-28,49 King Louis Crescent
W13783610,2026-09-15 00:00:00,14 DAYS,2026-09-29,706 - 2900 Battleford Road
E13780160,2026-09-15 00:00:00,13 DAYS,2026-09-28,56 - 50 Blackwell Avenue
W13778780,2026-09-15 00:00:00,8 DAYS,2026-09-23,Th 128 - 70 Absolute Avenue
W13782488,2026-09-15 00:00:00,8 DAYS,2026-09-23,762 Duchess Drive
W13712112,2026-09-15 00:00:00,8 DAYS,2026-09-23,14 - 80 Acorn Place
W13779922,2026-09-15 00:00:00,13 DAYS,2026-09-28,7 The Green Pines
W13777134,2026-09-15 00:00:00,13 DAYS,2026-09-28,601 - 60 George Butchart Drive
W13778940,2026-09-15 00:00:00,13 DAYS,2026-09-28,519 - 3100 Keele Street
W13779046,2026-09-15 00:00:00,13 DAYS,2026-09-28,308 - 906 Sheppard Avenue W
E13780654,2026-09-15 00:00:00,13 DAYS,2026-09-28,541 Rouge Hills Drive
W13781226,2026-09-15 00:00:00,8 DAYS,2026-09-23,50 - 7475 Goreway Drive
W13781600,2026-09-15 00:00:00,13 DAYS,2026-09-28,3B - 867 Wilson Avenue
W13709578,2026-09-15 00:00:00,8 DAYS,2026-09-23,68 - 45 Bristol Road E
W13710602,2026-09-15 00:00:00,8 DAYS,2026-09-23,73 - 525 Meadows Boulevard
W13712200,2026-09-15 00:00:00,8 DAYS,2026-09-23,102 - 4165 Fieldgate Drive
40854249,2026-09-15 00:00:00,8 DAYS,2026-09-23,4165 Fieldgate Drive Unit# 102
W13779152,2026-09-15 00:00:00,13 DAYS,2026-09-28,48 Odoardo Di Santo Circle
E13780610,2026-09-15 00:00:00,13 DAYS,2026-09-28,68 Boulton Avenue
E13780174,2026-09-15 00:00:00,13 DAYS,2026-09-28,133 Drayton Avenue
E13780238,2026-09-15 00:00:00,13 DAYS,2026-09-28,29 Shudell Avenue
W13709522,2026-09-15 00:00:00,8 DAYS,2026-09-23,321 - 8 Nahani Way
C13780272,2026-09-15 00:00:00,13 DAYS,2026-09-28,15 Moorehill Drive
W13779958,2026-09-15 00:00:00,8 DAYS,2026-09-23,3602 Dunrankin Drive
C13781026,2026-09-15 00:00:00,13 DAYS,2026-09-28,266 Douglas Drive
C13781790,2026-09-15 00:00:00,13 DAYS,2026-09-28,1905 - 65 Mutual Street
C13781740,2026-09-15 00:00:00,13 DAYS,2026-09-28,1703 - 60 Colborne Street
C13782464,2026-09-15 00:00:00,13 DAYS,2026-09-28,808 - 284 King Street E
C13782424,2026-09-15 00:00:00,13 DAYS,2026-09-28,701 - 284 King Street E
C13782490,2026-09-15 00:00:00,13 DAYS,2026-09-28,1505 - 284 King Street E
C13782598,2026-09-15 00:00:00,13 DAYS,2026-09-28,2903 - 284 King Street E
C13782556,2026-09-15 00:00:00,13 DAYS,2026-09-28,505 - 284 King Street E
C13782530,2026-09-15 00:00:00,13 DAYS,2026-09-28,2004 - 284 King Street E
C13783372,2026-09-15 00:00:00,13 DAYS,2026-09-28,521 Sutherland Drive
C13782622,2026-09-15 00:00:00,13 DAYS,2026-09-28,404 - 284 King Street E
E13780860,2026-09-15 00:00:00,13 DAYS,2026-09-28,37 Gowan Avenue
C13777592,2026-09-15 00:00:00,6 DAYS,2026-09-21,507 Queen Street W
E13780770,2026-09-15 00:00:00,13 DAYS,2026-09-28,97 Lee Avenue
E13778690,2026-09-15 00:00:00,13 DAYS,2026-09-28,144 Brookmill Boulevard
C13780782,2026-09-15 00:00:00,13 DAYS,2026-09-28,606 - 99 Harbour Square
C13779584,2026-09-15 00:00:00,13 DAYS,2026-09-28,3405 - 100 Harbour Street
W13778772,2026-09-15 00:00:00,8 DAYS,2026-09-23,16 Scarboro Street
C13781002,2026-09-15 00:00:00,13 DAYS,2026-09-28,4E Leaside Park Drive
C13783048,2026-09-15 00:00:00,13 DAYS,2026-09-28,#906 - 12 Bonnycastle Street
C13778226,2026-09-15 00:00:00,13 DAYS,2026-09-28,16 Ptarmigan Crescent
E13779032,2026-09-15 00:00:00,13 DAYS,2026-09-28,30 Scarboro Avenue
W13746444,2026-09-15 00:00:00,8 DAYS,2026-09-23,33 - 5250 Solar Drive
40863042,2026-09-15 00:00:00,14 DAYS,2026-09-29,1983 Rackus Crescent
W13785374,2026-09-15 00:00:00,14 DAYS,2026-09-29,1983 Rackus Crescent
40857989,2026-09-15 00:00:00,14 DAYS,2026-09-29,1010 Baldwin Road
W13746436,2026-09-15 00:00:00,8 DAYS,2026-09-23,33 - 5250 Solar Drive
C13778884,2026-09-15 00:00:00,13 DAYS,2026-09-28,431 Heath Street E
C13778800,2026-09-15 00:00:00,13 DAYS,2026-09-28,310 - 18 Concorde Place
W13783690,2026-09-15 00:00:00,14 DAYS,2026-09-29,69 - 7360 Zinnia Place
E13779062,2026-09-15 00:00:00,13 DAYS,2026-09-28,293 Rhodes Avenue
C13779492,2026-09-15 00:00:00,13 DAYS,2026-09-28,414 - 40 Homewood Avenue
W13783786,2026-09-15 00:00:00,14 DAYS,2026-09-29,1501 - 1055 Southdown Road
E13779658,2026-09-15 00:00:00,13 DAYS,2026-09-28,28 Victoria Park Avenue
W13747974,2026-09-15 00:00:00,8 DAYS,2026-09-23,106 - 1550 South Gateway Road
W13785344,2026-09-15 00:00:00,14 DAYS,2026-09-29,443 Comiskey Crescent
W13782744,2026-09-15 00:00:00,13 DAYS,2026-09-28,146 Government Road
C13781020,2026-09-15 00:00:00,13 DAYS,2026-09-28,902 - 18 Valley Woods Road
C13781638,2026-09-15 00:00:00,13 DAYS,2026-09-28,411 - 100 Leeward Glenway
E13779912,2026-09-15 00:00:00,13 DAYS,2026-09-28,43 Zaph Avenue
C13781032,2026-09-15 00:00:00,13 DAYS,2026-09-28,10 Monarchwood Crescent
C13782406,2026-09-15 00:00:00,13 DAYS,2026-09-28,1407 - 10 Deerlick Court
C13782388,2026-09-15 00:00:00,13 DAYS,2026-09-28,2 Addison Crescent
E13779822,2026-09-15 00:00:00,13 DAYS,2026-09-28,1572 Queen Street E
C13782366,2026-09-15 00:00:00,13 DAYS,2026-09-28,911 - 10 Deerlick Court
W13783718,2026-09-15 00:00:00,14 DAYS,2026-09-29,1010 Baldwin Road
E13785432,2026-09-16 00:00:00,12 DAYS,2026-09-28,908 - 29 Rosebank Drive
E13784108,2026-09-16 00:00:00,12 DAYS,2026-09-28,15 - 750 Military Trail
E13786968,2026-09-16 00:00:00,12 DAYS,2026-09-28,5 John Tabor Trail
E13787278,2026-09-16 00:00:00,12 DAYS,2026-09-28,75 - 270 Timberbank Boulevard
E13787318,2026-09-16 00:00:00,12 DAYS,2026-09-28,122 Parsell Square
E13783550,2026-09-16 00:00:00,12 DAYS,2026-09-28,413 - 30 Thunder Grove
E13783572,2026-09-16 00:00:00,12 DAYS,2026-09-28,132 - 20 Echo Point
E13783642,2026-09-16 00:00:00,12 DAYS,2026-09-28,125 - 275 Broadview Avenue
E13784746,2026-09-16 00:00:00,12 DAYS,2026-09-28,201 Linsmore Crescent
E13784492,2026-09-16 00:00:00,12 DAYS,2026-09-28,29 Love Crescent
E13788038,2026-09-16 00:00:00,12 DAYS,2026-09-28,419 - 11753 Sheppard Avenue E
E13788226,2026-09-16 00:00:00,12 DAYS,2026-09-28,1024 Bridletowne Circle
E13788566,2026-09-16 00:00:00,12 DAYS,2026-09-28,97 Crittenden Square
E13784504,2026-09-16 00:00:00,12 DAYS,2026-09-28,29 Love Crescent
40863803,2026-09-16 00:00:00,13 DAYS,2026-09-29,1962 Calgary Court
W13792154,2026-09-16 00:00:00,13 DAYS,2026-09-29,646 Sequin Crescent
W13792168,2026-09-16 00:00:00,13 DAYS,2026-09-29,362 Kingsbridge Garden Circle
W13792174,2026-09-16 00:00:00,13 DAYS,2026-09-29,1202 - 4090 Living Arts Drive
W13792062,2026-09-16 00:00:00,13 DAYS,2026-09-29,716 Eaglemount Crescent
W13792006,2026-09-16 00:00:00,13 DAYS,2026-09-29,2008 - 220 Burnhamthorpe Road W
W13791950,2026-09-16 00:00:00,13 DAYS,2026-09-29,4069 Chelmsford Court
C13784874,2026-09-16 00:00:00,12 DAYS,2026-09-28,3 Kenrae Road
E13788752,2026-09-16 00:00:00,12 DAYS,2026-09-28,#611 - 3088 Kennedy Road
E13785896,2026-09-16 00:00:00,12 DAYS,2026-09-28,547 Eastern Avenue
E13785826,2026-09-16 00:00:00,12 DAYS,2026-09-28,171 Langford Avenue
E13783684,2026-09-16 00:00:00,12 DAYS,2026-09-28,82 Curzon Street
E13783954,2026-09-16 00:00:00,12 DAYS,2026-09-28,32 Joseph Duggan Road
E13784056,2026-09-16 00:00:00,12 DAYS,2026-09-28,122 Duvernet Avenue
E13783408,2026-09-16 00:00:00,12 DAYS,2026-09-28,326 Jaybell Grove
W13787176,2026-09-16 00:00:00,12 DAYS,2026-09-28,88 Tycos Drive
W13786644,2026-09-16 00:00:00,12 DAYS,2026-09-28,17 Wild Rose Gardens
W13785840,2026-09-16 00:00:00,12 DAYS,2026-09-28,88 Tycos Drive
W13784772,2026-09-16 00:00:00,12 DAYS,2026-09-28,516 - 1415 Lawrence Avenue W
E13784296,2026-09-16 00:00:00,12 DAYS,2026-09-28,18 Dentonia Park Avenue S
W13788768,2026-09-16 00:00:00,12 DAYS,2026-09-28,805 - 105 The Queensway Avenue
W13787144,2026-09-16 00:00:00,12 DAYS,2026-09-28,88 Tycos Drive
C13786960,2026-09-16 00:00:00,12 DAYS,2026-09-28,337 - 21 Burkebrook Place
E13785626,2026-09-16 00:00:00,12 DAYS,2026-09-28,703 - 1135 Logan Avenue
W13786876,2026-09-16 00:00:00,12 DAYS,2026-09-28,238 Garden Avenue
E13786426,2026-09-16 00:00:00,12 DAYS,2026-09-28,14 Lyall Avenue
W13786864,2026-09-16 00:00:00,12 DAYS,2026-09-28,238 Garden Avenue
W13785392,2026-09-16 00:00:00,12 DAYS,2026-09-28,359 Roncesvalles Avenue
W13785306,2026-09-16 00:00:00,12 DAYS,2026-09-28,47 Deforest Road
C13786368,2026-09-16 00:00:00,12 DAYS,2026-09-28,39 Brentcliffe Road
C13785492,2026-09-16 00:00:00,12 DAYS,2026-09-28,125 - 35 Brian Peck Crescent
E13783764,2026-09-16 00:00:00,12 DAYS,2026-09-28,101 Northdale Boulevard
E13786220,2026-09-16 00:00:00,12 DAYS,2026-09-28,40 Fernwood Park Avenue
C13786080,2026-09-16 00:00:00,12 DAYS,2026-09-28,36 Aberdeen Avenue
C13786878,2026-09-16 00:00:00,12 DAYS,2026-09-28,Unit Rg1 - 81 Bay Street
C13788250,2026-09-16 00:00:00,12 DAYS,2026-09-28,629 Bedford Park Avenue
E13785962,2026-09-16 00:00:00,12 DAYS,2026-09-28,312 - 46 Curzon Street
W13786904,2026-09-16 00:00:00,12 DAYS,2026-09-28,440 - 22 Southport Street
W13784318,2026-09-16 00:00:00,12 DAYS,2026-09-28,306 - 3559 Eglinton Avenue W
W13785908,2026-09-16 00:00:00,12 DAYS,2026-09-28,25 Treeview Drive
C13786900,2026-09-16 00:00:00,12 DAYS,2026-09-28,460 Wellesley Street E
W13788324,2026-09-16 00:00:00,12 DAYS,2026-09-28,1407 - 2045 Lake Shore Boulevard W
W13789014,2026-09-16 00:00:00,12 DAYS,2026-09-28,2511 - 38 Annie Craig Drive
W13784484,2026-09-16 00:00:00,12 DAYS,2026-09-28,602 - 51 Lady Bank Road
W13786162,2026-09-16 00:00:00,12 DAYS,2026-09-28,509 - 1 Lomond Drive
W13787914,2026-09-16 00:00:00,12 DAYS,2026-09-28,10 Plastics Avenue
E13781030,2026-09-16 00:00:00,5 DAYS,2026-09-21,122 - 633 Silver Star Boulevard
W13787148,2026-09-16 00:00:00,13 DAYS,2026-09-29,3926 Beechnut Row
W13787758,2026-09-16 00:00:00,13 DAYS,2026-09-29,2485 Strathmore Crescent N
W13787832,2026-09-16 00:00:00,13 DAYS,2026-09-29,807 - 2485 Eglinton Avenue W
W13788188,2026-09-16 00:00:00,13 DAYS,2026-09-29,3891 Freeman Terrace
W13788828,2026-09-16 00:00:00,13 DAYS,2026-09-29,5261 Palmetto Place
W13789220,2026-09-16 00:00:00,13 DAYS,2026-09-29,37 - 2766 Folkway Drive
W13789284,2026-09-16 00:00:00,13 DAYS,2026-09-29,5274 Marblewood Drive
W13789282,2026-09-16 00:00:00,13 DAYS,2026-09-29,2870 Westbury Court
W13789376,2026-09-16 00:00:00,13 DAYS,2026-09-29,2205 - 2560 Eglinton Avenue W
W13789454,2026-09-16 00:00:00,13 DAYS,2026-09-29,4 - 3215 Thomas Street
W13789854,2026-09-16 00:00:00,13 DAYS,2026-09-29,11 - 1575 South Parade Court
W13787016,2026-09-16 00:00:00,12 DAYS,2026-09-28,4409 - 38 Annie Craig Drive
W13786718,2026-09-16 00:00:00,13 DAYS,2026-09-29,510 - 1110 Walden Circle
W13791204,2026-09-16 00:00:00,13 DAYS,2026-09-29,2006 Lushes Avenue
W13787054,2026-09-16 00:00:00,13 DAYS,2026-09-29,3415 Schomberg Avenue
W13783812,2026-09-16 00:00:00,12 DAYS,2026-09-28,708 - 2737 Keele Street
W13784256,2026-09-16 00:00:00,12 DAYS,2026-09-28,106 - 31 Tippett Road
C13785408,2026-09-16 00:00:00,12 DAYS,2026-09-28,46 - 68 Winston Park Boulevard
W13785370,2026-09-16 00:00:00,12 DAYS,2026-09-28,633 - 525 Wilson Avenue
C13786126,2026-09-16 00:00:00,12 DAYS,2026-09-28,427 - 30 Tretti Way
C13787358,2026-09-16 00:00:00,12 DAYS,2026-09-28,90 Heathrow Drive
W13788696,2026-09-16 00:00:00,13 DAYS,2026-09-29,2180 Dixie Road
40863746,2026-09-16 00:00:00,13 DAYS,2026-09-29,2180 Dixie Road
W13790180,2026-09-16 00:00:00,13 DAYS,2026-09-29,3985 Taffey Crescent
W13788214,2026-09-16 00:00:00,12 DAYS,2026-09-28,23 Anthia Drive
W13788634,2026-09-16 00:00:00,12 DAYS,2026-09-28,327 - 3100 Keele Street
C13784104,2026-09-16 00:00:00,12 DAYS,2026-09-28,46 Caravan Drive
C13785068,2026-09-16 00:00:00,12 DAYS,2026-09-28,904 - 797 Don Mills Road
C13785064,2026-09-16 00:00:00,12 DAYS,2026-09-28,701 - 1103 Leslie Street
C13786190,2026-09-16 00:00:00,12 DAYS,2026-09-28,45 Park Lane Circle
C13786314,2026-09-16 00:00:00,12 DAYS,2026-09-28,Ph7 - 1360 York Mills Road
C13786616,2026-09-16 00:00:00,12 DAYS,2026-09-28,306 - 1 Concorde Place
C13788616,2026-09-16 00:00:00,12 DAYS,2026-09-28,1235 - 20 Inn On The Park Drive
C13788376,2026-09-16 00:00:00,12 DAYS,2026-09-28,118 - 525 Wilson Avenue
W13781590,2026-09-16 00:00:00,12 DAYS,2026-09-28,11 Picton Crescent
W13790406,2026-09-16 00:00:00,13 DAYS,2026-09-29,1656 Carrington Road
W13791082,2026-09-16 00:00:00,13 DAYS,2026-09-29,5576 Middlebury Drive
C13787256,2026-09-16 00:00:00,12 DAYS,2026-09-28,1012 - 70 Forest Manor Road
C13785410,2026-09-16 00:00:00,12 DAYS,2026-09-28,1805 - 188 Fairview Mall Drive
C13784508,2026-09-16 00:00:00,12 DAYS,2026-09-28,2210 - 275 Yorkland Road
C13784346,2026-09-16 00:00:00,12 DAYS,2026-09-28,20 Ringwood Crescent
C13783808,2026-09-16 00:00:00,12 DAYS,2026-09-28,1059 - 60 Ann Oreilly Road
C13788212,2026-09-16 00:00:00,12 DAYS,2026-09-28,807C - 662 Sheppard Avenue E
C13788204,2026-09-16 00:00:00,12 DAYS,2026-09-28,218 Cameron Avenue
C13788386,2026-09-16 00:00:00,12 DAYS,2026-09-28,111 Kingsdale Avenue
C13788630,2026-09-16 00:00:00,12 DAYS,2026-09-28,Th09 - 264 Finch Avenue E
C13788692,2026-09-16 00:00:00,12 DAYS,2026-09-28,412 - 650 Sheppard Avenue E
C13786182,2026-09-16 00:00:00,12 DAYS,2026-09-28,8 Frivick Court
C13788952,2026-09-16 00:00:00,12 DAYS,2026-09-28,S3504 - 8 Olympic Garden Drive
W13784776,2026-09-16 00:00:00,12 DAYS,2026-09-28,55 Algoma Street
W13784838,2026-09-16 00:00:00,12 DAYS,2026-09-28,3201 - 2269 Lake Shore Boulevard W
W13785164,2026-09-16 00:00:00,12 DAYS,2026-09-28,168A Lake Promenade
W13785440,2026-09-16 00:00:00,12 DAYS,2026-09-28,215 - 1040 The Queensway
W13785844,2026-09-16 00:00:00,12 DAYS,2026-09-28,29 Ash Crescent
C13787298,2026-09-16 00:00:00,12 DAYS,2026-09-28,963 - 25 Adra Grado Way
C13787924,2026-09-16 00:00:00,12 DAYS,2026-09-28,707 - 52 Forest Manor Road
C13788068,2026-09-16 00:00:00,12 DAYS,2026-09-28,3206 - 29 Green Trail Court
C13788184,2026-09-16 00:00:00,12 DAYS,2026-09-28,1202 - 29 Green Trail Court
W13791148,2026-09-16 00:00:00,13 DAYS,2026-09-29,5853 Swordsman Drive
40863346,2026-09-16 00:00:00,13 DAYS,2026-09-29,7034 Estoril Road
W13791500,2026-09-16 00:00:00,13 DAYS,2026-09-29,7034 Estoril Road
W13791776,2026-09-16 00:00:00,13 DAYS,2026-09-29,2985 Dancer Court
W13792048,2026-09-16 00:00:00,13 DAYS,2026-09-29,20 - 6780 Formentera Avenue
C13788778,2026-09-16 00:00:00,12 DAYS,2026-09-28,29 Jenny Wrenway
C13787582,2026-09-16 00:00:00,12 DAYS,2026-09-28,61 Bickerton Crescent
C13784090,2026-09-16 00:00:00,12 DAYS,2026-09-28,128 - 4001 Don Mills Road
W13790806,2026-09-16 00:00:00,13 DAYS,2026-09-29,1 - 5970 Turney Drive
W13783506,2026-09-16 00:00:00,12 DAYS,2026-09-28,47 - 636 Evans Avenue
W13783726,2026-09-16 00:00:00,12 DAYS,2026-09-28,2607 - 20 Shore Breeze Drive S
W13784554,2026-09-16 00:00:00,12 DAYS,2026-09-28,62 Cormier Heights
W13788076,2026-09-16 00:00:00,12 DAYS,2026-09-28,79 Burlingame Road
W13787954,2026-09-16 00:00:00,12 DAYS,2026-09-28,93 Burlington Street
W13787706,2026-09-16 00:00:00,12 DAYS,2026-09-28,Th10 - 3076 Lake Shore Boulevard W
W13786708,2026-09-16 00:00:00,12 DAYS,2026-09-28,608 - 185 Legion Road N
C13783674,2026-09-16 00:00:00,12 DAYS,2026-09-28,102 Jenny Wren Way
C13788428,2026-09-16 00:00:00,12 DAYS,2026-09-28,2010 - 121 Mcmahon Drive
W13783748,2026-09-16 00:00:00,12 DAYS,2026-09-28,824 - 165 Legion Road N
E13786358,2026-09-16 00:00:00,12 DAYS,2026-09-28,36 Lockwood Road
W13787032,2026-09-16 00:00:00,12 DAYS,2026-09-28,27 Warlingham Court
C13788478,2026-09-16 00:00:00,12 DAYS,2026-09-28,602 - 29 Queens Quay E
E13784038,2026-09-16 00:00:00,12 DAYS,2026-09-28,3 Wythenshawe Wood
E13783898,2026-09-16 00:00:00,12 DAYS,2026-09-28,28 Ashdean Drive
E13783694,2026-09-16 00:00:00,12 DAYS,2026-09-28,17 Barlow Road
E13783600,2026-09-16 00:00:00,12 DAYS,2026-09-28,Ph09 - 270 Palmdale Drive
E13783394,2026-09-16 00:00:00,12 DAYS,2026-09-28,29 Flempton Crescent
E13787652,2026-09-16 00:00:00,12 DAYS,2026-09-28,2 - 76 Munro Street
E13787810,2026-09-16 00:00:00,12 DAYS,2026-09-28,Upper - 25 Scarboro Beach Boulevard
E13788264,2026-09-16 00:00:00,12 DAYS,2026-09-28,201 - 2365 Queen Street E
W13788930,2026-09-16 00:00:00,12 DAYS,2026-09-28,2405 - 9 Valhalla Inn Road
W13788690,2026-09-16 00:00:00,12 DAYS,2026-09-28,3807 - 7 Mabelle Avenue
W13788532,2026-09-16 00:00:00,12 DAYS,2026-09-28,2702 - 15 Viking Lane
W13787968,2026-09-16 00:00:00,12 DAYS,2026-09-28,7 Ashbourne Drive
W13787712,2026-09-16 00:00:00,12 DAYS,2026-09-28,2204 - 5 Valhalla Inn Road
W13787548,2026-09-16 00:00:00,12 DAYS,2026-09-28,310 - 475 The West Mall
E13788460,2026-09-16 00:00:00,12 DAYS,2026-09-28,276 Gowan Avenue
W13788402,2026-09-16 00:00:00,12 DAYS,2026-09-28,61 Abilene Drive
W13787594,2026-09-16 00:00:00,12 DAYS,2026-09-28,Th 122 - 259 The Kingsway
E13784400,2026-09-16 00:00:00,12 DAYS,2026-09-28,31 Wishing Well Drive
E13784386,2026-09-16 00:00:00,12 DAYS,2026-09-28,23 Penetang Crescent
E13784402,2026-09-16 00:00:00,12 DAYS,2026-09-28,501 - 180 Markham Road
E13785102,2026-09-16 00:00:00,12 DAYS,2026-09-28,506 - 3220 Sheppard Avenue E
C13786822,2026-09-16 00:00:00,12 DAYS,2026-09-28,132 Glen Road
C13786754,2026-09-16 00:00:00,12 DAYS,2026-09-28,503 - 575 Bloor Street E
E13787266,2026-09-16 00:00:00,12 DAYS,2026-09-28,530 Victoria Park Avenue
E13786758,2026-09-16 00:00:00,12 DAYS,2026-09-28,53 - 653A Warden Avenue
E13786362,2026-09-16 00:00:00,12 DAYS,2026-09-28,3 Phenix Drive
E13784012,2026-09-16 00:00:00,12 DAYS,2026-09-28,22 Pitt Avenue
E13788916,2026-09-16 00:00:00,12 DAYS,2026-09-28,2025 - 3270 Sheppard Avenue E
E13788178,2026-09-16 00:00:00,12 DAYS,2026-09-28,10 Dunlop Avenue
W13786686,2026-09-16 00:00:00,12 DAYS,2026-09-28,34 Lambeth Road
E13788056,2026-09-16 00:00:00,12 DAYS,2026-09-28,904 - 4569 Kingston Road
E13787312,2026-09-16 00:00:00,12 DAYS,2026-09-28,335 - 3121 Sheppard Avenue E
E13786890,2026-09-16 00:00:00,12 DAYS,2026-09-28,Ph91 - 1 Greystone Walk Drive
E13786706,2026-09-16 00:00:00,12 DAYS,2026-09-28,142 - 21 Livonia Place
E13786814,2026-09-16 00:00:00,12 DAYS,2026-09-28,94 Watson Street
E13786550,2026-09-16 00:00:00,12 DAYS,2026-09-28,54 Dolly Varden Boulevard
E13785504,2026-09-16 00:00:00,12 DAYS,2026-09-28,8 Chantrey Court
E13785290,2026-09-16 00:00:00,12 DAYS,2026-09-28,126 Roebuck Drive
E13785098,2026-09-16 00:00:00,12 DAYS,2026-09-28,Th120 - 38 Lee Centre Drive
E13788072,2026-09-16 00:00:00,12 DAYS,2026-09-28,214 - 1085 Danforth Road
W13791778,2026-09-16 00:00:00,13 DAYS,2026-09-29,1142 Haig Boulevard
W13785570,2026-09-16 00:00:00,12 DAYS,2026-09-28,602 - 35 Fontenay Court
W13784180,2026-09-16 00:00:00,12 DAYS,2026-09-28,18 Blair Athol Crescent
C13784884,2026-09-16 00:00:00,12 DAYS,2026-09-28,2206 - 25 The Esplanade
C13785284,2026-09-16 00:00:00,12 DAYS,2026-09-28,905 - 320 Richmond Street E
C13786028,2026-09-16 00:00:00,12 DAYS,2026-09-28,513 - 65 Scadding Avenue
C13785982,2026-09-16 00:00:00,12 DAYS,2026-09-28,Ph807 - 39 Jarvis Street
C13786228,2026-09-16 00:00:00,12 DAYS,2026-09-28,123 Seaton Street
C13786324,2026-09-16 00:00:00,12 DAYS,2026-09-28,304 - 220 George Street
C13786282,2026-09-16 00:00:00,12 DAYS,2026-09-28,313 - 390 Cherry Street
C13786526,2026-09-16 00:00:00,12 DAYS,2026-09-28,907 - 222 The Esplanade
C13786680,2026-09-16 00:00:00,12 DAYS,2026-09-28,272 Seaton Street
C13786896,2026-09-16 00:00:00,12 DAYS,2026-09-28,239 Seaton Street
C13787050,2026-09-16 00:00:00,12 DAYS,2026-09-28,2301 - 55 Ontario Street
C13787320,2026-09-16 00:00:00,12 DAYS,2026-09-28,633 - 222 The Esplanade
C13788128,2026-09-16 00:00:00,12 DAYS,2026-09-28,1568 Bayview Avenue
C13786124,2026-09-16 00:00:00,12 DAYS,2026-09-28,408 - 1750 Bayview Avenue
C13787632,2026-09-16 00:00:00,12 DAYS,2026-09-28,528 - 109 Front Street E
C13788106,2026-09-16 00:00:00,12 DAYS,2026-09-28,1708 - 77 Shuter Street
C13788440,2026-09-16 00:00:00,12 DAYS,2026-09-28,2708 - 55 Regent Park Boulevard
C13784494,2026-09-16 00:00:00,12 DAYS,2026-09-28,542 - 22 Leader Lane
C13784428,2026-09-16 00:00:00,12 DAYS,2026-09-28,3408 - 390 Cherry Street
C13784412,2026-09-16 00:00:00,12 DAYS,2026-09-28,30 St Paul Street
W13784612,2026-09-16 00:00:00,12 DAYS,2026-09-28,4 Imogene Avenue
W13786212,2026-09-16 00:00:00,12 DAYS,2026-09-28,195 Islington Avenue
W13789100,2026-09-16 00:00:00,12 DAYS,2026-09-28,61 Golfwood Heights
W13788960,2026-09-16 00:00:00,12 DAYS,2026-09-28,32 Ashmount Crescent
W13788026,2026-09-16 00:00:00,12 DAYS,2026-09-28,408 - 320 Dixon Road
W13787554,2026-09-16 00:00:00,12 DAYS,2026-09-28,14 Penhale Drive
W13787530,2026-09-16 00:00:00,12 DAYS,2026-09-28,3 - 2267 Islington Avenue
W13787130,2026-09-16 00:00:00,12 DAYS,2026-09-28,269 Gary Drive
W13786638,2026-09-16 00:00:00,12 DAYS,2026-09-28,19 Riverview Heights
W13784526,2026-09-16 00:00:00,12 DAYS,2026-09-28,3 Cowley Avenue
W13784244,2026-09-16 00:00:00,12 DAYS,2026-09-28,7 Humberview Crescent
W13783762,2026-09-16 00:00:00,12 DAYS,2026-09-28,1813 - 320 Dixon Road
W13783704,2026-09-16 00:00:00,12 DAYS,2026-09-28,36 Tewsley Place
W13785732,2026-09-16 00:00:00,12 DAYS,2026-09-28,1898 Jane Street
W13786170,2026-09-16 00:00:00,12 DAYS,2026-09-28,1116 - 80 Esther Lorrie Drive
W13785716,2026-09-16 00:00:00,12 DAYS,2026-09-28,8 Midhurst Drive
W13785586,2026-09-16 00:00:00,12 DAYS,2026-09-28,201 - 6444 Finch Avenue W
C13788470,2026-09-16 00:00:00,12 DAYS,2026-09-28,231 Glengrove Avenue W
W13783830,2026-09-16 00:00:00,12 DAYS,2026-09-28,44 Holley Avenue
W13791662,2026-09-16 00:00:00,13 DAYS,2026-09-29,2017 Lady Di Court Nw
E13787220,2026-09-16 00:00:00,12 DAYS,2026-09-28,604 - 1350 Kingston Road
W13791340,2026-09-16 00:00:00,13 DAYS,2026-09-29,36B Pine Avenue
W13786298,2026-09-16 00:00:00,7 DAYS,2026-09-23,3441 Fellmore Drive
W13787644,2026-09-16 00:00:00,7 DAYS,2026-09-23,2142 Obeck Crescent
W13787680,2026-09-16 00:00:00,7 DAYS,2026-09-23,964 Queen Street W
W13787926,2026-09-16 00:00:00,7 DAYS,2026-09-23,906 - 21 Park Street E
W13782494,2026-09-16 00:00:00,7 DAYS,2026-09-23,1 & 2 - 1200 Derry Road East Road
W13787338,2026-09-16 00:00:00,7 DAYS,2026-09-23,1373 Quest Circle
W13788870,2026-09-16 00:00:00,13 DAYS,2026-09-29,1540 Trotwood Avenue
W13788820,2026-09-16 00:00:00,13 DAYS,2026-09-29,3158 Valmarie Avenue
W13788764,2026-09-16 00:00:00,13 DAYS,2026-09-29,4213 Beacon Lane
W13788686,2026-09-16 00:00:00,13 DAYS,2026-09-29,2305 - 4099 Brickstone Mews
W13788628,2026-09-16 00:00:00,13 DAYS,2026-09-29,501 - 55 Elm Drive W
W13788668,2026-09-16 00:00:00,13 DAYS,2026-09-29,2907 - 3880 Duke Of York Boulevard
W13788304,2026-09-16 00:00:00,13 DAYS,2026-09-29,1611 - 4080 Living Arts Drive
W13788196,2026-09-16 00:00:00,13 DAYS,2026-09-29,2203 - 400 Webb Drive
W13792128,2026-09-16 00:00:00,13 DAYS,2026-09-29,6348 Newcombe Drive
40863555,2026-09-16 00:00:00,7 DAYS,2026-09-23,1373 Quest Circle
W13790416,2026-09-16 00:00:00,13 DAYS,2026-09-29,1125 Ivandale Drive
W13782842,2026-09-16 00:00:00,7 DAYS,2026-09-23,2192 Castlestone Court
W13788766,2026-09-16 00:00:00,13 DAYS,2026-09-29,6038 Silken Laumann Way
W13713742,2026-09-16 00:00:00,7 DAYS,2026-09-23,5301 - 60 Absolute Avenue
W13723700,2026-09-16 00:00:00,7 DAYS,2026-09-23,42 - 7115 Rexwood Road
W13786536,2026-09-16 00:00:00,7 DAYS,2026-09-23,7279 Vernor Drive
E13781840,2026-09-16 00:00:00,5 DAYS,2026-09-21,733 Pape Avenue
C13778938,2026-09-16 00:00:00,5 DAYS,2026-09-21,278 Avenue Road
C13780412,2026-09-16 00:00:00,5 DAYS,2026-09-21,1068 Yonge Street
W13749032,2026-09-16 00:00:00,7 DAYS,2026-09-23,4535 Gullfoot Circle
W13748982,2026-09-16 00:00:00,7 DAYS,2026-09-23,102 Nahani Way
W13791380,2026-09-16 00:00:00,13 DAYS,2026-09-29,33 Ben Machree Drive
W13780402,2026-09-16 00:00:00,5 DAYS,2026-09-21,1281 Queen Street W
C13780380,2026-09-16 00:00:00,5 DAYS,2026-09-21,135 East Liberty Street
C13778414,2026-09-16 00:00:00,5 DAYS,2026-09-21,1024 Queen Street W
C13778416,2026-09-16 00:00:00,5 DAYS,2026-09-21,1024 Queen Street W
C13780398,2026-09-16 00:00:00,5 DAYS,2026-09-21,301 - 255 Duncan Mill Road
C13780350,2026-09-16 00:00:00,5 DAYS,2026-09-21,995 Bloor Street W
W13778304,2026-09-16 00:00:00,5 DAYS,2026-09-21,675B Petrolia Road
W13782324,2026-09-16 00:00:00,5 DAYS,2026-09-21,5025 Steeles Avenue W
W13779204,2026-09-16 00:00:00,5 DAYS,2026-09-21,90 Fenmar Drive
40863079,2026-09-16 00:00:00,7 DAYS,2026-09-23,1309 Gatehouse Drive
W13784350,2026-09-16 00:00:00,7 DAYS,2026-09-23,1309 Gatehouse Drive
W13784840,2026-09-16 00:00:00,7 DAYS,2026-09-23,206 - 2351 Royal Windsor Drive
E13780182,2026-09-16 00:00:00,5 DAYS,2026-09-21,1417 Danforth Avenue
E13779966,2026-09-16 00:00:00,5 DAYS,2026-09-21,124 Danforth Avenue
C13780666,2026-09-16 00:00:00,5 DAYS,2026-09-21,2D - 319 Lonsdale Road
W13786634,2026-09-16 00:00:00,7 DAYS,2026-09-23,7 - 2585 Drew Road
W13783260,2026-09-16 00:00:00,7 DAYS,2026-09-23,1542 Hollywell Avenue
W13784360,2026-09-16 00:00:00,7 DAYS,2026-09-23,33 - 5230 Glen Erin Drive
W13782948,2026-09-16 00:00:00,7 DAYS,2026-09-23,7178 Lancaster Avenue
W13786628,2026-09-16 00:00:00,7 DAYS,2026-09-23,2612 Cushing Road
40860676,2026-09-16 00:00:00,7 DAYS,2026-09-23,2612 Cushing Road
W13787048,2026-09-16 00:00:00,7 DAYS,2026-09-23,6921 Avila Road
W13787788,2026-09-16 00:00:00,7 DAYS,2026-09-23,B - 2292 Dundas Street W
C13778202,2026-09-16 00:00:00,5 DAYS,2026-09-21,461 Parliament Street
W13789534,2026-09-16 00:00:00,13 DAYS,2026-09-29,2005 - 3985 Grand Park Drive
W13789718,2026-09-16 00:00:00,13 DAYS,2026-09-29,223 - 28 Ann Street
W13722912,2026-09-16 00:00:00,7 DAYS,2026-09-23,3701 Keenan Crescent
W13789992,2026-09-16 00:00:00,13 DAYS,2026-09-29,110 - 1400 Dixie Road
C13779976,2026-09-16 00:00:00,5 DAYS,2026-09-21,322 Adelaide Street W
40847987,2026-09-16 00:00:00,13 DAYS,2026-09-29,36 Mississauga Road N
W13790872,2026-09-16 00:00:00,13 DAYS,2026-09-29,1701 - 310 Burnhamthorpe Road W
C13780256,2026-09-16 00:00:00,5 DAYS,2026-09-21,348 Queen Street W
C13782020,2026-09-16 00:00:00,5 DAYS,2026-09-21,303 - 1033 Bay Street
W13790570,2026-09-16 00:00:00,13 DAYS,2026-09-29,132 Dunbar Road
C13781924,2026-09-16 00:00:00,5 DAYS,2026-09-21,219 - 1033 Bay Street
C13779880,2026-09-16 00:00:00,5 DAYS,2026-09-21,100 - 66 Gerrard Street E
W13715864,2026-09-16 00:00:00,7 DAYS,2026-09-23,269 - 3060 Constitution Boulevard
W13791300,2026-09-16 00:00:00,13 DAYS,2026-09-29,708 - 3100 Kirwin Avenue
W13789844,2026-09-16 00:00:00,13 DAYS,2026-09-29,36 Mississauga Road N
W13792140,2026-09-17 00:00:00,6 DAYS,2026-09-23,829 Stargazer Drive
W13793378,2026-09-17 00:00:00,11 DAYS,2026-09-28,1 - 1444 Dupont Street
W13790512,2026-09-17 00:00:00,6 DAYS,2026-09-23,317 - 2255 Dundas Street W
W13790188,2026-09-17 00:00:00,6 DAYS,2026-09-23,317 Queen Street S
W13792270,2026-09-17 00:00:00,6 DAYS,2026-09-23,31 - 5260 Mcfarren Boulevard
W13792694,2026-09-17 00:00:00,6 DAYS,2026-09-23,38 - 5031 East Mill Road
W13792514,2026-09-17 00:00:00,6 DAYS,2026-09-23,3435 Nighthawk Trail
W13793216,2026-09-17 00:00:00,11 DAYS,2026-09-28,95 Cinrickbar Drive
W13792606,2026-09-17 00:00:00,11 DAYS,2026-09-28,71 Sultan Pool Drive
W13792300,2026-09-17 00:00:00,11 DAYS,2026-09-28,100 Wallasey Avenue
W13791892,2026-09-17 00:00:00,11 DAYS,2026-09-28,910 - 40 Panorama Court
W13791064,2026-09-17 00:00:00,11 DAYS,2026-09-28,34 Walwyn Avenue
W13790970,2026-09-17 00:00:00,11 DAYS,2026-09-28,8 Hackmore Avenue
W13790940,2026-09-17 00:00:00,11 DAYS,2026-09-28,467 Keele Street
W13789912,2026-09-17 00:00:00,11 DAYS,2026-09-28,9 Windwood Drive
W13789320,2026-09-17 00:00:00,11 DAYS,2026-09-28,5 Rowntree Road
C13783850,2026-09-17 00:00:00,4 DAYS,2026-09-21,1508 - 38 Grenville Street
W13792560,2026-09-17 00:00:00,6 DAYS,2026-09-23,5090 Mississauga Road
40863354,2026-09-17 00:00:00,12 DAYS,2026-09-29,1340 Contour Drive
C13791900,2026-09-17 00:00:00,11 DAYS,2026-09-28,6A Yonge Street
C13790444,2026-09-17 00:00:00,11 DAYS,2026-09-28,#411 - 33 Harbour Square
C13789514,2026-09-17 00:00:00,11 DAYS,2026-09-28,1806 - 33 Harbour Square
W13791394,2026-09-17 00:00:00,11 DAYS,2026-09-28,20 - 26 Ernest Avenue
W13792398,2026-09-17 00:00:00,11 DAYS,2026-09-28,302 - 812 Lansdowne Avenue
C13788538,2026-09-17 00:00:00,4 DAYS,2026-09-21,482 Bloor Street W
W13793190,2026-09-17 00:00:00,6 DAYS,2026-09-23,3603 Kelso Crescent
W13792650,2026-09-17 00:00:00,6 DAYS,2026-09-23,3533 Jorie Crescent
W13792684,2026-09-17 00:00:00,6 DAYS,2026-09-23,4089 Barbican Drive
W13792682,2026-09-17 00:00:00,6 DAYS,2026-09-23,4555 Carpenter Court
C13794634,2026-09-17 00:00:00,11 DAYS,2026-09-28,1207 - 33 Harbour Square
W13796080,2026-09-17 00:00:00,12 DAYS,2026-09-29,1107 Upper Village Drive
W13796334,2026-09-17 00:00:00,12 DAYS,2026-09-29,39 - 1633 Northmount Avenue
W13796964,2026-09-17 00:00:00,12 DAYS,2026-09-29,3412 - 3883 Quartz Road
C13790482,2026-09-17 00:00:00,11 DAYS,2026-09-28,111 Welland Avenue
W13788726,2026-09-17 00:00:00,6 DAYS,2026-09-23,3257 Monica Drive
W13797338,2026-09-17 00:00:00,12 DAYS,2026-09-29,1507 - 50 Elm Drive E
C13788074,2026-09-17 00:00:00,4 DAYS,2026-09-21,264 Dupont Street
C13784728,2026-09-17 00:00:00,4 DAYS,2026-09-21,298 Markham Street
C13793980,2026-09-17 00:00:00,11 DAYS,2026-09-28,1405 - 95 Lombard Street
C13793722,2026-09-17 00:00:00,11 DAYS,2026-09-28,Th10 - 5 Defries Street
C13793600,2026-09-17 00:00:00,11 DAYS,2026-09-28,521 - 5 Defries Street
C13786232,2026-09-17 00:00:00,4 DAYS,2026-09-21,D - 267 College Street
E13794802,2026-09-17 00:00:00,11 DAYS,2026-09-28,130 Kingston Road
C13793416,2026-09-17 00:00:00,11 DAYS,2026-09-28,2304 - 10 Oak Street
W13719028,2026-09-17 00:00:00,6 DAYS,2026-09-23,939 Melton Drive
C13793468,2026-09-17 00:00:00,11 DAYS,2026-09-28,820 - 5 Defries Street
C13793366,2026-09-17 00:00:00,11 DAYS,2026-09-28,2305 - 5 Defries Street
C13789994,2026-09-17 00:00:00,11 DAYS,2026-09-28,83 Lawrence Avenue E
W13789742,2026-09-17 00:00:00,11 DAYS,2026-09-28,417 - 996 Martin Grove Road
W13789756,2026-09-17 00:00:00,11 DAYS,2026-09-28,#418 - 996 Martin Grove Road
W13789842,2026-09-17 00:00:00,11 DAYS,2026-09-28,417 & 418 - 996 Martin Grove Road
C13790124,2026-09-17 00:00:00,11 DAYS,2026-09-28,2501 - 89 Church Street
W13791836,2026-09-17 00:00:00,11 DAYS,2026-09-28,005 - 1 Hickory Tree Road
W13792134,2026-09-17 00:00:00,11 DAYS,2026-09-28,257 John Street
W13796064,2026-09-17 00:00:00,12 DAYS,2026-09-29,3390 Frobex Court
W13793900,2026-09-17 00:00:00,11 DAYS,2026-09-28,119 - 256 John Garland Boulevard
C13783710,2026-09-17 00:00:00,4 DAYS,2026-09-21,1762-1764 Avenue Road
C13785004,2026-09-17 00:00:00,4 DAYS,2026-09-21,2405 - 33 University Street
W13793816,2026-09-17 00:00:00,11 DAYS,2026-09-28,504 - 1461 Lawrence Avenue W
C13792710,2026-09-17 00:00:00,11 DAYS,2026-09-28,602 - 35 Saranac Boulevard
W13792220,2026-09-17 00:00:00,11 DAYS,2026-09-28,182 Gracefield Avenue
W13795550,2026-09-17 00:00:00,12 DAYS,2026-09-29,3211 Dovetail Mews
W13796374,2026-09-17 00:00:00,12 DAYS,2026-09-29,3154 Coldstream Road
W13793354,2026-09-17 00:00:00,11 DAYS,2026-09-28,5118 Dundas Street W
W13793056,2026-09-17 00:00:00,11 DAYS,2026-09-28,26 Rexton Road
W13792508,2026-09-17 00:00:00,11 DAYS,2026-09-28,7 Treeline Court
C13792136,2026-09-17 00:00:00,11 DAYS,2026-09-28,147 Viewmount Avenue
40859879,2026-09-17 00:00:00,12 DAYS,2026-09-29,1107 Upper Village Drive
W13795684,2026-09-17 00:00:00,12 DAYS,2026-09-29,1105 - 365 Prince Of Wales Drive
W13792284,2026-09-17 00:00:00,11 DAYS,2026-09-28,440 - 26 Gibbs Road
W13789566,2026-09-17 00:00:00,11 DAYS,2026-09-28,21 Neiltree Court
W13789404,2026-09-17 00:00:00,11 DAYS,2026-09-28,36 Mattice Road
W13796022,2026-09-17 00:00:00,12 DAYS,2026-09-29,927 - 3888 Duke Of York Boulevard
C13786156,2026-09-17 00:00:00,4 DAYS,2026-09-21,805-806 - 4789 Yonge Street
W13795974,2026-09-17 00:00:00,12 DAYS,2026-09-29,1340 Contour Drive
W13793254,2026-09-17 00:00:00,11 DAYS,2026-09-28,834 - 5 Mabelle Avenue
W13794602,2026-09-17 00:00:00,11 DAYS,2026-09-28,134 Clearbrooke Circle
W13792876,2026-09-17 00:00:00,12 DAYS,2026-09-29,174 Angelene Street
W13792784,2026-09-17 00:00:00,12 DAYS,2026-09-29,1962 Calgary Court
W13793960,2026-09-17 00:00:00,12 DAYS,2026-09-29,2733 Los Palmas Court
W13793966,2026-09-17 00:00:00,12 DAYS,2026-09-29,5772 Whitehorn Avenue
W13794490,2026-09-17 00:00:00,12 DAYS,2026-09-29,3906 Zenith Court
W13795828,2026-09-17 00:00:00,12 DAYS,2026-09-29,5950 Chidham Crescent
C13789776,2026-09-17 00:00:00,11 DAYS,2026-09-28,1972B Victoria Park Avenue
W13794260,2026-09-17 00:00:00,12 DAYS,2026-09-29,5112 Heritage Hills Boulevard
C13785170,2026-09-17 00:00:00,4 DAYS,2026-09-21,1154 Queen Street W
W13794542,2026-09-17 00:00:00,12 DAYS,2026-09-29,174 Queen Street W
W13794654,2026-09-17 00:00:00,12 DAYS,2026-09-29,Gph25 - 3888 Duke Of York Boulevard
C13787168,2026-09-17 00:00:00,4 DAYS,2026-09-21,617 Vaughn Road
W13794942,2026-09-17 00:00:00,12 DAYS,2026-09-29,507 - 220 Missinnihe Way
W13793498,2026-09-17 00:00:00,12 DAYS,2026-09-29,1682 Medallion Court
W13796388,2026-09-17 00:00:00,12 DAYS,2026-09-29,2009 - 700 Constellation Drive
W13794854,2026-09-17 00:00:00,12 DAYS,2026-09-29,3259 Carabella Way
W13795636,2026-09-17 00:00:00,12 DAYS,2026-09-29,2231 Buttonbush Crescent
W13793532,2026-09-17 00:00:00,12 DAYS,2026-09-29,2497 Sharon Crescent
W13793730,2026-09-17 00:00:00,12 DAYS,2026-09-29,1664 Howat Crescent
W13794122,2026-09-17 00:00:00,12 DAYS,2026-09-29,1068A Shaw Drive
C13783436,2026-09-17 00:00:00,4 DAYS,2026-09-21,846 College Street
C13794196,2026-09-17 00:00:00,11 DAYS,2026-09-28,1001 - 181 Wynford Drive
C13793808,2026-09-17 00:00:00,11 DAYS,2026-09-28,215 - 65 Curlew Drive
C13793712,2026-09-17 00:00:00,11 DAYS,2026-09-28,13 David Dunlap Circle
C13793236,2026-09-17 00:00:00,11 DAYS,2026-09-28,9 Bethesda Court
C13792764,2026-09-17 00:00:00,11 DAYS,2026-09-28,17 Alderbrook Drive
C13792304,2026-09-17 00:00:00,11 DAYS,2026-09-28,Uph211 - 797 Don Mills Road
C13792286,2026-09-17 00:00:00,11 DAYS,2026-09-28,56 - 28 Curlew Drive
W13795466,2026-09-17 00:00:00,12 DAYS,2026-09-29,312 - 5035 Harvard Road
C13791470,2026-09-17 00:00:00,11 DAYS,2026-09-28,42 Apollo Drive
C13791000,2026-09-17 00:00:00,11 DAYS,2026-09-28,11 Paris Court
W13796486,2026-09-17 00:00:00,12 DAYS,2026-09-29,613 - 1055 Southdown Road
W13794970,2026-09-17 00:00:00,12 DAYS,2026-09-29,123 - 1145 Journeyman Lane
W13793462,2026-09-17 00:00:00,12 DAYS,2026-09-29,18 - 1060 Walden Circle
W13793088,2026-09-17 00:00:00,12 DAYS,2026-09-29,1 - 1160 Walden Circle
W13790020,2026-09-17 00:00:00,11 DAYS,2026-09-28,1411 - 10 Martha Eaton Way
W13792192,2026-09-17 00:00:00,11 DAYS,2026-09-28,429 Gilbert Avenue
W13793266,2026-09-17 00:00:00,11 DAYS,2026-09-28,6B Trowell Avenue
W13794644,2026-09-17 00:00:00,11 DAYS,2026-09-28,25 & 29 Milford Avenue
W13795718,2026-09-17 00:00:00,12 DAYS,2026-09-29,3 - 4855 Half Moon Grove
W13795664,2026-09-17 00:00:00,12 DAYS,2026-09-29,5 - 3488 Widdicombe Way
C13791008,2026-09-17 00:00:00,11 DAYS,2026-09-28,1116 - 20 Edgecliff Golfway
C13793228,2026-09-17 00:00:00,11 DAYS,2026-09-28,2910 - 5 Defries Street
40863952,2026-09-17 00:00:00,12 DAYS,2026-09-29,1682 Medallion Court
W13791984,2026-09-17 00:00:00,11 DAYS,2026-09-28,9 Ingleside Drive
C13783802,2026-09-17 00:00:00,4 DAYS,2026-09-21,215 - 18 Wynford Drive
W13792232,2026-09-17 00:00:00,11 DAYS,2026-09-28,45 Fernalroy Boulevard
W13795214,2026-09-17 00:00:00,12 DAYS,2026-09-29,903 - 25 Agnes Street
W13795358,2026-09-17 00:00:00,12 DAYS,2026-09-29,1307 - 204 Burnhamthorpe Road E
W13790498,2026-09-17 00:00:00,11 DAYS,2026-09-28,80 Fifth Street
W13791282,2026-09-17 00:00:00,11 DAYS,2026-09-28,12 Brentwood Road S
W13789932,2026-09-17 00:00:00,11 DAYS,2026-09-28,42 Woolgar Avenue
W13791238,2026-09-17 00:00:00,11 DAYS,2026-09-28,213 - 1195 The Queensway
W13791796,2026-09-17 00:00:00,11 DAYS,2026-09-28,26 Sixteenth Street
W13792356,2026-09-17 00:00:00,11 DAYS,2026-09-28,4301 - 2220 Lakeshore Boulevard W
W13793272,2026-09-17 00:00:00,11 DAYS,2026-09-28,2685 Lake Shore Boulevard W
W13789988,2026-09-17 00:00:00,11 DAYS,2026-09-28,207 - 1050 The Queensway
W13794848,2026-09-17 00:00:00,11 DAYS,2026-09-28,3 Minstrel Drive
C13794098,2026-09-17 00:00:00,11 DAYS,2026-09-28,59 Burncrest Drive
C13793344,2026-09-17 00:00:00,11 DAYS,2026-09-28,547 Melrose Avenue
W13794588,2026-09-17 00:00:00,11 DAYS,2026-09-28,1207 - 70 Annie Craig Drive
W13791372,2026-09-17 00:00:00,11 DAYS,2026-09-28,1306 - 59 Annie Craig Drive
W13793312,2026-09-17 00:00:00,11 DAYS,2026-09-28,305 - 88 Park Lawn Road
W13789786,2026-09-17 00:00:00,11 DAYS,2026-09-28,99 Dunedin Drive
C13792812,2026-09-17 00:00:00,11 DAYS,2026-09-28,370 Glengrove Avenue W
C13792464,2026-09-17 00:00:00,11 DAYS,2026-09-28,75 Bannockburn Avenue
C13792340,2026-09-17 00:00:00,11 DAYS,2026-09-28,15 Alexandra Wood
C13790384,2026-09-17 00:00:00,11 DAYS,2026-09-28,230 Hillhurst Boulevard
C13789838,2026-09-17 00:00:00,11 DAYS,2026-09-28,247 Melrose Avenue
C13794376,2026-09-17 00:00:00,11 DAYS,2026-09-28,287 Yonge Boulevard
C13794560,2026-09-17 00:00:00,11 DAYS,2026-09-28,111 Gorman Park Road
W13797404,2026-09-17 00:00:00,12 DAYS,2026-09-29,3823 Tacc Drive
C13794092,2026-09-17 00:00:00,11 DAYS,2026-09-28,1006 - 3300 Don Mills Road
W13791620,2026-09-17 00:00:00,11 DAYS,2026-09-28,4 Fennimore Crescent
W13791570,2026-09-17 00:00:00,11 DAYS,2026-09-28,78 Clayhall Crescent
40863912,2026-09-17 00:00:00,11 DAYS,2026-09-28,4 Dunreo Drive
W13790016,2026-09-17 00:00:00,11 DAYS,2026-09-28,4 Dunreo Drive
W13789910,2026-09-17 00:00:00,11 DAYS,2026-09-28,124 Honeywood Road
W13789370,2026-09-17 00:00:00,11 DAYS,2026-09-28,61 Bloomington Crescent
W13793176,2026-09-17 00:00:00,12 DAYS,2026-09-29,1709 - 145 Hillcrest Avenue
W13784324,2026-09-17 00:00:00,4 DAYS,2026-09-21,463-471 Rogers Road
W13784662,2026-09-17 00:00:00,4 DAYS,2026-09-21,322 - 1100 Lansdowne Avenue
W13788314,2026-09-17 00:00:00,4 DAYS,2026-09-21,6 - 5235 Steeles Avenue W
W13784730,2026-09-17 00:00:00,4 DAYS,2026-09-21,410 - 1275 Finch Avenue W
W13794498,2026-09-17 00:00:00,12 DAYS,2026-09-29,55 - 30 Lunar Crescent
W13790358,2026-09-17 00:00:00,11 DAYS,2026-09-28,60 - 750 Oakdale Road
W13790304,2026-09-17 00:00:00,11 DAYS,2026-09-28,60 - 750 Oakdale Road
W13788322,2026-09-17 00:00:00,4 DAYS,2026-09-21,1 - 5235 Steeles Avenue W
W13791964,2026-09-17 00:00:00,11 DAYS,2026-09-28,40 Butterick Road
W13750122,2026-09-17 00:00:00,6 DAYS,2026-09-23,3412 Monica Drive
E13787882,2026-09-17 00:00:00,4 DAYS,2026-09-21,B3 - 23 Milliken Boulevard
40863935,2026-09-17 00:00:00,12 DAYS,2026-09-29,2155 Stir Crescent
40863646,2026-09-17 00:00:00,12 DAYS,2026-09-29,25 Agnes Street Unit# 903
W13749650,2026-09-17 00:00:00,6 DAYS,2026-09-23,208 - 3145 Queen Frederica Drive
W13795518,2026-09-17 00:00:00,12 DAYS,2026-09-29,2263 Harcourt Crescent
W13789030,2026-09-17 00:00:00,11 DAYS,2026-09-28,1022 - 165 Legion Road N
W13793926,2026-09-17 00:00:00,11 DAYS,2026-09-28,59 Beverly Hills Drive
C13793394,2026-09-17 00:00:00,11 DAYS,2026-09-28,3010 - 2015 Sheppard Avenue E
W13783976,2026-09-17 00:00:00,4 DAYS,2026-09-21,512 - 138 St Helens Avenue
C13791954,2026-09-17 00:00:00,11 DAYS,2026-09-28,21 Grove Park Crescent
E13792550,2026-09-17 00:00:00,11 DAYS,2026-09-28,95 Whistling Hills Drive
E13793682,2026-09-17 00:00:00,11 DAYS,2026-09-28,#4 - 29 Frances Loring Lane
E13791608,2026-09-17 00:00:00,11 DAYS,2026-09-28,107 Purvis Crescent
E13793872,2026-09-17 00:00:00,11 DAYS,2026-09-28,408 - 286 Main Street
E13793858,2026-09-17 00:00:00,11 DAYS,2026-09-28,1811 - 286 Main Street
C13789942,2026-09-17 00:00:00,11 DAYS,2026-09-28,176 Elmwood Avenue
C13790136,2026-09-17 00:00:00,11 DAYS,2026-09-28,1503 - 80 Antibes Drive
C13791646,2026-09-17 00:00:00,11 DAYS,2026-09-28,15 Aldershot Crescent
C13791894,2026-09-17 00:00:00,11 DAYS,2026-09-28,501 - 96 Fifeshire Road
E13789082,2026-09-17 00:00:00,11 DAYS,2026-09-28,45 Frank Rivers Drive
E13793844,2026-09-17 00:00:00,11 DAYS,2026-09-28,411 - 286 Main Street
E13789310,2026-09-17 00:00:00,11 DAYS,2026-09-28,59 Kilchurn Castle Drive
E13789704,2026-09-17 00:00:00,11 DAYS,2026-09-28,40 - 200 Mclevin Avenue
E13790784,2026-09-17 00:00:00,11 DAYS,2026-09-28,87 - 99 Brimwood Boulevard
E13789906,2026-09-17 00:00:00,11 DAYS,2026-09-28,349 Decimal Place
E13790208,2026-09-17 00:00:00,11 DAYS,2026-09-28,51 Lorna Rae Boulevard
E13790602,2026-09-17 00:00:00,11 DAYS,2026-09-28,308 - 88 Grangeway Avenue
E13790812,2026-09-17 00:00:00,11 DAYS,2026-09-28,2015 - 275 Village Green Square
E13791196,2026-09-17 00:00:00,11 DAYS,2026-09-28,104 Howe Avenue
E13791220,2026-09-17 00:00:00,11 DAYS,2026-09-28,16 Langevin Crescent
E13791068,2026-09-17 00:00:00,11 DAYS,2026-09-28,517 - 5800 Sheppard Avenue E
C13791176,2026-09-17 00:00:00,11 DAYS,2026-09-28,418 - 92 King Street E
E13789644,2026-09-17 00:00:00,11 DAYS,2026-09-28,1911 - 45 Silver Springs Boulevard
E13791240,2026-09-17 00:00:00,11 DAYS,2026-09-28,48 Kecala Road
E13792548,2026-09-17 00:00:00,11 DAYS,2026-09-28,12 Euclid Avenue
E13793766,2026-09-17 00:00:00,11 DAYS,2026-09-28,12 - 25 Priya Lane
E13791120,2026-09-17 00:00:00,11 DAYS,2026-09-28,7 - 2366 Queen Street E
W13787274,2026-09-17 00:00:00,4 DAYS,2026-09-21,3049-51 Lake Shore Boulevard W
C13791774,2026-09-17 00:00:00,11 DAYS,2026-09-28,10 Field Avenue
E13791780,2026-09-17 00:00:00,11 DAYS,2026-09-28,77 Glen Davis Crescent
W13792872,2026-09-17 00:00:00,11 DAYS,2026-09-28,71 Kersdale Avenue
C13790060,2026-09-17 00:00:00,11 DAYS,2026-09-28,11 Mead Court
E13791742,2026-09-17 00:00:00,11 DAYS,2026-09-28,104 - 2320 Gerrard Street E
C13792354,2026-09-17 00:00:00,11 DAYS,2026-09-28,497 Sackville Street
E13792372,2026-09-17 00:00:00,11 DAYS,2026-09-28,20 Brookmount Road
E13792642,2026-09-17 00:00:00,11 DAYS,2026-09-28,5 1/2 Luttrell Avenue
E13793642,2026-09-17 00:00:00,11 DAYS,2026-09-28,Th 19 - 70 Orchid Place Drive
E13792990,2026-09-17 00:00:00,11 DAYS,2026-09-28,607 - 25 Baseball Place
W13795854,2026-09-17 00:00:00,12 DAYS,2026-09-29,6650 Hurontario Street
W13796346,2026-09-17 00:00:00,12 DAYS,2026-09-29,1591 Woodhenge Way
W13798134,2026-09-17 00:00:00,12 DAYS,2026-09-29,354 Panhellenic Drive
E13793158,2026-09-17 00:00:00,11 DAYS,2026-09-28,617 - 1050 Eastern Avenue
E13793304,2026-09-17 00:00:00,11 DAYS,2026-09-28,1755 Danforth Avenue
E13793558,2026-09-17 00:00:00,11 DAYS,2026-09-28,101 - 325 Kingston Road
C13790710,2026-09-17 00:00:00,11 DAYS,2026-09-28,1223 - 32 Trolley Crescent
C13790776,2026-09-17 00:00:00,11 DAYS,2026-09-28,2007 - 20 Richardson Street
E13794094,2026-09-17 00:00:00,11 DAYS,2026-09-28,43 Graybark Crescent
C13792572,2026-09-17 00:00:00,11 DAYS,2026-09-28,501 - 128 Fairview Mall Drive
E13793030,2026-09-17 00:00:00,11 DAYS,2026-09-28,2 - 169 Jones Avenue
E13791166,2026-09-17 00:00:00,11 DAYS,2026-09-28,20 Basildon Crescent
E13791400,2026-09-17 00:00:00,11 DAYS,2026-09-28,45 Chipper Crescent
E13791472,2026-09-17 00:00:00,11 DAYS,2026-09-28,28 Thomas Avenue
C13793934,2026-09-17 00:00:00,11 DAYS,2026-09-28,6 Manorcrest Drive
C13794204,2026-09-17 00:00:00,11 DAYS,2026-09-28,2805 - 18 Spring Garden Avenue
C13794274,2026-09-17 00:00:00,11 DAYS,2026-09-28,36 Medalist Road
E13794236,2026-09-17 00:00:00,11 DAYS,2026-09-28,4 - 35 Birchcliff Avenue
C13794572,2026-09-17 00:00:00,11 DAYS,2026-09-28,203 - 80 Antibes Drive
C13794622,2026-09-17 00:00:00,11 DAYS,2026-09-28,105 Arjay Crescent
E13793330,2026-09-17 00:00:00,11 DAYS,2026-09-28,256 Blantyre Avenue
W13720456,2026-09-17 00:00:00,6 DAYS,2026-09-23,20 - 45 Bristol Road E
W13718822,2026-09-17 00:00:00,6 DAYS,2026-09-23,51 - 5020 Delaware Drive
E13791404,2026-09-17 00:00:00,11 DAYS,2026-09-28,82 August Avenue
C13793612,2026-09-17 00:00:00,11 DAYS,2026-09-28,10 Alonzo Road
E13791482,2026-09-17 00:00:00,11 DAYS,2026-09-28,1 Pinegrove Avenue
W13790968,2026-09-17 00:00:00,11 DAYS,2026-09-28,19 Oldham Road
W13793210,2026-09-17 00:00:00,11 DAYS,2026-09-28,139 Redgrave Drive
W13794140,2026-09-17 00:00:00,11 DAYS,2026-09-28,15 Hartfield Court
W13794502,2026-09-17 00:00:00,11 DAYS,2026-09-28,2 Finchley Road
E13790288,2026-09-17 00:00:00,11 DAYS,2026-09-28,39 Red Deer Avenue
E13789804,2026-09-17 00:00:00,11 DAYS,2026-09-28,26 Glen Everest Road
C13792964,2026-09-17 00:00:00,11 DAYS,2026-09-28,1404 - 39 Sherbourne Street
E13789518,2026-09-17 00:00:00,11 DAYS,2026-09-28,211 - 1161 Kingston Road
E13788854,2026-09-17 00:00:00,11 DAYS,2026-09-28,713 - 22 East Haven Drive
C13792352,2026-09-17 00:00:00,11 DAYS,2026-09-28,1008 - 425 Front Street E
E13791130,2026-09-17 00:00:00,11 DAYS,2026-09-28,36 Mcdonald Avenue
C13793526,2026-09-17 00:00:00,11 DAYS,2026-09-28,508 - 256 Doris Avenue
C13793490,2026-09-17 00:00:00,11 DAYS,2026-09-28,90 Arjay Crescent
C13793224,2026-09-17 00:00:00,11 DAYS,2026-09-28,3161 Bayview Avenue
E13791530,2026-09-17 00:00:00,11 DAYS,2026-09-28,2304 - 50 Town Centre Court
E13791318,2026-09-17 00:00:00,11 DAYS,2026-09-28,1212 - 1470 Midland Avenue
E13791772,2026-09-17 00:00:00,11 DAYS,2026-09-28,450 Midland Avenue
E13792368,2026-09-17 00:00:00,11 DAYS,2026-09-28,8 Ayers Crescent
E13792502,2026-09-17 00:00:00,11 DAYS,2026-09-28,2517 - 275 Village Green Square
E13792670,2026-09-17 00:00:00,11 DAYS,2026-09-28,106 - 3220 Sheppard Avenue E
E13792594,2026-09-17 00:00:00,11 DAYS,2026-09-28,1102 - 3220 Sheppard Avenue E
C13791174,2026-09-17 00:00:00,11 DAYS,2026-09-28,1409 - 1 Scott Street
E13792702,2026-09-17 00:00:00,11 DAYS,2026-09-28,28 Singleton Road
E13792676,2026-09-17 00:00:00,11 DAYS,2026-09-28,50 Chillery Avenue
E13792646,2026-09-17 00:00:00,11 DAYS,2026-09-28,1901 - 15 Torrance Road
E13793234,2026-09-17 00:00:00,11 DAYS,2026-09-28,306 - 61 Town Centre Court
E13793624,2026-09-17 00:00:00,11 DAYS,2026-09-28,23-91 Muir Drive
E13794316,2026-09-17 00:00:00,11 DAYS,2026-09-28,147 Earlton Road
E13794360,2026-09-17 00:00:00,11 DAYS,2026-09-28,1346 Kennedy Road
C13792080,2026-09-17 00:00:00,11 DAYS,2026-09-28,402 - 261 King Street E
C13792754,2026-09-17 00:00:00,11 DAYS,2026-09-28,162 Goulding Avenue
W13720560,2026-09-17 00:00:00,6 DAYS,2026-09-23,Ph1 - 200 Robert Speck Parkway
W13718384,2026-09-17 00:00:00,6 DAYS,2026-09-23,4804 - 60 Absolute Avenue
C13792890,2026-09-17 00:00:00,11 DAYS,2026-09-28,305 - 260 Doris Avenue
C13792826,2026-09-17 00:00:00,11 DAYS,2026-09-28,171 Old Yonge Street
C13793032,2026-09-17 00:00:00,11 DAYS,2026-09-28,58 Franklin Avenue
C13793050,2026-09-17 00:00:00,11 DAYS,2026-09-28,250 - 621 Sheppard Avenue E
C13792392,2026-09-17 00:00:00,11 DAYS,2026-09-28,912 - 225 Sumach Street
C13790770,2026-09-17 00:00:00,11 DAYS,2026-09-28,Ph112 - 219 Dundas Street E
C13791150,2026-09-17 00:00:00,11 DAYS,2026-09-28,21 Rose Avenue
C13783316,2026-09-17 00:00:00,4 DAYS,2026-09-21,Main/Basement - 46 Kensington Avenue
40863895,2026-09-17 00:00:00,6 DAYS,2026-09-23,777 Inverhouse Drive
E13790876,2026-09-17 00:00:00,11 DAYS,2026-09-28,108 - 326 Carlaw Avenue
C13791602,2026-09-17 00:00:00,11 DAYS,2026-09-28,16 - 780 Sheppard Avenue E
C13790730,2026-09-17 00:00:00,11 DAYS,2026-09-28,52 Angus Drive
C13791338,2026-09-17 00:00:00,11 DAYS,2026-09-28,9 Georgian Court
C13791982,2026-09-17 00:00:00,11 DAYS,2026-09-28,1111 - 117 Broadway Avenue
C13792506,2026-09-17 00:00:00,11 DAYS,2026-09-28,161 Banff Road
C13794170,2026-09-17 00:00:00,11 DAYS,2026-09-28,617 - 3018 Yonge Street
C13789254,2026-09-17 00:00:00,11 DAYS,2026-09-28,2 - 25 Dervock Crescent
C13789290,2026-09-17 00:00:00,11 DAYS,2026-09-28,92 Arjay Crescent
C13789330,2026-09-17 00:00:00,11 DAYS,2026-09-28,17 Heathcote Avenue
C13789886,2026-09-17 00:00:00,11 DAYS,2026-09-28,85 Song Meadoway
W13717468,2026-09-17 00:00:00,6 DAYS,2026-09-23,88 Palomino Drive
C13789810,2026-09-17 00:00:00,11 DAYS,2026-09-28,713 - 89 Skymark Drive
W13791126,2026-09-17 00:00:00,11 DAYS,2026-09-28,235 Belfield Road
C13789236,2026-09-17 00:00:00,11 DAYS,2026-09-28,10 Turret Hillway Way
W13720132,2026-09-17 00:00:00,6 DAYS,2026-09-23,4074 River Mill Way
W13793152,2026-09-17 00:00:00,11 DAYS,2026-09-28,2340 Bloor Street W
W13793114,2026-09-17 00:00:00,11 DAYS,2026-09-28,2340 Bloor Street W
C13789332,2026-09-17 00:00:00,11 DAYS,2026-09-28,208 - 12 Bonnycastle Street E
W13792920,2026-09-17 00:00:00,6 DAYS,2026-09-23,777 Inverhouse Drive
W13793308,2026-09-17 00:00:00,6 DAYS,2026-09-23,2403 Delkus Crescent
W13792842,2026-09-17 00:00:00,6 DAYS,2026-09-23,Fmo1B - 100 City Centre Drive
W13725474,2026-09-17 00:00:00,6 DAYS,2026-09-23,810 - 3555 Derry Road E
C13792476,2026-09-17 00:00:00,11 DAYS,2026-09-28,Ph5 - 65 Scadding Avenue
W13793796,2026-09-17 00:00:00,11 DAYS,2026-09-28,41 Roncesvalles Avenue
E13789222,2026-09-17 00:00:00,11 DAYS,2026-09-28,65 Darlingside Drive
E13789242,2026-09-17 00:00:00,11 DAYS,2026-09-28,2212 Kennedy Road
E13789856,2026-09-17 00:00:00,11 DAYS,2026-09-28,1 Baronial Court
W13791916,2026-09-17 00:00:00,11 DAYS,2026-09-28,901 - 1 Old Mill Drive
C13789462,2026-09-17 00:00:00,11 DAYS,2026-09-28,1809 - 32 Forest Manor Road
C13789456,2026-09-17 00:00:00,11 DAYS,2026-09-28,2636 Victoria Park Avenue
C13789488,2026-09-17 00:00:00,11 DAYS,2026-09-28,1560 - 60 Ann O'Reilly Road
C13789680,2026-09-17 00:00:00,11 DAYS,2026-09-28,155 Edmonton Drive
W13718306,2026-09-17 00:00:00,6 DAYS,2026-09-23,7259 Sills Road
W13791272,2026-09-17 00:00:00,11 DAYS,2026-09-28,521 - 20 Southport Street
C13789934,2026-09-17 00:00:00,11 DAYS,2026-09-28,124 Edmonton Drive
C13789752,2026-09-17 00:00:00,11 DAYS,2026-09-28,1108 - 15 Queens Quay E
E13790018,2026-09-17 00:00:00,11 DAYS,2026-09-28,824 - 8 Trent Avenue
C13790300,2026-09-17 00:00:00,11 DAYS,2026-09-28,905 - 60 Tannery Road
E13790292,2026-09-17 00:00:00,11 DAYS,2026-09-28,325 Greenwood Avenue
E13790298,2026-09-17 00:00:00,11 DAYS,2026-09-28,56 Leuty Avenue
C13790544,2026-09-17 00:00:00,11 DAYS,2026-09-28,74 Aberdeen Avenue
E13790552,2026-09-17 00:00:00,11 DAYS,2026-09-28,503 - 899 Queen Street E
E13790500,2026-09-17 00:00:00,11 DAYS,2026-09-28,570 Jones Avenue
E13789592,2026-09-17 00:00:00,11 DAYS,2026-09-28,260 Dewhurst Boulevard N
E13789554,2026-09-17 00:00:00,11 DAYS,2026-09-28,304 - 1842 Queen Street E
E13789544,2026-09-17 00:00:00,11 DAYS,2026-09-28,2112 Dundas Street E
E13789258,2026-09-17 00:00:00,11 DAYS,2026-09-28,187 Simpson Avenue
W13791336,2026-09-17 00:00:00,6 DAYS,2026-09-23,7419 Magistrate Terrace
W13791080,2026-09-17 00:00:00,6 DAYS,2026-09-23,217 Statesman Drive
W13791034,2026-09-17 00:00:00,6 DAYS,2026-09-23,1098 Carding Mill Place
W13788576,2026-09-17 00:00:00,6 DAYS,2026-09-23,15 - 7015 Tranmere Drive
W13788594,2026-09-17 00:00:00,6 DAYS,2026-09-23,15 - 7015 Tranmere Drive
C13789308,2026-09-17 00:00:00,11 DAYS,2026-09-28,315 - 2 Clairtrell Road
E13791266,2026-09-17 00:00:00,11 DAYS,2026-09-28,104 Galbraith Avenue
E13793768,2026-09-17 00:00:00,11 DAYS,2026-09-28,20 Tiago Avenue
C13788970,2026-09-17 00:00:00,11 DAYS,2026-09-28,2003 - 70 Princess Street
C13789102,2026-09-17 00:00:00,11 DAYS,2026-09-28,2406 - 33 Mill Street
C13789498,2026-09-17 00:00:00,11 DAYS,2026-09-28,2702 - 23 Hollywood Avenue
W13717198,2026-09-17 00:00:00,6 DAYS,2026-09-23,804 - 1359 Rathburn Road E
W13719584,2026-09-17 00:00:00,6 DAYS,2026-09-23,4 - 4017 Hickory Drive
W13720374,2026-09-17 00:00:00,6 DAYS,2026-09-23,28 - 750 Burnhamthorpe Road E
W13791716,2026-09-17 00:00:00,11 DAYS,2026-09-28,67 Elmbrook Crescent E
W13750922,2026-09-18 00:00:00,5 DAYS,2026-09-23,106 - 1065 Canadian Place
C13799666,2026-09-18 00:00:00,10 DAYS,2026-09-28,410 - 10 Oak Street
W13797994,2026-09-18 00:00:00,11 DAYS,2026-09-29,1526 Green Glade
W13800326,2026-09-18 00:00:00,11 DAYS,2026-09-29,45 - 2440 Bromsgrove Road
W13802014,2026-09-18 00:00:00,11 DAYS,2026-09-29,3847 Morning Star Drive
W13799446,2026-09-18 00:00:00,11 DAYS,2026-09-29,6 - 2170 Bromsgrove Road
W13800140,2026-09-18 00:00:00,11 DAYS,2026-09-29,1571 Lewisham Drive
W13797390,2026-09-18 00:00:00,10 DAYS,2026-09-28,17 Vaudeville Drive
C13799060,2026-09-18 00:00:00,10 DAYS,2026-09-28,406 - 60 Colborne Street
W13798668,2026-09-18 00:00:00,10 DAYS,2026-09-28,98 Hay Avenue
W13802430,2026-09-18 00:00:00,11 DAYS,2026-09-29,2442 Basswood Crescent
W13802290,2026-09-18 00:00:00,11 DAYS,2026-09-29,5936 Whitehorn Avenue
W13802522,2026-09-18 00:00:00,11 DAYS,2026-09-29,3352 Erin Centre Boulevard
W13799608,2026-09-18 00:00:00,10 DAYS,2026-09-28,300 Lake Promenade
E13799524,2026-09-18 00:00:00,10 DAYS,2026-09-28,8 Savoy Avenue
C13798316,2026-09-18 00:00:00,10 DAYS,2026-09-28,602 - 320 Richmond Street E
C13798292,2026-09-18 00:00:00,10 DAYS,2026-09-28,603 - 736 Dundas Street E
C13797690,2026-09-18 00:00:00,10 DAYS,2026-09-28,913 - 28 Eastern Avenue
W13798028,2026-09-18 00:00:00,10 DAYS,2026-09-28,73 Elma Street
C13797744,2026-09-18 00:00:00,10 DAYS,2026-09-28,1112 - 15 Merchants' Wharf Way
C13797480,2026-09-18 00:00:00,10 DAYS,2026-09-28,405 - 127 Queen Street E
C13797336,2026-09-18 00:00:00,10 DAYS,2026-09-28,2002 - 16 Bonnycastle Street
C13796994,2026-09-18 00:00:00,10 DAYS,2026-09-28,202W - 1 Scott Street
C13795942,2026-09-18 00:00:00,10 DAYS,2026-09-28,2509 - 251 Jarvis Street
C13795840,2026-09-18 00:00:00,10 DAYS,2026-09-28,51 St Paul Street
C13795666,2026-09-18 00:00:00,10 DAYS,2026-09-28,302 - 318 King Street E
C13795616,2026-09-18 00:00:00,10 DAYS,2026-09-28,3004 - 284 King Street E
C13795498,2026-09-18 00:00:00,10 DAYS,2026-09-28,902 - 28 Freeland Street
C13794752,2026-09-18 00:00:00,10 DAYS,2026-09-28,420 - 15 Richardson Street
C13797444,2026-09-18 00:00:00,10 DAYS,2026-09-28,710 - 12 Bonnycastle Street
C13799418,2026-09-18 00:00:00,10 DAYS,2026-09-28,212 - 35 Church Street
W13797870,2026-09-18 00:00:00,10 DAYS,2026-09-28,2580 Lake Shore Boulevard W
W13795918,2026-09-18 00:00:00,10 DAYS,2026-09-28,63 - 636 Evans Avenue
C13799040,2026-09-18 00:00:00,10 DAYS,2026-09-28,601 - 117 Gerrard Street
C13798794,2026-09-18 00:00:00,10 DAYS,2026-09-28,2202 - 284 King Street E
E13791740,2026-09-18 00:00:00,3 DAYS,2026-09-21,3601 Lawrence Avenue E
C13796026,2026-09-18 00:00:00,10 DAYS,2026-09-28,246 Burnett Avenue
C13795618,2026-09-18 00:00:00,10 DAYS,2026-09-28,141 Dollery Court
C13795178,2026-09-18 00:00:00,10 DAYS,2026-09-28,210 - 1 Hycrest Avenue
C13795108,2026-09-18 00:00:00,10 DAYS,2026-09-28,90 Johnston Avenue
C13795020,2026-09-18 00:00:00,10 DAYS,2026-09-28,2405 - 15 Ellerslie Avenue
C13798442,2026-09-18 00:00:00,10 DAYS,2026-09-28,111 Seaton Street
W13797122,2026-09-18 00:00:00,10 DAYS,2026-09-28,229 - 3400 Lake Shore Boulevard W
C13798342,2026-09-18 00:00:00,10 DAYS,2026-09-28,1511 - 225 Sumach Street
E13790122,2026-09-18 00:00:00,3 DAYS,2026-09-21,F-107 - 3260 Midland Avenue
E13791930,2026-09-18 00:00:00,3 DAYS,2026-09-21,4 - 6015 Steels Avenue E
E13790892,2026-09-18 00:00:00,3 DAYS,2026-09-21,1 - 328 Passmore Avenue
W13794294,2026-09-18 00:00:00,10 DAYS,2026-09-28,618 - 1185 The Queensway
W13794984,2026-09-18 00:00:00,10 DAYS,2026-09-28,150 Sheldon Avenue
W13795074,2026-09-18 00:00:00,10 DAYS,2026-09-28,102 Judson Street
E13792400,2026-09-18 00:00:00,3 DAYS,2026-09-21,G3 - 3850 Finch (Code Ninjas Scarborough) Avenue E
C13795198,2026-09-18 00:00:00,10 DAYS,2026-09-28,812 - 65 Scadding Avenue
C13580478,2026-09-18 00:00:00,3 DAYS,2026-09-21,158 Augusta Avenue
C13796672,2026-09-18 00:00:00,10 DAYS,2026-09-28,1531 - 20 Inn On The Park Drive
C13796982,2026-09-18 00:00:00,10 DAYS,2026-09-28,178 Hanna Road
E13798942,2026-09-18 00:00:00,10 DAYS,2026-09-28,41 Blair Street
E13799220,2026-09-18 00:00:00,10 DAYS,2026-09-28,109 Glencrest Boulevard
C13799710,2026-09-18 00:00:00,10 DAYS,2026-09-28,424 - 33 Frederick Todd Way
C13799810,2026-09-18 00:00:00,10 DAYS,2026-09-28,506 - 25 Sunrise Avenue
W13797946,2026-09-18 00:00:00,10 DAYS,2026-09-28,75 Rangoon Road
W13723944,2026-09-18 00:00:00,5 DAYS,2026-09-23,4708 - 50 Absolute Avenue
W13723678,2026-09-18 00:00:00,5 DAYS,2026-09-23,1410 - 90 Absolute Avenue
E13794580,2026-09-18 00:00:00,10 DAYS,2026-09-28,688 Sammon Avenue
E13794840,2026-09-18 00:00:00,10 DAYS,2026-09-28,502 - 3 Massey Square
E13794818,2026-09-18 00:00:00,10 DAYS,2026-09-28,7 Doris Drive
E13794908,2026-09-18 00:00:00,10 DAYS,2026-09-28,6 Athlone Road
W13721924,2026-09-18 00:00:00,5 DAYS,2026-09-23,2006 - 80 Absolute Avenue
C13795128,2026-09-18 00:00:00,10 DAYS,2026-09-28,1722 - 585 Bloor Street E
E13799606,2026-09-18 00:00:00,10 DAYS,2026-09-28,11 Bertmount Avenue
C13794968,2026-09-18 00:00:00,10 DAYS,2026-09-28,61 Sundial Crescent
E13799154,2026-09-18 00:00:00,10 DAYS,2026-09-28,23 Greenwood Avenue
W13727930,2026-09-18 00:00:00,5 DAYS,2026-09-23,120 - 3455 Morning Star Drive
W13721040,2026-09-18 00:00:00,5 DAYS,2026-09-23,3241 Mccarthy Court
W13795334,2026-09-18 00:00:00,5 DAYS,2026-09-23,20 - 1060 Britannia Road E
W13795344,2026-09-18 00:00:00,5 DAYS,2026-09-23,20 - 1060 Britannia Road E
40858971,2026-09-18 00:00:00,5 DAYS,2026-09-23,200 Robert Speck Parkway Unit# Ph1
W13721252,2026-09-18 00:00:00,5 DAYS,2026-09-23,5639 Whistler Crescent
W13720832,2026-09-18 00:00:00,5 DAYS,2026-09-23,604 Lumberton Crescent
W13795190,2026-09-18 00:00:00,10 DAYS,2026-09-28,109 Wincott Drive
C13796942,2026-09-18 00:00:00,10 DAYS,2026-09-28,2505 - 89 Church Street
W13797048,2026-09-18 00:00:00,10 DAYS,2026-09-28,104 - 380 Dixon Road
W13799770,2026-09-18 00:00:00,10 DAYS,2026-09-28,33 South Station Street
W13799762,2026-09-18 00:00:00,10 DAYS,2026-09-28,33 South Station Street
W13799760,2026-09-18 00:00:00,10 DAYS,2026-09-28,33 South Station Street
C13795066,2026-09-18 00:00:00,10 DAYS,2026-09-28,3307 - 161 Roehampton Avenue
C13795522,2026-09-18 00:00:00,10 DAYS,2026-09-28,2314 - 195 Redpath Avenue
C13795766,2026-09-18 00:00:00,10 DAYS,2026-09-28,302 - 127 Broadway Avenue
C13795700,2026-09-18 00:00:00,10 DAYS,2026-09-28,153 Banff Road
W13720692,2026-09-18 00:00:00,5 DAYS,2026-09-23,3938 Midhurst Lane
E13799214,2026-09-18 00:00:00,10 DAYS,2026-09-28,7A Everett Crescent
E13798908,2026-09-18 00:00:00,10 DAYS,2026-09-28,22 Inwood Avenue
C13798774,2026-09-18 00:00:00,10 DAYS,2026-09-28,42 Douglas Crescent
C13800058,2026-09-18 00:00:00,10 DAYS,2026-09-28,Ph410 - 200 Keewatin Avenue
E13798118,2026-09-18 00:00:00,10 DAYS,2026-09-28,912 - 30 Baseball Place
E13797894,2026-09-18 00:00:00,10 DAYS,2026-09-28,#607 - 5 Massey Square
E13797754,2026-09-18 00:00:00,10 DAYS,2026-09-28,93 Muriel Avenue N
E13797526,2026-09-18 00:00:00,10 DAYS,2026-09-28,32 - 140 Broadview Avenue
E13797366,2026-09-18 00:00:00,10 DAYS,2026-09-28,20 Taylor Drive
E13797328,2026-09-18 00:00:00,10 DAYS,2026-09-28,622 - 30 Baseball Place
E13797330,2026-09-18 00:00:00,10 DAYS,2026-09-28,13 - 101 Glen Manor Drive
C13797468,2026-09-18 00:00:00,10 DAYS,2026-09-28,16 Sackville Place
E13797270,2026-09-18 00:00:00,10 DAYS,2026-09-28,227 Donlands Avenue
E13797152,2026-09-18 00:00:00,10 DAYS,2026-09-28,16 Squires Avenue
E13796826,2026-09-18 00:00:00,10 DAYS,2026-09-28,69 Laing Street
E13796864,2026-09-18 00:00:00,10 DAYS,2026-09-28,148 Mortimer Avenue
E13796874,2026-09-18 00:00:00,10 DAYS,2026-09-28,601 - 233 Carlaw Avenue
E13796560,2026-09-18 00:00:00,10 DAYS,2026-09-28,89 Leuty Avenue
C13799728,2026-09-18 00:00:00,10 DAYS,2026-09-28,42 Bowood Avenue
C13798814,2026-09-18 00:00:00,10 DAYS,2026-09-28,339 Broadway Avenue
C13798478,2026-09-18 00:00:00,10 DAYS,2026-09-28,209 - 58 Orchard View Boulevard
W13800172,2026-09-18 00:00:00,10 DAYS,2026-09-28,Parking - 11 Applewood Lane
W13798930,2026-09-18 00:00:00,10 DAYS,2026-09-28,2526 - 9 Mabelle Avenue
W13798522,2026-09-18 00:00:00,10 DAYS,2026-09-28,1206 - 9 Michael Power Place
W13798542,2026-09-18 00:00:00,10 DAYS,2026-09-28,2 Leavenworth Crescent
W13797142,2026-09-18 00:00:00,10 DAYS,2026-09-28,2108 - 1 Valhalla Inn Road
W13796516,2026-09-18 00:00:00,10 DAYS,2026-09-28,605 - 5229 Dundas Street W
W13724500,2026-09-18 00:00:00,5 DAYS,2026-09-23,808 - 5105 Hurontario Street N
W13722294,2026-09-18 00:00:00,5 DAYS,2026-09-23,302C - 211 Forum Drive
W13796234,2026-09-18 00:00:00,5 DAYS,2026-09-23,1554 Goldmar Drive
E13795742,2026-09-18 00:00:00,10 DAYS,2026-09-28,404 - 2055 Danforth Avenue
C13797348,2026-09-18 00:00:00,10 DAYS,2026-09-28,1005 - 212 Eglinton Avenue E
40863806,2026-09-18 00:00:00,10 DAYS,2026-09-28,54 Rabbit Lane
W13796222,2026-09-18 00:00:00,10 DAYS,2026-09-28,35 Shadwick Drive
W13796082,2026-09-18 00:00:00,10 DAYS,2026-09-28,54 Rabbit Lane
W13796614,2026-09-18 00:00:00,10 DAYS,2026-09-28,47 Great Oak Drive
W13797384,2026-09-18 00:00:00,10 DAYS,2026-09-28,39 Rockingham Drive
W13798072,2026-09-18 00:00:00,10 DAYS,2026-09-28,15 Bell Royal Court
C13796278,2026-09-18 00:00:00,10 DAYS,2026-09-28,690 Oriole Parkway
W13797352,2026-09-18 00:00:00,5 DAYS,2026-09-23,4304 Curia Crescent
W13797934,2026-09-18 00:00:00,5 DAYS,2026-09-23,3627 Beechollow Crescent
W13798128,2026-09-18 00:00:00,5 DAYS,2026-09-23,1876 Bough Beeches Boulevard
W13795452,2026-09-18 00:00:00,10 DAYS,2026-09-28,28 Rabton Court
W13795116,2026-09-18 00:00:00,10 DAYS,2026-09-28,723 - 15 James Finlay Way
W13794894,2026-09-18 00:00:00,10 DAYS,2026-09-28,9 Adam Oates Heights
C13793556,2026-09-18 00:00:00,3 DAYS,2026-09-21,648 College Street
C13791224,2026-09-18 00:00:00,3 DAYS,2026-09-21,105 - 993 Queen Street W
E13790280,2026-09-18 00:00:00,3 DAYS,2026-09-21,19 - 50 Weybright Court
W13750604,2026-09-18 00:00:00,5 DAYS,2026-09-23,7397 Catalpa Road
W13801166,2026-09-18 00:00:00,11 DAYS,2026-09-29,69 - 80 Acorn Place
W13801590,2026-09-18 00:00:00,11 DAYS,2026-09-29,117 - 333 Meadows Boulevard
E13793444,2026-09-18 00:00:00,3 DAYS,2026-09-21,2574 Birchmount Road
E13793550,2026-09-18 00:00:00,3 DAYS,2026-09-21,A2 - 2370 Midland Avenue E
E13794362,2026-09-18 00:00:00,3 DAYS,2026-09-21,1346 Kennedy Road
40864286,2026-09-18 00:00:00,10 DAYS,2026-09-28,25 Four Winds Drive Unit# 405
W13792634,2026-09-18 00:00:00,3 DAYS,2026-09-21,131R Millicent Street
W13795946,2026-09-18 00:00:00,10 DAYS,2026-09-28,405 - 25 Four Winds Drive
W13796250,2026-09-18 00:00:00,10 DAYS,2026-09-28,8 - 161 William Duncan Road
C13795460,2026-09-18 00:00:00,10 DAYS,2026-09-28,85 The Bridle Path
W13800336,2026-09-18 00:00:00,10 DAYS,2026-09-28,6 Fulwell Crescent
W13799948,2026-09-18 00:00:00,10 DAYS,2026-09-28,95 Snowood Court
W13799850,2026-09-18 00:00:00,10 DAYS,2026-09-28,612 - 1 De Boers Drive
W13799840,2026-09-18 00:00:00,10 DAYS,2026-09-28,202 - 1445 Wilson Avenue
W13799652,2026-09-18 00:00:00,10 DAYS,2026-09-28,201 - 235 Grandravine Drive
W13799510,2026-09-18 00:00:00,10 DAYS,2026-09-28,108 - 15 Maryport Avenue
W13797302,2026-09-18 00:00:00,10 DAYS,2026-09-28,872 Royal York Road
W13798740,2026-09-18 00:00:00,10 DAYS,2026-09-28,65 Orchardcroft Crescent
C13798658,2026-09-18 00:00:00,10 DAYS,2026-09-28,2202 - 4955 Yonge Street
W13798374,2026-09-18 00:00:00,10 DAYS,2026-09-28,9 Camborne Avenue
W13798076,2026-09-18 00:00:00,10 DAYS,2026-09-28,612 - 3100 Keele Street
40863930,2026-09-18 00:00:00,10 DAYS,2026-09-28,3100 Keele Street Unit# 612
W13797848,2026-09-18 00:00:00,10 DAYS,2026-09-28,2152 - 105 George Appleton Way
W13797460,2026-09-18 00:00:00,10 DAYS,2026-09-28,150 Spalding Road
C13796356,2026-09-18 00:00:00,10 DAYS,2026-09-28,310 - 897 Sheppard Avenue W
W13798760,2026-09-18 00:00:00,10 DAYS,2026-09-28,101 William Duncan Road
C13797478,2026-09-18 00:00:00,10 DAYS,2026-09-28,3301 - 5 Concorde Place
W13795920,2026-09-18 00:00:00,10 DAYS,2026-09-28,1113B Islington Avenue
W13799640,2026-09-18 00:00:00,10 DAYS,2026-09-28,311 - 2855 Bloor Street W
C13791458,2026-09-18 00:00:00,3 DAYS,2026-09-21,3305 Yonge Street
C13796600,2026-09-18 00:00:00,10 DAYS,2026-09-28,# 635 - 21 Dale Avenue
C13790076,2026-09-18 00:00:00,3 DAYS,2026-09-21,Cru F17 - 220 Yonge Street
W13799372,2026-09-18 00:00:00,10 DAYS,2026-09-28,1901 - 420 Mill Road
W13795520,2026-09-18 00:00:00,10 DAYS,2026-09-28,73 - 1530 Albion Road
W13781460,2026-09-18 00:00:00,10 DAYS,2026-09-28,10 - 106 Humber College Boulevard
W13799502,2026-09-18 00:00:00,10 DAYS,2026-09-28,45-46 - 24 Steinway Boulevard
W13797292,2026-09-18 00:00:00,5 DAYS,2026-09-23,7782 Kittridge Drive
W13798300,2026-09-18 00:00:00,5 DAYS,2026-09-23,925 Runningbrook Drive
W13798188,2026-09-18 00:00:00,5 DAYS,2026-09-23,1192 Flagship Drive
E13794086,2026-09-18 00:00:00,3 DAYS,2026-09-21,113 - 321 Carlaw Avenue
W13794996,2026-09-18 00:00:00,10 DAYS,2026-09-28,22 Monterrey Drive
W13795620,2026-09-18 00:00:00,10 DAYS,2026-09-28,1206A - 710 Humberwood Boulevard
W13795804,2026-09-18 00:00:00,10 DAYS,2026-09-28,45 Redwater Drive
W13799424,2026-09-18 00:00:00,10 DAYS,2026-09-28,414 - 70 Annie Craig Drive
W13797226,2026-09-18 00:00:00,10 DAYS,2026-09-28,215 - 60 Annie Craig Drive
W13796562,2026-09-18 00:00:00,10 DAYS,2026-09-28,1004 - 59 Annie Craig Drive
W13796384,2026-09-18 00:00:00,10 DAYS,2026-09-28,Unit 3002 - 56 Annie Craig Drive
W13795378,2026-09-18 00:00:00,10 DAYS,2026-09-28,430 - 80 Marine Parade Drive
E13790250,2026-09-18 00:00:00,3 DAYS,2026-09-21,203 - 69 Lebovic Avenue
E13791800,2026-09-18 00:00:00,3 DAYS,2026-09-21,A6 - 4 Greystone Walk Drive
W13750774,2026-09-18 00:00:00,5 DAYS,2026-09-23,134 - 85 Bristol Road E
W13795158,2026-09-18 00:00:00,10 DAYS,2026-09-28,Ph04 - 20 Brin Drive
W13799860,2026-09-18 00:00:00,10 DAYS,2026-09-28,1910 - 2645 Kipling Avenue
W13799168,2026-09-18 00:00:00,10 DAYS,2026-09-28,18 - 81 Irwin Road
W13798468,2026-09-18 00:00:00,10 DAYS,2026-09-28,16 Opal Court
W13797838,2026-09-18 00:00:00,10 DAYS,2026-09-28,31 St.Gaspar'S Court
W13797826,2026-09-18 00:00:00,10 DAYS,2026-09-28,1B - 27 Antonio Court
W13797520,2026-09-18 00:00:00,10 DAYS,2026-09-28,1809 - 3077 Weston Road
W13795928,2026-09-18 00:00:00,10 DAYS,2026-09-28,21 Wallasey Avenue
W13799464,2026-09-18 00:00:00,10 DAYS,2026-09-28,501 - 50 Old Mill Road
C13799038,2026-09-18 00:00:00,10 DAYS,2026-09-28,356 Hillcrest Avenue
W13798412,2026-09-18 00:00:00,5 DAYS,2026-09-23,3861 Promontory Crescent
40864017,2026-09-18 00:00:00,5 DAYS,2026-09-23,3861 Promontory Crescent
W13798194,2026-09-18 00:00:00,5 DAYS,2026-09-23,3042 Pendleton Road
W13797720,2026-09-18 00:00:00,5 DAYS,2026-09-23,3290 Erin Centre Boulevard
W13797220,2026-09-18 00:00:00,5 DAYS,2026-09-23,4212 Powderhorn Crescent
W13795888,2026-09-18 00:00:00,5 DAYS,2026-09-23,7350 Black Walnut Trail
W13798806,2026-09-18 00:00:00,10 DAYS,2026-09-28,24 Harshaw Avenue
W13798080,2026-09-18 00:00:00,10 DAYS,2026-09-28,#1906 - 240 Scarlett Road
W13797208,2026-09-18 00:00:00,10 DAYS,2026-09-28,302 - 530 Indian Grove
W13795448,2026-09-18 00:00:00,5 DAYS,2026-09-23,25 - 3460 Platinum Drive
E13796004,2026-09-18 00:00:00,10 DAYS,2026-09-28,211 - 99 Blackwell Avenue
E13795860,2026-09-18 00:00:00,10 DAYS,2026-09-28,63 - 1131 Sandhurst Circle
E13797424,2026-09-18 00:00:00,10 DAYS,2026-09-28,404 - 400 Mclevin Avenue
E13798002,2026-09-18 00:00:00,10 DAYS,2026-09-28,96 Mammoth Hall Trail
E13798168,2026-09-18 00:00:00,10 DAYS,2026-09-28,111 Knowles Drive
W13798558,2026-09-18 00:00:00,5 DAYS,2026-09-23,6576 Alderwood Trail
E13798400,2026-09-18 00:00:00,10 DAYS,2026-09-28,15 Deblyn Drive E
E13798752,2026-09-18 00:00:00,10 DAYS,2026-09-28,107 Braymore Boulevard
E13799468,2026-09-18 00:00:00,10 DAYS,2026-09-28,32 Rotary Drive
W13795146,2026-09-18 00:00:00,10 DAYS,2026-09-28,1102 - 50 Quebec Avenue
W13795390,2026-09-18 00:00:00,10 DAYS,2026-09-28,203 - 2000 Bloor Street W
W13796062,2026-09-18 00:00:00,10 DAYS,2026-09-28,370 Silverthorn Avenue
E13798566,2026-09-18 00:00:00,10 DAYS,2026-09-28,32 Grapevine Circle
W13798572,2026-09-18 00:00:00,5 DAYS,2026-09-23,2872 Galleon Crescent
W13798770,2026-09-18 00:00:00,5 DAYS,2026-09-23,6214 Miriam Way
E13794520,2026-09-18 00:00:00,10 DAYS,2026-09-28,311 - 330 Mccowan Road
W13800664,2026-09-18 00:00:00,11 DAYS,2026-09-29,2210 - 225 Webb Drive
W13800478,2026-09-18 00:00:00,11 DAYS,2026-09-29,2591 Whaley Drive
W13800070,2026-09-18 00:00:00,11 DAYS,2026-09-29,2209 Pineneedle Row
W13799552,2026-09-18 00:00:00,11 DAYS,2026-09-29,102 - 350 Princess Royal Drive
W13800910,2026-09-18 00:00:00,11 DAYS,2026-09-29,Ph7 - 55 Kingsbridge Garden Circle
W13799132,2026-09-18 00:00:00,11 DAYS,2026-09-29,4705 - 3883 Quartz Road
W13799050,2026-09-18 00:00:00,11 DAYS,2026-09-29,3309 - 385 Prince Of Wales Drive
W13798928,2026-09-18 00:00:00,11 DAYS,2026-09-29,505 - 220 Burnhamthorpe Road W
W13798494,2026-09-18 00:00:00,11 DAYS,2026-09-29,1202 - 223 Webb Drive
W13798406,2026-09-18 00:00:00,11 DAYS,2026-09-29,3253 Sir Johns Homestead S
W13798154,2026-09-18 00:00:00,11 DAYS,2026-09-29,4388 Guildwood Way
W13760326,2026-09-18 00:00:00,11 DAYS,2026-09-29,308 - 1 Hurontario Street
W13799000,2026-09-18 00:00:00,11 DAYS,2026-09-29,1511 Leda Avenue
E13795774,2026-09-18 00:00:00,10 DAYS,2026-09-28,27 Willingdon Avenue
W13800994,2026-09-18 00:00:00,11 DAYS,2026-09-29,767 Parkland Avenue
W13801478,2026-09-18 00:00:00,11 DAYS,2026-09-29,305 - 1300 Mississauga Valley Boulevard
W13797364,2026-09-18 00:00:00,10 DAYS,2026-09-28,33 Landour Avenue
W13791462,2026-09-18 00:00:00,3 DAYS,2026-09-21,3073 Bloor Street W
W13795570,2026-09-18 00:00:00,10 DAYS,2026-09-28,415 - 105 The Queensway Avenue
W13802860,2026-09-18 00:00:00,11 DAYS,2026-09-29,1634 Tipperary Court
W13802728,2026-09-18 00:00:00,11 DAYS,2026-09-29,77 Mineola Road E
40864534,2026-09-18 00:00:00,11 DAYS,2026-09-29,1634 Tipperary Court
W13801134,2026-09-18 00:00:00,11 DAYS,2026-09-29,201 - 1000 Cedarglen Gate
W13802398,2026-09-18 00:00:00,11 DAYS,2026-09-29,1607 Ewald Road
W13801726,2026-09-18 00:00:00,11 DAYS,2026-09-29,220 - 3009 Novar Road
W13801712,2026-09-18 00:00:00,11 DAYS,2026-09-29,1112 - 395 Square One Drive
W13801900,2026-09-18 00:00:00,11 DAYS,2026-09-29,851 Fourth Street
C13797762,2026-09-18 00:00:00,10 DAYS,2026-09-28,90 Glen Rush Boulevard
C13799094,2026-09-18 00:00:00,10 DAYS,2026-09-28,78 Bannockburn Avenue
C13799536,2026-09-18 00:00:00,10 DAYS,2026-09-28,235 Hillhurst Boulevard
W13801776,2026-09-18 00:00:00,11 DAYS,2026-09-29,1577 Thompson Street
E13794922,2026-09-18 00:00:00,10 DAYS,2026-09-28,5 Broderick Place
E13794416,2026-09-18 00:00:00,10 DAYS,2026-09-28,39 - 35 Birchcliff Avenue
W13795048,2026-09-18 00:00:00,5 DAYS,2026-09-23,3427 Fellmore Drive
W13795784,2026-09-18 00:00:00,5 DAYS,2026-09-23,7 - 4020 Parkside Village Drive
W13794282,2026-09-18 00:00:00,5 DAYS,2026-09-23,4 Iroquois Avenue
E13794952,2026-09-18 00:00:00,10 DAYS,2026-09-28,711 - 1950 Kennedy Road
W13793892,2026-09-18 00:00:00,5 DAYS,2026-09-23,1654 Casablanca Circle
E13795194,2026-09-18 00:00:00,10 DAYS,2026-09-28,52 - 4689 Kingston Road
E13795648,2026-09-18 00:00:00,10 DAYS,2026-09-28,50 Celeste Drive
E13795992,2026-09-18 00:00:00,10 DAYS,2026-09-28,3 Ruddell Place
E13795982,2026-09-18 00:00:00,10 DAYS,2026-09-28,40 Stonemanse Court
E13796154,2026-09-18 00:00:00,10 DAYS,2026-09-28,429 - 2789 Eglinton Avenue E
E13795396,2026-09-18 00:00:00,10 DAYS,2026-09-28,74 Minerva Avenue
E13798330,2026-09-18 00:00:00,10 DAYS,2026-09-28,2 Richbourne Court
E13798716,2026-09-18 00:00:00,10 DAYS,2026-09-28,79 Greenock Avenue
W13802868,2026-09-18 00:00:00,11 DAYS,2026-09-29,42 Cumberland Drive
40864536,2026-09-18 00:00:00,11 DAYS,2026-09-29,3975 Grand Park Drive Unit# 3209
C13795516,2026-09-18 00:00:00,10 DAYS,2026-09-28,3305 - 33 Bay Street
C13796066,2026-09-18 00:00:00,10 DAYS,2026-09-28,1309 - 88 Scott Street
C13796370,2026-09-18 00:00:00,10 DAYS,2026-09-28,2233 - 33 Harbour Square
E13799098,2026-09-18 00:00:00,10 DAYS,2026-09-28,3517 St Clair Avenue E
C13800554,2026-09-18 00:00:00,10 DAYS,2026-09-28,703 - 18 Harbour Street
W13799832,2026-09-18 00:00:00,10 DAYS,2026-09-28,133 Times Road
E13799742,2026-09-18 00:00:00,10 DAYS,2026-09-28,90 Sylvan Avenue
C13795422,2026-09-18 00:00:00,10 DAYS,2026-09-28,37 De Vere Gardens
C13795772,2026-09-18 00:00:00,10 DAYS,2026-09-28,363 Bedford Park Avenue
C13798202,2026-09-18 00:00:00,10 DAYS,2026-09-28,2018 - 33 Harbour Square
E13797264,2026-09-18 00:00:00,10 DAYS,2026-09-28,1 Bassett Avenue
E13797136,2026-09-18 00:00:00,10 DAYS,2026-09-28,20 Gradwell Drive
E13797716,2026-09-18 00:00:00,10 DAYS,2026-09-28,189 - 50 Scarborough Golf Club Road
E13797766,2026-09-18 00:00:00,10 DAYS,2026-09-28,17 Huddleston Court
E13797974,2026-09-18 00:00:00,10 DAYS,2026-09-28,133 Park Street
E13798382,2026-09-18 00:00:00,10 DAYS,2026-09-28,11 Bellvare Crescent
E13796204,2026-09-18 00:00:00,10 DAYS,2026-09-28,4 Moray Place
E13794938,2026-09-18 00:00:00,10 DAYS,2026-09-28,166 Guildwood Parkway
W13800122,2026-09-18 00:00:00,11 DAYS,2026-09-29,32 Falconer Drive
W13800230,2026-09-18 00:00:00,11 DAYS,2026-09-29,7295 Lowville Heights
W13801942,2026-09-18 00:00:00,11 DAYS,2026-09-29,3512 Positano Place
W13800262,2026-09-18 00:00:00,11 DAYS,2026-09-29,2604 Barrisdale Court
C13798352,2026-09-18 00:00:00,10 DAYS,2026-09-28,122 Green Gardens Boulevard
C13797662,2026-09-18 00:00:00,10 DAYS,2026-09-28,309 - 188 Fairview Mall Drive
W13800020,2026-09-18 00:00:00,11 DAYS,2026-09-29,79 - 3265 South Millway
W13798842,2026-09-18 00:00:00,10 DAYS,2026-09-28,110 - 556 Marlee Avenue
W13799872,2026-09-18 00:00:00,11 DAYS,2026-09-29,1530 Portsmouth Place
W13800440,2026-09-18 00:00:00,11 DAYS,2026-09-29,2843 Arvida Circle
W13799730,2026-09-18 00:00:00,11 DAYS,2026-09-29,3D - 2866 Battleford Road
W13799350,2026-09-18 00:00:00,11 DAYS,2026-09-29,21 Kenninghall Boulevard
C13800062,2026-09-18 00:00:00,10 DAYS,2026-09-28,1704 - 10 Kenneth Avenue
C13799970,2026-09-18 00:00:00,10 DAYS,2026-09-28,3103 - 2 Anndale Drive
C13799800,2026-09-18 00:00:00,10 DAYS,2026-09-28,411 - 5 Northtown Way
C13799744,2026-09-18 00:00:00,10 DAYS,2026-09-28,704 - 5180 Yonge Street
C13799010,2026-09-18 00:00:00,10 DAYS,2026-09-28,312 - 5795 Yonge Street
W13799632,2026-09-18 00:00:00,11 DAYS,2026-09-29,5624 Freshwater Drive
W13800464,2026-09-18 00:00:00,11 DAYS,2026-09-29,3287 Crimson King Circle
W13800560,2026-09-18 00:00:00,11 DAYS,2026-09-29,1807 Tattersall Way
W13800682,2026-09-18 00:00:00,11 DAYS,2026-09-29,3437 Park Heights Way
C13798238,2026-09-18 00:00:00,10 DAYS,2026-09-28,112 Kingslake Road
C13798966,2026-09-18 00:00:00,10 DAYS,2026-09-28,534 - 25 Adra Grado Way
W13800988,2026-09-18 00:00:00,11 DAYS,2026-09-29,6543 Ninth Line
C13797166,2026-09-18 00:00:00,10 DAYS,2026-09-28,69 Bloorview Place
C13797188,2026-09-18 00:00:00,10 DAYS,2026-09-28,407 - 2015 Sheppard Avenue E
C13796302,2026-09-18 00:00:00,10 DAYS,2026-09-28,1502 - 29 Singer Court
C13794842,2026-09-18 00:00:00,10 DAYS,2026-09-28,2108 - 72 Esther Shiner Boulevard
C13799968,2026-09-18 00:00:00,10 DAYS,2026-09-28,210 Shaughnessy Boulevard
W13801022,2026-09-18 00:00:00,11 DAYS,2026-09-29,2898 Rainwater Drive
C13794650,2026-09-18 00:00:00,10 DAYS,2026-09-28,807 - 128 Fairview Mall Drive
W13801206,2026-09-18 00:00:00,11 DAYS,2026-09-29,3944 Glamis Court
W13801364,2026-09-18 00:00:00,11 DAYS,2026-09-29,1896 Stoneybrook Court
W13801510,2026-09-18 00:00:00,11 DAYS,2026-09-29,5175 Misty Pine Crescent
C13799878,2026-09-18 00:00:00,10 DAYS,2026-09-28,260 Moore Park Avenue
C13798858,2026-09-18 00:00:00,10 DAYS,2026-09-28,88 Garnier Court
W13801692,2026-09-18 00:00:00,11 DAYS,2026-09-29,3440 Marmac Crescent
C13798898,2026-09-18 00:00:00,10 DAYS,2026-09-28,116 Goulding Avenue
C13793704,2026-09-18 00:00:00,3 DAYS,2026-09-21,35 Sheppard Avenue E
W13801792,2026-09-18 00:00:00,11 DAYS,2026-09-29,5927 Saigon Street
C13798876,2026-09-18 00:00:00,10 DAYS,2026-09-28,1012 - 233 Beecroft Road
C13797430,2026-09-18 00:00:00,10 DAYS,2026-09-28,210 - 5 Old Sheppard Avenue
C13798614,2026-09-18 00:00:00,10 DAYS,2026-09-28,503 - 18 Kenaston Gardens
W13802632,2026-09-18 00:00:00,11 DAYS,2026-09-29,5 - 6635 Clock Court
C13796794,2026-09-18 00:00:00,10 DAYS,2026-09-28,207 Elmhurst Avenue
C13796636,2026-09-18 00:00:00,10 DAYS,2026-09-28,2962B Bayview Avenue
C13796570,2026-09-18 00:00:00,10 DAYS,2026-09-28,309 Princess Avenue
C13794918,2026-09-18 00:00:00,10 DAYS,2026-09-28,724 - 650 Lawrence Avenue W
C13796938,2026-09-18 00:00:00,10 DAYS,2026-09-28,323 - 80 Harrison Garden Boulevard
C13797100,2026-09-18 00:00:00,10 DAYS,2026-09-28,1202 - 2 Teagarden Court
C13797004,2026-09-18 00:00:00,10 DAYS,2026-09-28,21 Fifeshire Road
C13797470,2026-09-18 00:00:00,10 DAYS,2026-09-28,139 Holcolm Road
C13796436,2026-09-18 00:00:00,10 DAYS,2026-09-28,1105 - 2 Teagarden Court
C13796984,2026-09-18 00:00:00,10 DAYS,2026-09-28,1908 - 3300 Don Mills Road
W13799496,2026-09-18 00:00:00,10 DAYS,2026-09-28,508 - 556 Marlee Avenue
C13797440,2026-09-18 00:00:00,10 DAYS,2026-09-28,304 - 5444 Yonge Street
C13798510,2026-09-18 00:00:00,10 DAYS,2026-09-28,1607 - 31 Bales Avenue
C13798982,2026-09-18 00:00:00,10 DAYS,2026-09-28,1111 - 89 Skymark Drive
W13800046,2026-09-18 00:00:00,10 DAYS,2026-09-28,37 Bentworth Avenue
C13797632,2026-09-18 00:00:00,10 DAYS,2026-09-28,21 Yorkview Drive
C13797540,2026-09-18 00:00:00,10 DAYS,2026-09-28,1506 - 23 Lorraine Drive
C13797982,2026-09-18 00:00:00,10 DAYS,2026-09-28,9 Bunty Lane
C13797358,2026-09-18 00:00:00,10 DAYS,2026-09-28,Ph202 - 23 Hollywood Avenue
C13803768,2026-09-19 00:00:00,9 DAYS,2026-09-28,4207 - 33 Bay Street
W13804582,2026-09-19 00:00:00,9 DAYS,2026-09-28,1* Oxford Drive
W13804460,2026-09-19 00:00:00,9 DAYS,2026-09-28,908 - 940 Caledonia Road
C13803572,2026-09-19 00:00:00,9 DAYS,2026-09-28,4804 - 16 Harbour Street
W13804350,2026-09-19 00:00:00,9 DAYS,2026-09-28,56 Glenhaven Street
E13799700,2026-09-19 00:00:00,2 DAYS,2026-09-21,1 - 2043 Eglinton Avenue E
C13804112,2026-09-19 00:00:00,9 DAYS,2026-09-28,4501 - 16 Harbour Street
E13798148,2026-09-19 00:00:00,2 DAYS,2026-09-21,1001 Eastern Avenue E
C13803484,2026-09-19 00:00:00,9 DAYS,2026-09-28,Ph101 - 4955 Yonge Street
W13806092,2026-09-19 00:00:00,10 DAYS,2026-09-29,445 Selsey Drive
C13804152,2026-09-19 00:00:00,9 DAYS,2026-09-28,110 - 3000 Bathurst Street
W13801196,2026-09-19 00:00:00,9 DAYS,2026-09-28,27 Cedarcrest Drive
C13804996,2026-09-19 00:00:00,9 DAYS,2026-09-28,333 Pleasant Avenue
C13804762,2026-09-19 00:00:00,9 DAYS,2026-09-28,338 Mckee Avenue
C13804794,2026-09-19 00:00:00,9 DAYS,2026-09-28,1906 - 15 Holmes Avenue
W13806164,2026-09-19 00:00:00,10 DAYS,2026-09-29,1480 Kenmuir Avenue
W13806132,2026-09-19 00:00:00,10 DAYS,2026-09-29,611 - 33 Elm Drive W
W13805706,2026-09-19 00:00:00,10 DAYS,2026-09-29,3185 Parkerhill Road
C13800350,2026-09-19 00:00:00,9 DAYS,2026-09-28,3 Pindar Crescent
C13801644,2026-09-19 00:00:00,9 DAYS,2026-09-28,1109 - 117 Mcmahon Drive
E13801516,2026-09-19 00:00:00,9 DAYS,2026-09-28,320 - 10 Mendelssohn Street
C13794786,2026-09-19 00:00:00,2 DAYS,2026-09-21,577 Yonge Street
E13801614,2026-09-19 00:00:00,9 DAYS,2026-09-28,1201 - 168 Bonis Avenue
E13801406,2026-09-19 00:00:00,9 DAYS,2026-09-28,503 - 3121 Sheppard Avenue E
W13805006,2026-09-19 00:00:00,9 DAYS,2026-09-28,414 - 4208 Dundas Street W
C13803678,2026-09-19 00:00:00,9 DAYS,2026-09-28,903 - 30 Harrison Garden Boulevard
C13800562,2026-09-19 00:00:00,9 DAYS,2026-09-28,1612 - 19 Singer Court
W13803968,2026-09-19 00:00:00,9 DAYS,2026-09-28,1184 Castlefield Avenue
E13800302,2026-09-19 00:00:00,9 DAYS,2026-09-28,13 Graylee Avenue
W13803986,2026-09-19 00:00:00,9 DAYS,2026-09-28,1184 Castlefield Avenue
W13803734,2026-09-19 00:00:00,9 DAYS,2026-09-28,129 Bankview Circle
W13803958,2026-09-19 00:00:00,9 DAYS,2026-09-28,21 Sanagan Road
W13801966,2026-09-19 00:00:00,9 DAYS,2026-09-28,509 - 4208 Dundas Street W
W13805506,2026-09-19 00:00:00,10 DAYS,2026-09-29,226 - 3009 Novar Road
W13805376,2026-09-19 00:00:00,10 DAYS,2026-09-29,2501 - 4011 Brickstone Mews W
E13801470,2026-09-19 00:00:00,9 DAYS,2026-09-28,64 Hart Avenue
W13803554,2026-09-19 00:00:00,9 DAYS,2026-09-28,153 Church Street
E13801416,2026-09-19 00:00:00,9 DAYS,2026-09-28,34 Kecala Road
W13804854,2026-09-19 00:00:00,9 DAYS,2026-09-28,112 - 6 Humberline Drive
E13800620,2026-09-19 00:00:00,9 DAYS,2026-09-28,2 Arkona Drive
E13800976,2026-09-19 00:00:00,9 DAYS,2026-09-28,1989 - 1 Greystone Walk Drive
E13801204,2026-09-19 00:00:00,9 DAYS,2026-09-28,2129 - 68 Corporate Drive
W13805240,2026-09-19 00:00:00,10 DAYS,2026-09-29,5701 - 4015 The Exchange
C13803914,2026-09-19 00:00:00,9 DAYS,2026-09-28,601 - 160 Vanderhoof Avenue
W13804422,2026-09-19 00:00:00,9 DAYS,2026-09-28,96 Wallasey Avenue
W13803974,2026-09-19 00:00:00,9 DAYS,2026-09-28,1184 Castlefield Avenue
W13803384,2026-09-19 00:00:00,9 DAYS,2026-09-28,89 Wendell Avenue
W13800402,2026-09-19 00:00:00,9 DAYS,2026-09-28,53 Grampian Crescent
W13802136,2026-09-19 00:00:00,9 DAYS,2026-09-28,215 - 700 Lawrence Avenue W
W13800956,2026-09-19 00:00:00,9 DAYS,2026-09-28,107 Trethewey Drive
C13804420,2026-09-19 00:00:00,9 DAYS,2026-09-28,39 Sumner Heights Drive
C13804812,2026-09-19 00:00:00,9 DAYS,2026-09-28,112 - 23 Eldora Avenue
E13800160,2026-09-19 00:00:00,9 DAYS,2026-09-28,64 Laurel Avenue
E13800110,2026-09-19 00:00:00,9 DAYS,2026-09-28,5 Benfrisco Crescent
W13801640,2026-09-19 00:00:00,9 DAYS,2026-09-28,55 Husband Drive
W13803260,2026-09-19 00:00:00,10 DAYS,2026-09-29,703 - 156 Enfield Place
W13804276,2026-09-19 00:00:00,10 DAYS,2026-09-29,3209 - 3975 Grand Park Drive
W13804352,2026-09-19 00:00:00,10 DAYS,2026-09-29,2303 - 30 Elm Drive W
W13804404,2026-09-19 00:00:00,10 DAYS,2026-09-29,10 - 725 Vermouth Avenue
W13804668,2026-09-19 00:00:00,10 DAYS,2026-09-29,1361 Goldthorpe Road
W13804860,2026-09-19 00:00:00,10 DAYS,2026-09-29,1401 - 3700 Kaneff Crescent
W13804924,2026-09-19 00:00:00,10 DAYS,2026-09-29,504 - 50 Kingsbridge Garden Circle
W13803532,2026-09-19 00:00:00,10 DAYS,2026-09-29,420 - 3009 Novar Road
W13806060,2026-09-19 00:00:00,10 DAYS,2026-09-29,1829 Samuelson Circle
W13804036,2026-09-19 00:00:00,4 DAYS,2026-09-23,403 - 1111 Bough Beeches Boulevard
W13801198,2026-09-19 00:00:00,4 DAYS,2026-09-23,16 - 1320 Mid-Way Boulevard
W13801754,2026-09-19 00:00:00,9 DAYS,2026-09-28,30 Michael Power Place
W13803828,2026-09-19 00:00:00,9 DAYS,2026-09-28,2009 - 2000 Islington Avenue
W13803052,2026-09-19 00:00:00,9 DAYS,2026-09-28,48 Griggsden Avenue
C13799080,2026-09-19 00:00:00,2 DAYS,2026-09-21,103 - 477 Richmond Street W
C13800480,2026-09-19 00:00:00,9 DAYS,2026-09-28,2309 - 9 Bogert Avenue
C13800612,2026-09-19 00:00:00,9 DAYS,2026-09-28,36 Kenneth Wood Crescent
C13800770,2026-09-19 00:00:00,9 DAYS,2026-09-28,812 - 503 Beecroft Road
W13801746,2026-09-19 00:00:00,9 DAYS,2026-09-28,111 Neilson Drive
C13801122,2026-09-19 00:00:00,9 DAYS,2026-09-28,1110 - 28 Pemberton Avenue
C13801884,2026-09-19 00:00:00,9 DAYS,2026-09-28,601 - 28 Avondale Avenue
C13801836,2026-09-19 00:00:00,9 DAYS,2026-09-28,801 - 10 Torresdale Avenue
C13801820,2026-09-19 00:00:00,9 DAYS,2026-09-28,17 Lyndale Drive
C13801736,2026-09-19 00:00:00,9 DAYS,2026-09-28,389 Hounslow Avenue
W13724772,2026-09-19 00:00:00,4 DAYS,2026-09-23,4844 Owl Circle
C13801728,2026-09-19 00:00:00,9 DAYS,2026-09-28,387 Hounslow Avenue
C13801710,2026-09-19 00:00:00,9 DAYS,2026-09-28,387A Hounslow Avenue
C13801192,2026-09-19 00:00:00,9 DAYS,2026-09-28,811 - 18 Parkview Avenue
W13802618,2026-09-19 00:00:00,9 DAYS,2026-09-28,314 - 362 The East Mall Drive
W13802802,2026-09-19 00:00:00,9 DAYS,2026-09-28,2010 - 9 Valhalla Inn Road
W13804040,2026-09-19 00:00:00,9 DAYS,2026-09-28,436 - 35 Viking Lane
W13802916,2026-09-19 00:00:00,4 DAYS,2026-09-23,1673 Lakeshore Road W
W13804008,2026-09-19 00:00:00,4 DAYS,2026-09-23,1957 Delaney Drive
W13804726,2026-09-19 00:00:00,9 DAYS,2026-09-28,3991 Bloor Street W
E13804508,2026-09-19 00:00:00,9 DAYS,2026-09-28,84 Coleridge Avenue
E13803890,2026-09-19 00:00:00,9 DAYS,2026-09-28,287 Greenwood Avenue
W13730134,2026-09-19 00:00:00,4 DAYS,2026-09-23,8 - 7033 Netherbrae Road
E13802326,2026-09-19 00:00:00,9 DAYS,2026-09-28,211 - 1285 Queen Street E
E13802234,2026-09-19 00:00:00,9 DAYS,2026-09-28,211 - 1285 Queen Street E
E13802262,2026-09-19 00:00:00,9 DAYS,2026-09-28,47 Harcourt Avenue
C13802198,2026-09-19 00:00:00,9 DAYS,2026-09-28,228 Glen Road
E13800124,2026-09-19 00:00:00,9 DAYS,2026-09-28,806 - 1201 Dundas Street E
E13800178,2026-09-19 00:00:00,9 DAYS,2026-09-28,21 Mendel Avenue
C13799918,2026-09-19 00:00:00,9 DAYS,2026-09-28,37 St Andrews Gardens
W13804724,2026-09-19 00:00:00,9 DAYS,2026-09-28,3989 Bloor Street W
W13804722,2026-09-19 00:00:00,9 DAYS,2026-09-28,3987 Bloor Street W
W13805032,2026-09-19 00:00:00,9 DAYS,2026-09-28,53 - 27 Valhalla Inn Road
W13803110,2026-09-19 00:00:00,9 DAYS,2026-09-28,305 - 259 The Kingsway
W13804290,2026-09-19 00:00:00,4 DAYS,2026-09-23,710 - 1300 Bloor Street
C13797980,2026-09-19 00:00:00,2 DAYS,2026-09-21,6048 Yonge Street
C13803836,2026-09-19 00:00:00,9 DAYS,2026-09-28,71 Sunrise Avenue
W13802530,2026-09-19 00:00:00,4 DAYS,2026-09-23,995 Garrard Avenue
C13803374,2026-09-19 00:00:00,9 DAYS,2026-09-28,319 Betty Ann Drive
W13802900,2026-09-19 00:00:00,4 DAYS,2026-09-23,18 - 5484 Tomken Road
W13802928,2026-09-19 00:00:00,4 DAYS,2026-09-23,18 - 5484 Tomken Road
W13805100,2026-09-19 00:00:00,9 DAYS,2026-09-28,1406 - 7 Mabelle Avenue
W13805296,2026-09-19 00:00:00,9 DAYS,2026-09-28,915 - 9 Mabelle Avenue
W13801466,2026-09-19 00:00:00,9 DAYS,2026-09-28,4 Martin Grove Road
C13802182,2026-09-19 00:00:00,9 DAYS,2026-09-28,2122 - 15 Northtown Way
C13802572,2026-09-19 00:00:00,9 DAYS,2026-09-28,811 - 4978 Yonge Street
W13801060,2026-09-19 00:00:00,4 DAYS,2026-09-23,4164 Forest Fire Crescent
W13804720,2026-09-19 00:00:00,9 DAYS,2026-09-28,3985 Bloor Street W
W13803222,2026-09-19 00:00:00,9 DAYS,2026-09-28,18 Herne Hill
W13803626,2026-09-19 00:00:00,9 DAYS,2026-09-28,7 Allison Drive
W13804896,2026-09-19 00:00:00,9 DAYS,2026-09-28,121 - 2111 Lake Shore Boulevard W
W13802742,2026-09-19 00:00:00,9 DAYS,2026-09-28,67 Roncesvalles Avenue
E13796284,2026-09-19 00:00:00,2 DAYS,2026-09-21,12A - 328 Passmore Avenue
E13796292,2026-09-19 00:00:00,2 DAYS,2026-09-21,12 - 328 Passmore Avenue
W13800590,2026-09-19 00:00:00,9 DAYS,2026-09-28,182 Derrydown Road
W13800986,2026-09-19 00:00:00,9 DAYS,2026-09-28,2048 - 75 George Appleton Way
C13801086,2026-09-19 00:00:00,9 DAYS,2026-09-28,234 - 701 Sheppard Avenue W
C13801316,2026-09-19 00:00:00,9 DAYS,2026-09-28,14 Model Avenue
W13801514,2026-09-19 00:00:00,9 DAYS,2026-09-28,44 Cobbler Crescent
W13804926,2026-09-19 00:00:00,9 DAYS,2026-09-28,24 Indian Road Crescent
W13801676,2026-09-19 00:00:00,9 DAYS,2026-09-28,152 Frederick Tisdale Drive
W13802832,2026-09-19 00:00:00,9 DAYS,2026-09-28,84 Fred Young Drive
W13803292,2026-09-19 00:00:00,9 DAYS,2026-09-28,152 Katherine Road
W13804486,2026-09-19 00:00:00,9 DAYS,2026-09-28,83 Carsbrooke Road
C13800684,2026-09-19 00:00:00,9 DAYS,2026-09-28,190 Lawrence Avenue W
C13800804,2026-09-19 00:00:00,9 DAYS,2026-09-28,443 Elm Road
C13800486,2026-09-19 00:00:00,9 DAYS,2026-09-28,2502 - 715 Don Mills Road
C13800654,2026-09-19 00:00:00,9 DAYS,2026-09-28,3109 - 10 Inn On The Park Drive
C13800714,2026-09-19 00:00:00,9 DAYS,2026-09-28,219 Lynedock Crescent
C13802788,2026-09-19 00:00:00,9 DAYS,2026-09-28,240 Maxwell Street
W13804706,2026-09-19 00:00:00,9 DAYS,2026-09-28,235 Saint Marks Road
C13804648,2026-09-19 00:00:00,9 DAYS,2026-09-28,806 - 1369 Bloor Street W
W13803788,2026-09-19 00:00:00,4 DAYS,2026-09-23,140 - 3050 Orleans Road
W13804388,2026-09-19 00:00:00,9 DAYS,2026-09-28,691 The Queensway
W13803702,2026-09-19 00:00:00,9 DAYS,2026-09-28,393 Weston Road
W13804606,2026-09-19 00:00:00,9 DAYS,2026-09-28,24 Indian Road Crescent
W13801930,2026-09-19 00:00:00,4 DAYS,2026-09-23,7 - 128 Queen Street S
C13797402,2026-09-19 00:00:00,2 DAYS,2026-09-21,1479 Eglinton Avenue W
C13795978,2026-09-19 00:00:00,2 DAYS,2026-09-21,3023 Bathurst Street
W13802158,2026-09-19 00:00:00,4 DAYS,2026-09-23,3292 Topeka Drive
W13802954,2026-09-19 00:00:00,4 DAYS,2026-09-23,6981 Dunnview Court
W13803198,2026-09-19 00:00:00,4 DAYS,2026-09-23,3240 Tacc Drive
W13803398,2026-09-19 00:00:00,4 DAYS,2026-09-23,7331 Cork Tree Row
26023024,2026-09-19 00:00:00,4 DAYS,2026-09-23,6981 Dunnview Court
W13803772,2026-09-19 00:00:00,4 DAYS,2026-09-23,1012 - 6720 Glen Erin Drive
C13800688,2026-09-19 00:00:00,9 DAYS,2026-09-28,82 David Dunlap Circle
E13804368,2026-09-19 00:00:00,9 DAYS,2026-09-28,15 Satchell Boulevard
C13800896,2026-09-19 00:00:00,9 DAYS,2026-09-28,1416 - 60 Pavane Linkway Way
C13804158,2026-09-19 00:00:00,9 DAYS,2026-09-28,519 - 500 Wilson Avenue
E13801744,2026-09-19 00:00:00,9 DAYS,2026-09-28,309 - 90 Glen Everest Road
E13803452,2026-09-19 00:00:00,9 DAYS,2026-09-28,3 Bluewater Avenue
C13804316,2026-09-19 00:00:00,9 DAYS,2026-09-28,440 - 30 Dreamers Way
C13804198,2026-09-19 00:00:00,9 DAYS,2026-09-28,1702 - 10 Yonge Street
C13803932,2026-09-19 00:00:00,9 DAYS,2026-09-28,S546 - 180 Mill Street
C13802966,2026-09-19 00:00:00,9 DAYS,2026-09-28,1712 - 10 Queens Quay W
C13802480,2026-09-19 00:00:00,9 DAYS,2026-09-28,311 - 1 Scott Street
W13753378,2026-09-19 00:00:00,4 DAYS,2026-09-23,114 - 1065 Canadian Place
C13802380,2026-09-19 00:00:00,9 DAYS,2026-09-28,3706 - 159 Dundas Street E
C13801912,2026-09-19 00:00:00,9 DAYS,2026-09-28,1925A - 70 Princess Street
C13801268,2026-09-19 00:00:00,9 DAYS,2026-09-28,801 - 1 Market Street
C13800734,2026-09-19 00:00:00,9 DAYS,2026-09-28,549 Shuter Street
C13800624,2026-09-19 00:00:00,9 DAYS,2026-09-28,3903 - 319 Jarvis Street
C13800536,2026-09-19 00:00:00,9 DAYS,2026-09-28,502 - 170 Sumach Street
C13800442,2026-09-19 00:00:00,9 DAYS,2026-09-28,3602 - 18 Yonge Street
C13800368,2026-09-19 00:00:00,9 DAYS,2026-09-28,456 - 121 Lower Sherbourne Street
C13799792,2026-09-19 00:00:00,9 DAYS,2026-09-28,319 - 10 Oak Street
C13801854,2026-09-19 00:00:00,9 DAYS,2026-09-28,414 - 10 Queens Quay W
W13804850,2026-09-19 00:00:00,10 DAYS,2026-09-29,890 Blyleven Boulevard
W13804130,2026-09-19 00:00:00,10 DAYS,2026-09-29,6407 Ormindale Way
W13804522,2026-09-19 00:00:00,9 DAYS,2026-09-28,24 - 25 Gosford Boulevard
W13804920,2026-09-19 00:00:00,9 DAYS,2026-09-28,201 Derrydown Road
E13801636,2026-09-19 00:00:00,9 DAYS,2026-09-28,50 Joanith Drive
C13800718,2026-09-19 00:00:00,9 DAYS,2026-09-28,60 Warner Avenue
W13799492,2026-09-19 00:00:00,2 DAYS,2026-09-21,4100 Chesswood Drive
W13799494,2026-09-19 00:00:00,2 DAYS,2026-09-21,4100 Chesswood Drive
W13755998,2026-09-19 00:00:00,4 DAYS,2026-09-23,7 - 1725 Matheson Boulevard
W13753352,2026-09-19 00:00:00,4 DAYS,2026-09-23,114 - 1065 Canadian Place
W13805690,2026-09-19 00:00:00,10 DAYS,2026-09-29,3027 Coral Drive
C13802208,2026-09-19 00:00:00,9 DAYS,2026-09-28,602 - 1555 Finch Avenue E
C13802346,2026-09-19 00:00:00,9 DAYS,2026-09-28,1208 - 50 O'Neill Road
C13804682,2026-09-19 00:00:00,9 DAYS,2026-09-28,820 - 120 Dallimore Circle
C13803720,2026-09-19 00:00:00,9 DAYS,2026-09-28,1702 - 150 Fairview Mall Drive
C13804790,2026-09-19 00:00:00,9 DAYS,2026-09-28,1109 - 5 Parkway Forest Drive
C13795710,2026-09-19 00:00:00,2 DAYS,2026-09-21,608 - 220 Duncan Mill Road
C13801194,2026-09-19 00:00:00,9 DAYS,2026-09-28,12 Ruden Crescent
E13804558,2026-09-19 00:00:00,9 DAYS,2026-09-28,92 Fairglen Avenue
W13732642,2026-09-19 00:00:00,4 DAYS,2026-09-23,37 - 2120 Rathburn Road E
E13796642,2026-09-19 00:00:00,2 DAYS,2026-09-21,45 Rolark Drive
E13795442,2026-09-19 00:00:00,2 DAYS,2026-09-21,R007 - 300 Borough Drive
W13805412,2026-09-19 00:00:00,10 DAYS,2026-09-29,690 Hillman Crescent
W13804832,2026-09-19 00:00:00,10 DAYS,2026-09-29,4242 Petersburg Crescent
W13804304,2026-09-19 00:00:00,10 DAYS,2026-09-29,2043 Burbank Drive
W13802204,2026-09-19 00:00:00,9 DAYS,2026-09-28,1501 - 100 Quebec Avenue
W13802544,2026-09-19 00:00:00,9 DAYS,2026-09-28,607 - 1638 Bloor Street W
W13802862,2026-09-19 00:00:00,9 DAYS,2026-09-28,76 Viella Street
W13757112,2026-09-19 00:00:00,4 DAYS,2026-09-23,21 - 1485 Gulleden Drive
W13756184,2026-09-19 00:00:00,4 DAYS,2026-09-23,715 - 1625 Bloor Street
W13752318,2026-09-19 00:00:00,4 DAYS,2026-09-23,3310 Havenwood Drive
W13804232,2026-09-19 00:00:00,10 DAYS,2026-09-29,1703 - 4879 Kimbermount Avenue
W13800186,2026-09-19 00:00:00,9 DAYS,2026-09-28,159 Hillside Avenue
W13800600,2026-09-19 00:00:00,9 DAYS,2026-09-28,13 Twenty Ninth Street
E13804802,2026-09-19 00:00:00,9 DAYS,2026-09-28,89 Bushmills Square
E13804840,2026-09-19 00:00:00,9 DAYS,2026-09-28,113 - 55 Bamburgh Circle
W13805312,2026-09-19 00:00:00,9 DAYS,2026-09-28,406 - 185 Stephen Drive
W13803832,2026-09-19 00:00:00,9 DAYS,2026-09-28,19 Prince George Drive
W13804260,2026-09-19 00:00:00,9 DAYS,2026-09-28,55 Sunvale Drive
W13804466,2026-09-19 00:00:00,9 DAYS,2026-09-28,39 Loyalist Road
W13802044,2026-09-19 00:00:00,9 DAYS,2026-09-28,220 Falstaff Avenue
C13801858,2026-09-19 00:00:00,9 DAYS,2026-09-28,64 Turtle Island Road
W13804172,2026-09-19 00:00:00,9 DAYS,2026-09-28,99 Twenty Seventh Street
W13803900,2026-09-19 00:00:00,9 DAYS,2026-09-28,133 - 251 Manitoba Street
C13800356,2026-09-19 00:00:00,9 DAYS,2026-09-28,50 Teddington Park Avenue
W13803302,2026-09-19 00:00:00,9 DAYS,2026-09-28,67 Lake Promenade
W13802464,2026-09-19 00:00:00,9 DAYS,2026-09-28,1602 - 2220 Lakeshore Boulevard W
W13802174,2026-09-19 00:00:00,9 DAYS,2026-09-28,1208 - 2240 Lakeshore W Boulevard
W13801532,2026-09-19 00:00:00,9 DAYS,2026-09-28,2904 - 2240 Lake Shore Boulevard W
W13801480,2026-09-19 00:00:00,9 DAYS,2026-09-28,94 Lake Crescent
E13800646,2026-09-19 00:00:00,9 DAYS,2026-09-28,1206 - 2627 Mccowan Road
E13800740,2026-09-19 00:00:00,9 DAYS,2026-09-28,33 Rangeley Drive
E13801386,2026-09-19 00:00:00,9 DAYS,2026-09-28,109 - 45 Silver Springs Boulevard
E13802738,2026-09-19 00:00:00,9 DAYS,2026-09-28,47 - 435 Middlefield Road
E13802688,2026-09-19 00:00:00,9 DAYS,2026-09-28,15 Mantis Road
W13802488,2026-09-19 00:00:00,9 DAYS,2026-09-28,410 - 2267 Lake Shore Boulevard
W13804286,2026-09-19 00:00:00,10 DAYS,2026-09-29,2441 Willowburne Drive
W13803294,2026-09-19 00:00:00,9 DAYS,2026-09-28,758 Jane Street
W13753086,2026-09-19 00:00:00,4 DAYS,2026-09-23,1892 Beechknoll Avenue
E13803952,2026-09-19 00:00:00,9 DAYS,2026-09-28,35 Neilson Avenue
W13751696,2026-09-19 00:00:00,4 DAYS,2026-09-23,1261 Britannia Road E
E13804310,2026-09-19 00:00:00,9 DAYS,2026-09-28,82 Scarborough Heights Boulevard
C13797960,2026-09-19 00:00:00,2 DAYS,2026-09-21,641 St Clair Avenue W
W13794394,2026-09-19 00:00:00,2 DAYS,2026-09-21,1212 Bloor Street W
W13799392,2026-09-19 00:00:00,4 DAYS,2026-09-23,63 Queen Street S
W13800306,2026-09-19 00:00:00,4 DAYS,2026-09-23,2376 Bankside Drive
W13753462,2026-09-19 00:00:00,4 DAYS,2026-09-23,1883 Bough Beeches Boulevard
E13803902,2026-09-19 00:00:00,9 DAYS,2026-09-28,67 Ellington Drive
E13803282,2026-09-19 00:00:00,9 DAYS,2026-09-28,1701 - 8 Lee Centre Drive
E13801904,2026-09-19 00:00:00,9 DAYS,2026-09-28,544 Brimley Road
W13756424,2026-09-19 00:00:00,4 DAYS,2026-09-23,3051 Churchill Avenue
E13802210,2026-09-19 00:00:00,9 DAYS,2026-09-28,803 - 2 Glamorgan Avenue
W13755348,2026-09-19 00:00:00,4 DAYS,2026-09-23,3874 Brandon Gate Drive
W13754882,2026-09-19 00:00:00,4 DAYS,2026-09-23,3344 Chipley Crescent
W13751344,2026-09-19 00:00:00,4 DAYS,2026-09-23,58 - 3525 Brandon Gate Drive
W13804406,2026-09-19 00:00:00,10 DAYS,2026-09-29,5261 River Forest Court
W13804418,2026-09-19 00:00:00,10 DAYS,2026-09-29,5318 Bushelgrove Circle
W13805120,2026-09-19 00:00:00,10 DAYS,2026-09-29,5351 Rose Ridge Crescent
E13802368,2026-09-19 00:00:00,9 DAYS,2026-09-28,9 Gaylord Drive
E13803014,2026-09-19 00:00:00,9 DAYS,2026-09-28,185 Bellamy Road N
W13754530,2026-09-19 00:00:00,4 DAYS,2026-09-23,4229 Brandon Gate Drive
E13803090,2026-09-19 00:00:00,9 DAYS,2026-09-28,20 Japonica Road
C13805162,2026-09-19 00:00:00,9 DAYS,2026-09-28,B01 - 789 Don Mills Road
W13799126,2026-09-19 00:00:00,4 DAYS,2026-09-23,105 - 2301 Derry Road W
E13803312,2026-09-19 00:00:00,9 DAYS,2026-09-28,115 - 1703 Mccowan Road
E13802750,2026-09-19 00:00:00,9 DAYS,2026-09-28,24 Lalton Place
E13803988,2026-09-19 00:00:00,9 DAYS,2026-09-28,58 Rochman Boulevard E
W13805246,2026-09-20 00:00:00,8 DAYS,2026-09-28,2308 - 830 Lawrence Avenue W
W13806352,2026-09-20 00:00:00,8 DAYS,2026-09-28,403 - 1 Ripley Avenue
W13725818,2026-09-20 00:00:00,3 DAYS,2026-09-23,43 - 1764 Rathburn Road E
W13805742,2026-09-20 00:00:00,8 DAYS,2026-09-28,101 Ford Street
W13796496,2026-09-20 00:00:00,1 DAY,2026-09-21,121 Glendale Avenue
W13796876,2026-09-20 00:00:00,1 DAY,2026-09-21,11 Parmalea Crescent
C13796420,2026-09-20 00:00:00,1 DAY,2026-09-21,26 Claxton Boulevard
C13795958,2026-09-20 00:00:00,1 DAY,2026-09-21,11 Forest Ridge Drive
W13804856,2026-09-20 00:00:00,1 DAY,2026-09-21,1378 Queen Street W
W13802054,2026-09-20 00:00:00,1 DAY,2026-09-21,133 Jefferson Avenue
W13801570,2026-09-20 00:00:00,1 DAY,2026-09-21,160 Springhurst Avenue
C13804262,2026-09-20 00:00:00,1 DAY,2026-09-21,641 Dupont Street
W13802826,2026-09-20 00:00:00,1 DAY,2026-09-21,1180 St. Clair Avenue W
C13804838,2026-09-20 00:00:00,8 DAYS,2026-09-28,504 - 1 Cole Street
W13795600,2026-09-20 00:00:00,1 DAY,2026-09-21,36 Silvercrest Avenue
W13806298,2026-09-20 00:00:00,8 DAYS,2026-09-28,247 Hallmark Avenue
W13805712,2026-09-20 00:00:00,8 DAYS,2026-09-28,302 - 300 Manitoba Street
W13805718,2026-09-20 00:00:00,8 DAYS,2026-09-28,621 - 250 Manitoba Street
W13805664,2026-09-20 00:00:00,8 DAYS,2026-09-28,607 - 2261 Lake Shore Boulevard W
W13804810,2026-09-20 00:00:00,8 DAYS,2026-09-28,2615 - 30 Shore Breeze Drive
W13804872,2026-09-20 00:00:00,8 DAYS,2026-09-28,47 Eighth Street
W13805534,2026-09-20 00:00:00,8 DAYS,2026-09-28,502 - 41 Lake Shore Drive
W13805184,2026-09-20 00:00:00,8 DAYS,2026-09-28,10 Queens Avenue
W13804998,2026-09-20 00:00:00,8 DAYS,2026-09-28,150 - 225 Birmingham Street
C13804848,2026-09-20 00:00:00,8 DAYS,2026-09-28,502 - 32 Trolley Crescent
C13805070,2026-09-20 00:00:00,8 DAYS,2026-09-28,906 - 65 Mutual Street
C13805776,2026-09-20 00:00:00,8 DAYS,2026-09-28,1201 - 219 Dundas Street E
C13805698,2026-09-20 00:00:00,8 DAYS,2026-09-28,706 - 25 The Esplanade
C13805466,2026-09-20 00:00:00,8 DAYS,2026-09-28,2703 - 65 Mutual Street
C13805282,2026-09-20 00:00:00,8 DAYS,2026-09-28,2629 W - 135 Lower Sherbourne Street
W13796836,2026-09-20 00:00:00,1 DAY,2026-09-21,86 Edgecroft Road
W13796740,2026-09-20 00:00:00,1 DAY,2026-09-21,53 Wilgar Road
C13805500,2026-09-20 00:00:00,8 DAYS,2026-09-28,907 - 319 Jarvis Street
W13726348,2026-09-20 00:00:00,3 DAYS,2026-09-23,4906 - 60 Absolute Avenue
W13795136,2026-09-20 00:00:00,1 DAY,2026-09-21,304 - 1808 St. Clair Avenue W
W13806316,2026-09-20 00:00:00,8 DAYS,2026-09-28,901 - 5 Valhalla Inn Road
W13804532,2026-09-20 00:00:00,3 DAYS,2026-09-23,5610 Cortina Crescent
W13804852,2026-09-20 00:00:00,3 DAYS,2026-09-23,1579 Lovelady Crescent
W13805178,2026-09-20 00:00:00,3 DAYS,2026-09-23,35 - 455 Apache Court
W13805710,2026-09-20 00:00:00,3 DAYS,2026-09-23,2 - 1706 Dundas Street E
C13799422,2026-09-20 00:00:00,1 DAY,2026-09-21,301 Grace Street
C13798812,2026-09-20 00:00:00,1 DAY,2026-09-21,68 Montrose Avenue
W13796978,2026-09-20 00:00:00,1 DAY,2026-09-21,1526 Davenport Road
C13799444,2026-09-20 00:00:00,1 DAY,2026-09-21,1321 - 85 East Liberty Street
W13799174,2026-09-20 00:00:00,1 DAY,2026-09-21,304 - 24 Noble Street
C13799166,2026-09-20 00:00:00,1 DAY,2026-09-21,506 - 150 East Liberty Street
C13798796,2026-09-20 00:00:00,1 DAY,2026-09-21,343 - 30 Western Battery Road
C13798624,2026-09-20 00:00:00,1 DAY,2026-09-21,24 Manning Avenue
W13797036,2026-09-20 00:00:00,1 DAY,2026-09-21,416 - 20 Joe Shuster Way
C13796800,2026-09-20 00:00:00,1 DAY,2026-09-21,652 Richmond Street W
C13795778,2026-09-20 00:00:00,1 DAY,2026-09-21,156 Brock Avenue
W13795488,2026-09-20 00:00:00,1 DAY,2026-09-21,70 Melbourne Avenue
C13795598,2026-09-20 00:00:00,1 DAY,2026-09-21,16 Fennings Street
C13794898,2026-09-20 00:00:00,1 DAY,2026-09-21,9 Rebecca Street
W13806054,2026-09-20 00:00:00,8 DAYS,2026-09-28,502 - 1 Rowntree Road
W13806310,2026-09-20 00:00:00,8 DAYS,2026-09-28,59 Redwater Drive
W13806436,2026-09-20 00:00:00,8 DAYS,2026-09-28,1027 - 700 Humberwood Boulevard
W13806502,2026-09-20 00:00:00,8 DAYS,2026-09-28,35 - 26 Fieldway Road
E13799366,2026-09-20 00:00:00,1 DAY,2026-09-21,11 Guildpark Pathway
C13797962,2026-09-20 00:00:00,1 DAY,2026-09-21,641 St Clair Avenue W
W13797648,2026-09-20 00:00:00,1 DAY,2026-09-21,7 - 6 Bartlett Avenue
W13797550,2026-09-20 00:00:00,1 DAY,2026-09-21,221 Westmoreland Avenue
W13797490,2026-09-20 00:00:00,1 DAY,2026-09-21,850 Ossington Avenue
C13796852,2026-09-20 00:00:00,1 DAY,2026-09-21,492 Euclid Avenue
C13796822,2026-09-20 00:00:00,1 DAY,2026-09-21,177 Bellwoods Avenue
W13805736,2026-09-20 00:00:00,8 DAYS,2026-09-28,19 Park Lane
W13806196,2026-09-20 00:00:00,8 DAYS,2026-09-28,3403 - 70 Annie Craig Drive
C13796666,2026-09-20 00:00:00,1 DAY,2026-09-21,26 Geary Avenue
C13796430,2026-09-20 00:00:00,1 DAY,2026-09-21,227 Montrose Avenue
W13795970,2026-09-20 00:00:00,1 DAY,2026-09-21,66 Auburn Avenue
C13801702,2026-09-20 00:00:00,1 DAY,2026-09-21,793 King Street W
W13760094,2026-09-20 00:00:00,3 DAYS,2026-09-23,4141 Garrowhill Trail
E13799896,2026-09-20 00:00:00,1 DAY,2026-09-21,35 Love Crescent
W13804984,2026-09-20 00:00:00,1 DAY,2026-09-21,24 - 4801 Keele Street
W13803022,2026-09-20 00:00:00,1 DAY,2026-09-21,24 - 4801 Keele Street
E13804190,2026-09-20 00:00:00,1 DAY,2026-09-21,670 Coronation Drive
E13804186,2026-09-20 00:00:00,1 DAY,2026-09-21,650 Coronation Drive
C13798718,2026-09-20 00:00:00,1 DAY,2026-09-21,326 - 1 Bloor Street E
C13795336,2026-09-20 00:00:00,1 DAY,2026-09-21,912 - 825 Church Street
C13795104,2026-09-20 00:00:00,1 DAY,2026-09-21,4403 - 110 Charles Street E
C13799314,2026-09-20 00:00:00,1 DAY,2026-09-21,Ph2 - 281 Mutual Street
C13806370,2026-09-20 00:00:00,8 DAYS,2026-09-28,110 - 10 Inn On The Park Drive
C13806324,2026-09-20 00:00:00,8 DAYS,2026-09-28,37 Grangemill Crescent
C13805274,2026-09-20 00:00:00,8 DAYS,2026-09-28,11 Wilket Creek Road
C13805170,2026-09-20 00:00:00,8 DAYS,2026-09-28,2 Filbert Gate
W13806302,2026-09-20 00:00:00,8 DAYS,2026-09-28,920 - 15 James Finlay Way
W13805098,2026-09-20 00:00:00,8 DAYS,2026-09-28,503 - 4689 Jane Street
W13807076,2026-09-20 00:00:00,9 DAYS,2026-09-29,806 White Clover Way
W13806760,2026-09-20 00:00:00,9 DAYS,2026-09-29,3266 Weatherford Road
W13806770,2026-09-20 00:00:00,9 DAYS,2026-09-29,5532 Meadowcrest Avenue
W13806300,2026-09-20 00:00:00,3 DAYS,2026-09-23,117 - 2530 Eglinton Avenue W
E13794906,2026-09-20 00:00:00,1 DAY,2026-09-21,157 Heward Avenue
C13797154,2026-09-20 00:00:00,1 DAY,2026-09-21,44 Kennard Avenue
C13794886,2026-09-20 00:00:00,1 DAY,2026-09-21,1006 - 28 Linden Street
E13798790,2026-09-20 00:00:00,1 DAY,2026-09-21,68 Osborne Avenue
W13758462,2026-09-20 00:00:00,3 DAYS,2026-09-23,1916 Pagehurst Court
W13758994,2026-09-20 00:00:00,3 DAYS,2026-09-23,3314 Queen Frederica Drive
W13759396,2026-09-20 00:00:00,3 DAYS,2026-09-23,870 Hollowtree Crescent
W13761010,2026-09-20 00:00:00,3 DAYS,2026-09-23,112 - 1812 Burnhamthorpe Road E
W13761620,2026-09-20 00:00:00,3 DAYS,2026-09-23,3594 Autumn Harvest Drive
E13802050,2026-09-20 00:00:00,1 DAY,2026-09-21,Unit G29 - 8 Glen Watford Drive
E13804946,2026-09-20 00:00:00,1 DAY,2026-09-21,G12 - 8 Glen Watford Drive
W13757878,2026-09-20 00:00:00,3 DAYS,2026-09-23,1007 - 1300 Bloor Street
E13798734,2026-09-20 00:00:00,1 DAY,2026-09-21,43 Ferris Road
E13798524,2026-09-20 00:00:00,1 DAY,2026-09-21,77 Oak Park Avenue
W13760992,2026-09-20 00:00:00,3 DAYS,2026-09-23,A-223 - 5105 Hurontario Street
W13760982,2026-09-20 00:00:00,3 DAYS,2026-09-23,A-2204 - 5105 Hurontario Street
W13761002,2026-09-20 00:00:00,3 DAYS,2026-09-23,A-1908 - 5105 Hurontario Street
W13760996,2026-09-20 00:00:00,3 DAYS,2026-09-23,A-1001 - 5105 Hurontario Street
C13797906,2026-09-20 00:00:00,1 DAY,2026-09-21,128 Manor Road E
C13797656,2026-09-20 00:00:00,1 DAY,2026-09-21,1106 - 10 Delisle Avenue
C13797538,2026-09-20 00:00:00,1 DAY,2026-09-21,219 Broadway Avenue
C13797140,2026-09-20 00:00:00,1 DAY,2026-09-21,1004 - 33 Delisle Avenue
C13797062,2026-09-20 00:00:00,1 DAY,2026-09-21,1504 - 1815 Yonge Street
C13796818,2026-09-20 00:00:00,1 DAY,2026-09-21,207 - 1430 Yonge Street
C13796700,2026-09-20 00:00:00,1 DAY,2026-09-21,505 - 61 St Clair Avenue W
W13757562,2026-09-20 00:00:00,3 DAYS,2026-09-23,15 Beverley Street
W13760568,2026-09-20 00:00:00,3 DAYS,2026-09-23,5715 Mcadam Road
W13760598,2026-09-20 00:00:00,3 DAYS,2026-09-23,5715 Mcadam Road
C13796132,2026-09-20 00:00:00,1 DAY,2026-09-21,320 - 111 St Clair Avenue W
C13796002,2026-09-20 00:00:00,1 DAY,2026-09-21,201 - 33 Delisle Avenue
C13795682,2026-09-20 00:00:00,1 DAY,2026-09-21,1007 - 223 St Clair Avenue W
C13795014,2026-09-20 00:00:00,1 DAY,2026-09-21,63 Lonsdale Road
C13796192,2026-09-20 00:00:00,1 DAY,2026-09-21,Th-103 - 1815 Yonge Street
C13805480,2026-09-20 00:00:00,8 DAYS,2026-09-28,C20 - 108 Finch Avenue W
W13806180,2026-09-20 00:00:00,9 DAYS,2026-09-29,1205 - 33 Elm Drive
W13806250,2026-09-20 00:00:00,9 DAYS,2026-09-29,406 - 388 Prince Of Wales Drive
W13806288,2026-09-20 00:00:00,9 DAYS,2026-09-29,54 - 4620 Guildwood Way
W13805726,2026-09-20 00:00:00,3 DAYS,2026-09-23,108 - 55 Eglinton Avenue W
E13805102,2026-09-20 00:00:00,8 DAYS,2026-09-28,174 - 124 Dusay Place
E13805356,2026-09-20 00:00:00,8 DAYS,2026-09-28,1 - 255 Mclevin Avenue
E13805354,2026-09-20 00:00:00,8 DAYS,2026-09-28,23 - 25 Priya Lane
W13807106,2026-09-20 00:00:00,9 DAYS,2026-09-29,1082 Haydonbridge Court
E13805614,2026-09-20 00:00:00,8 DAYS,2026-09-28,703 - 1161 Kingston Road
E13806536,2026-09-20 00:00:00,8 DAYS,2026-09-28,109 - 3560 St. Clair Avenue E
E13806558,2026-09-20 00:00:00,8 DAYS,2026-09-28,815 - 3421 Sheppard Avenue E
E13806482,2026-09-20 00:00:00,8 DAYS,2026-09-28,16 Horfield Avenue
E13806430,2026-09-20 00:00:00,8 DAYS,2026-09-28,65 Akil Thomas Gardens
E13806382,2026-09-20 00:00:00,8 DAYS,2026-09-28,69 Fenwood Heights
E13806270,2026-09-20 00:00:00,8 DAYS,2026-09-28,4 Wantanopa Crescent
E13805766,2026-09-20 00:00:00,8 DAYS,2026-09-28,36 Martindale Road
E13805448,2026-09-20 00:00:00,8 DAYS,2026-09-28,1619 - 238 Bonis Avenue
E13805382,2026-09-20 00:00:00,8 DAYS,2026-09-28,209 - 921 Midland Avenue
E13805332,2026-09-20 00:00:00,8 DAYS,2026-09-28,21 Eastgate Crescent
W13806406,2026-09-20 00:00:00,9 DAYS,2026-09-29,2006 - 285 Enfield Place
E13804968,2026-09-20 00:00:00,8 DAYS,2026-09-28,71 Sundance Crescent
E13804944,2026-09-20 00:00:00,8 DAYS,2026-09-28,520 - 3220 Sheppard Avenue E
E13804950,2026-09-20 00:00:00,8 DAYS,2026-09-28,1707 - 3220 Sheppard Avenue
E13806218,2026-09-20 00:00:00,8 DAYS,2026-09-28,3857 Finch Avenue E
E13806236,2026-09-20 00:00:00,8 DAYS,2026-09-28,3859 Finch Avenue E
E13806260,2026-09-20 00:00:00,8 DAYS,2026-09-28,704 - 2800 Warden Avenue
E13806272,2026-09-20 00:00:00,8 DAYS,2026-09-28,367 - 515 Kingbird Grove
E13805828,2026-09-20 00:00:00,8 DAYS,2026-09-28,8 - 850 Huntingwood Drive
E13805770,2026-09-20 00:00:00,8 DAYS,2026-09-28,4 - 235 Mclevin Avenue
E13805508,2026-09-20 00:00:00,8 DAYS,2026-09-28,315 - 2628 Mccowan Road
E13805326,2026-09-20 00:00:00,8 DAYS,2026-09-28,325 - 2100 Bridletowne Circle
E13805350,2026-09-20 00:00:00,8 DAYS,2026-09-28,27 - 155 Tapscott Road
E13805352,2026-09-20 00:00:00,8 DAYS,2026-09-28,7 - 30 Liben Way
E13804974,2026-09-20 00:00:00,8 DAYS,2026-09-28,1423 - 135 Village Green Square
W13806666,2026-09-20 00:00:00,9 DAYS,2026-09-29,2705 - 36 Elm Drive W
W13806878,2026-09-20 00:00:00,9 DAYS,2026-09-29,805 - 360 Square One Drive
W13806908,2026-09-20 00:00:00,9 DAYS,2026-09-29,305 - 220 Burnhamthorpe Road W
C13806282,2026-09-20 00:00:00,8 DAYS,2026-09-28,1010 - 38 Forest Manor Road
C13805658,2026-09-20 00:00:00,8 DAYS,2026-09-28,2708 - 115 Mcmahon Drive
C13805488,2026-09-20 00:00:00,8 DAYS,2026-09-28,4 Quincy Crescent
C13805510,2026-09-20 00:00:00,8 DAYS,2026-09-28,174 Rusty Crestway
C13805362,2026-09-20 00:00:00,8 DAYS,2026-09-28,1701B - 19 Singer Court
C13804966,2026-09-20 00:00:00,8 DAYS,2026-09-28,317 - 70 Forest Manor Road
C13805848,2026-09-20 00:00:00,8 DAYS,2026-09-28,1 Snowcrest Avenue
C13806552,2026-09-20 00:00:00,8 DAYS,2026-09-28,120 Estelle Avenue
C13806474,2026-09-20 00:00:00,8 DAYS,2026-09-28,706 - 15 Holmes Avenue
C13806420,2026-09-20 00:00:00,8 DAYS,2026-09-28,Th11 - 6 Greenbriar Road
C13806368,2026-09-20 00:00:00,8 DAYS,2026-09-28,1602 - 18 Parkview Avenue
C13806086,2026-09-20 00:00:00,8 DAYS,2026-09-28,102 - 16 Humberstone Drive
C13805786,2026-09-20 00:00:00,8 DAYS,2026-09-28,46 Wimpole Drive
C13806124,2026-09-20 00:00:00,8 DAYS,2026-09-28,38 Denrock Drive
C13805404,2026-09-20 00:00:00,8 DAYS,2026-09-28,3207 - 18 Spring Garden Avenue
W13805980,2026-09-20 00:00:00,3 DAYS,2026-09-23,105 - 165 Dundas Street W
W13760066,2026-09-20 00:00:00,3 DAYS,2026-09-23,2068 Stewart Crescent
W13806222,2026-09-20 00:00:00,8 DAYS,2026-09-28,312 - 160 Flemington Road
W13760174,2026-09-20 00:00:00,3 DAYS,2026-09-23,903 Johnathan Drive
E13795418,2026-09-20 00:00:00,1 DAY,2026-09-21,1 Rolling Meadows
C13802200,2026-09-20 00:00:00,1 DAY,2026-09-21,511 Mount Pleasant Road
E13801484,2026-09-20 00:00:00,1 DAY,2026-09-21,744 Gerrard Street E
E13803748,2026-09-20 00:00:00,1 DAY,2026-09-21,1374 Queen Street E
E13803966,2026-09-20 00:00:00,1 DAY,2026-09-21,239 Broadview Avenue
C13800856,2026-09-20 00:00:00,1 DAY,2026-09-21,213 - 15 Wellesley Street W
C13799814,2026-09-20 00:00:00,1 DAY,2026-09-21,Ph7 - 10 Willison Square
C13796376,2026-09-20 00:00:00,1 DAY,2026-09-21,3505 - 8 York Street
C13798786,2026-09-20 00:00:00,1 DAY,2026-09-21,6 Littlehayes Lane
C13796986,2026-09-20 00:00:00,1 DAY,2026-09-21,1707 - 70 Temperance Street
C13796890,2026-09-20 00:00:00,1 DAY,2026-09-21,703 - 736 Bay Street
C13795102,2026-09-20 00:00:00,1 DAY,2026-09-21,2911 - 386 Yonge Street
C13795062,2026-09-20 00:00:00,1 DAY,2026-09-21,1201 - 88 Cumberland Street
E13806034,2026-09-20 00:00:00,8 DAYS,2026-09-28,5 Bertmount Avenue
W13806410,2026-09-20 00:00:00,8 DAYS,2026-09-28,716 - 370 Dixon Road
W13806348,2026-09-20 00:00:00,8 DAYS,2026-09-28,305N - 3 Hickory Tree Road
C13796158,2026-09-20 00:00:00,1 DAY,2026-09-21,4508 - 295 Adelaide Street W
C13795764,2026-09-20 00:00:00,1 DAY,2026-09-21,915 - 17 Bathurst Street
C13795538,2026-09-20 00:00:00,1 DAY,2026-09-21,8 - 11 Niagara Street
C13795446,2026-09-20 00:00:00,1 DAY,2026-09-21,21 - 11 Niagara Street
C13795142,2026-09-20 00:00:00,1 DAY,2026-09-21,1020 - 525 Adelaide Street W
C13795120,2026-09-20 00:00:00,1 DAY,2026-09-21,815 - 80 Vanauley Street
C13798122,2026-09-20 00:00:00,1 DAY,2026-09-21,1113 - 18 Stafford Street
C13798110,2026-09-20 00:00:00,1 DAY,2026-09-21,2909 - 21 Widmer Street
C13794974,2026-09-20 00:00:00,1 DAY,2026-09-21,1016 - 17 Bathurst Street
C13798302,2026-09-20 00:00:00,1 DAY,2026-09-21,Ph3 - 2 Augusta Avenue
C13798232,2026-09-20 00:00:00,1 DAY,2026-09-21,1206 - 90 Stadium Road
C13798418,2026-09-20 00:00:00,1 DAY,2026-09-21,611 - 19 Bathurst Street
C13798520,2026-09-20 00:00:00,1 DAY,2026-09-21,4011 - 19 Bathurst Street
C13798792,2026-09-20 00:00:00,1 DAY,2026-09-21,601 - 123 Portland Street
C13798980,2026-09-20 00:00:00,1 DAY,2026-09-21,722 - 560 Front Street W
C13799940,2026-09-20 00:00:00,1 DAY,2026-09-21,Sph29 - 28 Widmer Street
C13806058,2026-09-20 00:00:00,8 DAYS,2026-09-28,21 Laurier Avenue E
E13805884,2026-09-20 00:00:00,8 DAYS,2026-09-28,49 Wayland Avenue
C13799856,2026-09-20 00:00:00,1 DAY,2026-09-21,107 - 115 Denison Avenue
C13797056,2026-09-20 00:00:00,1 DAY,2026-09-21,804 - 208 Queens Quay W
W13806428,2026-09-20 00:00:00,8 DAYS,2026-09-28,108 - 259 The Kingsway
E13088830,2026-09-20 00:00:00,1 DAY,2026-09-21,140 Benleigh Drive
C13799518,2026-09-20 00:00:00,1 DAY,2026-09-21,1803 - 91 Montclair Avenue
C13806102,2026-09-20 00:00:00,8 DAYS,2026-09-28,102 - 33 Helendale Avenue
C13797842,2026-09-20 00:00:00,1 DAY,2026-09-21,159 Colin Avenue
C13796540,2026-09-20 00:00:00,1 DAY,2026-09-21,307 - 23 Glebe Road W
C13795926,2026-09-20 00:00:00,1 DAY,2026-09-21,1703/1705 Bathurst Street
C13795756,2026-09-20 00:00:00,1 DAY,2026-09-21,29 Highbourne Avenue
E13804868,2026-09-20 00:00:00,8 DAYS,2026-09-28,303 - 4 Park Vista
C13796602,2026-09-20 00:00:00,1 DAY,2026-09-21,19 Wascana Avenue
C13796992,2026-09-20 00:00:00,1 DAY,2026-09-21,507 - 298 Jarvis Street
C13800078,2026-09-20 01:00:00,23 HOURS,2026-09-21,Ph5201 - 25 Telegram Mews
W13800038,2026-09-20 01:00:00,23 HOURS,2026-09-21,C35 - 288 Mill Road
W13799976,2026-09-20 01:00:00,23 HOURS,2026-09-21,17 Agar Crescent
C13800060,2026-09-20 01:00:00,23 HOURS,2026-09-21,706 - 533 Richmond Street W
C13804940,2026-09-20 02:00:00,22 HOURS,2026-09-21,2110 - 30 Gloucester Street
E13800316,2026-09-20 02:00:00,22 HOURS,2026-09-21,350 Lumsden Avenue
E13805212,2026-09-20 02:00:00,22 HOURS,2026-09-21,1381 Danforth Avenue
C13805094,2026-09-20 03:00:00,21 HOURS,2026-09-21,404 - 183 Dovercourt Road
W13800238,2026-09-20 03:00:00,21 HOURS,2026-09-21,4 Athlone Drive
C13800292,2026-09-20 03:00:00,21 HOURS,2026-09-21,1505 - 717 Bay Street
C13805154,2026-09-20 04:00:00,20 HOURS,2026-09-21,215 - 11 Brunel Court
C13805126,2026-09-20 04:00:00,20 HOURS,2026-09-21,919 - 525 Adelaide Street W
C13800380,2026-09-20 04:00:00,20 HOURS,2026-09-21,2809 - 609 Sherbourne Street
C13805196,2026-09-20 04:00:00,20 HOURS,2026-09-21,1104 - 99 John Street
C13800502,2026-09-20 05:00:00,19 HOURS,2026-09-21,703 - 11 Wellesley Street W
C13800504,2026-09-20 05:00:00,19 HOURS,2026-09-21,62 Bowood Avenue
C13805344,2026-09-20 06:00:00,18 HOURS,2026-09-21,106 - 509 Beecroft Road N
C13800556,2026-09-20 06:00:00,18 HOURS,2026-09-21,639 - 91 Montclair Avenue
C13800604,2026-09-20 06:00:00,18 HOURS,2026-09-21,1105 - 19 Bathurst Street
C13800608,2026-09-20 06:00:00,18 HOURS,2026-09-21,1001 - 281 Mutual Street
C13805328,2026-09-20 06:00:00,18 HOURS,2026-09-21,1705 - 25 Grenville Street
C13805306,2026-09-20 06:00:00,18 HOURS,2026-09-21,308 - 8 Dovercourt Road
C13805324,2026-09-20 06:00:00,18 HOURS,2026-09-21,104 - 993 Queen Street W
C13800632,2026-09-20 07:00:00,17 HOURS,2026-09-21,2012 - 14 York Street
W13800628,2026-09-20 07:00:00,17 HOURS,2026-09-21,810 Ossington Avenue
C13800724,2026-09-20 13:00:00,11 HOURS,2026-09-21,270 Euclid Avenue
C13800698,2026-09-20 13:00:00,11 HOURS,2026-09-21,237 Melita Avenue
C13800822,2026-09-20 13:00:00,11 HOURS,2026-09-21,32 Northey Drive
W13800726,2026-09-20 13:00:00,11 HOURS,2026-09-21,209 - 25 Richgrove Drive
E13805522,2026-09-20 13:00:00,11 HOURS,2026-09-21,D205 - 69 Lebovic Avenue
C13800680,2026-09-20 13:00:00,11 HOURS,2026-09-21,1309 - 65 East Liberty Street
C13800716,2026-09-20 13:00:00,11 HOURS,2026-09-21,403 - 980 Yonge Street
C13800876,2026-09-20 14:00:00,10 HOURS,2026-09-21,2711 - 10 York Street
W13800788,2026-09-20 14:00:00,10 HOURS,2026-09-21,28 Garden Avenue
C13801102,2026-09-20 15:00:00,9 HOURS,2026-09-21,337 - 1005 King Street W
W13805494,2026-09-20 15:00:00,9 HOURS,2026-09-21,706 - 858 Dupont Street
C13801252,2026-09-20 15:00:00,9 HOURS,2026-09-21,1506 - 75 Wynford Heights Crescent
W13801220,2026-09-20 15:00:00,9 HOURS,2026-09-21,49 Braddock Road
C13805738,2026-09-20 15:00:00,9 HOURS,2026-09-21,357 - 4750 Yonge Street
C13801126,2026-09-20 15:00:00,9 HOURS,2026-09-21,202 - 135 Maitland Street
C13805484,2026-09-20 15:00:00,9 HOURS,2026-09-21,99 Euclid Avenue
E13801408,2026-09-20 16:00:00,8 HOURS,2026-09-21,50 Highfield Road
C13801530,2026-09-20 16:00:00,8 HOURS,2026-09-21,63 Highland Avenue
C13806884,2026-09-20 16:00:00,8 HOURS,2026-09-21,1707 - 58 Orchard View Boulevard
C13801326,2026-09-20 16:00:00,8 HOURS,2026-09-21,305 - 38 Avenue Road
C13801522,2026-09-20 16:00:00,8 HOURS,2026-09-21,703 - 32 Davenport Road
C13805598,2026-09-20 16:00:00,8 HOURS,2026-09-21,1226 - 77 Maitland Place
C13801218,2026-09-20 16:00:00,8 HOURS,2026-09-21,321 Euclid Avenue
C13801592,2026-09-20 16:00:00,8 HOURS,2026-09-21,28 Robinson Street
C13801548,2026-09-20 16:00:00,8 HOURS,2026-09-21,6 Crocker Avenue
C13806892,2026-09-20 16:00:00,8 HOURS,2026-09-21,616 - 8 Tippett Road
E13801860,2026-09-20 16:00:00,8 HOURS,2026-09-21,1510 - 2466 Eglinton Avenue E
C13802192,2026-09-20 17:00:00,7 HOURS,2026-09-21,1806 - 49 East Liberty Street
E13806912,2026-09-20 17:00:00,7 HOURS,2026-09-21,111 Briarscross Boulevard
C13807582,2026-09-20 17:00:00,7 HOURS,2026-09-21,2707 - 23 Sheppard Avenue E
C13806918,2026-09-20 17:00:00,7 HOURS,2026-09-21,17 Ealing Drive
W13801672,2026-09-20 17:00:00,7 HOURS,2026-09-21,218 Delta Street
C13805624,2026-09-20 17:00:00,7 HOURS,2026-09-21,1007 - 330 Richmond Street W
E13806718,2026-09-20 17:00:00,7 HOURS,2026-09-21,1194 Danforth Avenue
C13802212,2026-09-20 17:00:00,7 HOURS,2026-09-21,511 Mount Pleasant Road
W13802534,2026-09-20 18:00:00,6 HOURS,2026-09-21,73B James Street
C13806984,2026-09-20 18:00:00,6 HOURS,2026-09-21,97 Estelle Avenue
C13802682,2026-09-20 18:00:00,6 HOURS,2026-09-21,Ph811 - 800 King Street W
C13806960,2026-09-20 18:00:00,6 HOURS,2026-09-21,907 - 210 Victoria Street
C13806932,2026-09-20 18:00:00,6 HOURS,2026-09-21,2210 - 33 Sheppard Avenue E
C13802630,2026-09-20 18:00:00,6 HOURS,2026-09-21,80 Northcote Avenue
W13805764,2026-09-20 18:00:00,6 HOURS,2026-09-21,426 Delaware Avenue N
C13802508,2026-09-20 18:00:00,6 HOURS,2026-09-21,3411 - 11 Wellesley Street
C13802796,2026-09-20 18:00:00,6 HOURS,2026-09-21,907 - 5 Soudan Avenue
W13807616,2026-09-20 18:00:00,6 HOURS,2026-09-21,1111 - 1070 Sheppard Avenue W
C13805810,2026-09-20 18:00:00,6 HOURS,2026-09-21,2301 - 21 Grand Magazine Street
C13806756,2026-09-20 18:00:00,6 HOURS,2026-09-21,3 - 69 Upper Canada Drive
E13806988,2026-09-20 18:00:00,6 HOURS,2026-09-21,"421, 421A Donlands Avenue"
C13802444,2026-09-20 18:00:00,6 HOURS,2026-09-21,4309 - 11 Wellesley Street
C13805916,2026-09-20 19:00:00,5 HOURS,2026-09-21,511 - 308 Jarvis Street
C13807000,2026-09-20 19:00:00,5 HOURS,2026-09-21,77 Billington Crescent
C13802850,2026-09-20 19:00:00,5 HOURS,2026-09-21,5101 - 12 York Street
W13806966,2026-09-20 19:00:00,5 HOURS,2026-09-21,149 - 2645 Jane Street
C13803026,2026-09-20 19:00:00,5 HOURS,2026-09-21,903 - 19 Brant Street
C13803056,2026-09-20 19:00:00,5 HOURS,2026-09-21,1006 - 328 Dupont Street
C13803024,2026-09-20 19:00:00,5 HOURS,2026-09-21,Ph07 - 308 Palmerston Avenue
C13807030,2026-09-20 19:00:00,5 HOURS,2026-09-21,301 - 2 Forest Hill Road
C13805934,2026-09-20 19:00:00,5 HOURS,2026-09-21,611 - 108 Peter Street
W13807028,2026-09-20 19:00:00,5 HOURS,2026-09-21,19 Hamer Boulevard
E13807622,2026-09-20 19:00:00,5 HOURS,2026-09-21,111 Bradstone Square
C13807620,2026-09-20 19:00:00,5 HOURS,2026-09-21,552 - 111 Elizabeth Street
E13802894,2026-09-20 19:00:00,5 HOURS,2026-09-21,12 Hazel Avenue
C13806784,2026-09-20 19:00:00,5 HOURS,2026-09-21,2805 - 161 Roehampton Ave Avenue
C13802942,2026-09-20 19:00:00,5 HOURS,2026-09-21,310 - 151 Avenue Road
C13803062,2026-09-20 19:00:00,5 HOURS,2026-09-21,205 - 308 Jarvis Street
C13803012,2026-09-20 19:00:00,5 HOURS,2026-09-21,717 - 308 Jarvis Street
C13807132,2026-09-20 20:00:00,4 HOURS,2026-09-21,2506 - 219 Fort York Boulevard
C13807070,2026-09-20 20:00:00,4 HOURS,2026-09-21,411 - 2 Forest Hill Road
W13807108,2026-09-20 20:00:00,4 HOURS,2026-09-21,330 - 58 Marine Parade Drive
C13807096,2026-09-20 20:00:00,4 HOURS,2026-09-21,216 - 60 Shuter Street
W13807128,2026-09-20 20:00:00,4 HOURS,2026-09-21,23 16Th Street
C13806110,2026-09-20 20:00:00,4 HOURS,2026-09-21,58 Old Forest Hill Road
E13806820,2026-09-20 20:00:00,4 HOURS,2026-09-21,30 Meadowacres Drive
E13806056,2026-09-20 20:00:00,4 HOURS,2026-09-21,127 Presley Avenue
C13807098,2026-09-20 20:00:00,4 HOURS,2026-09-21,556 Parliament Street
C13803306,2026-09-20 20:00:00,4 HOURS,2026-09-21,203 - 80 Vanauley Street
C13803316,2026-09-20 20:00:00,4 HOURS,2026-09-21,2109 - 361 Front Street W
C13803544,2026-09-20 20:00:00,4 HOURS,2026-09-21,89 Beatrice Street
E13806828,2026-09-20 20:00:00,4 HOURS,2026-09-21,721 - 2550 Lawrence Avenue E
C13803598,2026-09-20 20:00:00,4 HOURS,2026-09-21,502 - 135 Dalhousie Street
C13806822,2026-09-20 20:00:00,4 HOURS,2026-09-21,510 - 17 Kenaston Gardens
C13806028,2026-09-20 20:00:00,4 HOURS,2026-09-21,602 - 41 Dovercourt Road
C13807162,2026-09-20 21:00:00,3 HOURS,2026-09-21,92 Baltray Crescent
C13807722,2026-09-20 21:00:00,3 HOURS,2026-09-21,2702 - 80 Antibes Drive
C13803886,2026-09-20 21:00:00,3 HOURS,2026-09-21,1913 - 210 Simcoe Street
C13807194,2026-09-20 21:00:00,3 HOURS,2026-09-21,6 Laurie Shepway
C13803778,2026-09-20 21:00:00,3 HOURS,2026-09-21,713 - 11 St Joseph Street
C13803648,2026-09-20 21:00:00,3 HOURS,2026-09-21,809 - 46 Western Battery Road
W13807706,2026-09-20 21:00:00,3 HOURS,2026-09-21,142 Ennerdale Road
C13806264,2026-09-20 21:00:00,3 HOURS,2026-09-21,211 - 308 Jarvis Street
W13804270,2026-09-20 22:00:00,2 HOURS,2026-09-21,2 Granite Court
C13807498,2026-09-20 22:00:00,2 HOURS,2026-09-21,230 Glen Road
E13807488,2026-09-20 22:00:00,2 HOURS,2026-09-21,54 Chatham Avenue
C13807730,2026-09-20 22:00:00,2 HOURS,2026-09-21,Th515 - 95 Mcmahon Drive
C13804132,2026-09-20 22:00:00,2 HOURS,2026-09-21,135 Madison Avenue
C13807742,2026-09-20 22:00:00,2 HOURS,2026-09-21,1810 - 35 Balmuto Street
E13807264,2026-09-20 22:00:00,2 HOURS,2026-09-21,#221 - 188 Bonis Avenue
W13804330,2026-09-20 22:00:00,2 HOURS,2026-09-21,108 - 130 Canon Jackson Drive
W13807522,2026-09-20 22:00:00,2 HOURS,2026-09-21,402 - 50 Lotherton Pathway
W13807746,2026-09-20 22:00:00,2 HOURS,2026-09-21,1616 - 15 La Rose Avenue
C13807758,2026-09-20 22:00:00,2 HOURS,2026-09-21,36 Macpherson Avenue
C13806308,2026-09-20 22:00:00,2 HOURS,2026-09-21,4504 - 8 Eglinton Avenue E
E13806870,2026-09-20 22:00:00,2 HOURS,2026-09-21,1662 Midland Avenue
C13806456,2026-09-20 23:00:00,1 HOUR,2026-09-21,2305 - 352 Front Street
W13807314,2026-09-20 23:00:00,1 HOUR,2026-09-21,404 - 2 Old Mill Drive
W13807318,2026-09-20 23:00:00,1 HOUR,2026-09-21,201/2 O'Hara Avenue Ne
C13807534,2026-09-20 23:00:00,1 HOUR,2026-09-21,1 Crawford Street
E13807336,2026-09-20 23:00:00,1 HOUR,2026-09-21,246 Ellington Drive
W13807338,2026-09-20 23:00:00,1 HOUR,2026-09-21,3 - 133 Isaac Devins Boulevard
C13804846,2026-09-20 23:07:00,53 MINUTES,2026-09-21,103 - 21 Earl Street
C13804796,2026-09-20 23:07:00,53 MINUTES,2026-09-21,655 - 155 Dalhousie Street
C13804760,2026-09-20 23:13:00,47 MINUTES,2026-09-21,304 - 11 St Joseph Street
C13806596,2026-09-20 23:17:00,43 MINUTES,2026-09-21,Ph3608 - 89 Dunfield Avenue
C13807412,2026-09-20 23:21:00,39 MINUTES,2026-09-21,3263 Yonge Street
C13806514,2026-09-20 23:41:00,19 MINUTES,2026-09-21,255 - 64 Douro Street
C13807408,2026-09-20 23:42:00,18 MINUTES,2026-09-21,171 Elmwood Avenue
E13807388,2026-09-20 23:43:00,17 MINUTES,2026-09-21,86 Halfmoon Square
C13807424,2026-09-20 23:46:00,14 MINUTES,2026-09-21,708 - 100 Leeward Glenway
C13806634,2026-09-20 23:46:00,14 MINUTES,2026-09-21,1507 - 110 Charles Street E
C13806644,2026-09-20 23:46:00,14 MINUTES,2026-09-21,926 - 155 Dalhousie Street
W13807414,2026-09-20 23:48:00,12 MINUTES,2026-09-21,3 Herzberg Gardens
W13807400,2026-09-20 23:48:00,12 MINUTES,2026-09-21,2221 - 2 Eva Road
C13806674,2026-09-20 23:51:00,9 MINUTES,2026-09-21,506 - 151 Avenue Road
W13809292,2026-09-21 00:00:00,8 DAYS,2026-09-29,5969 Rayshaw Crescent
W13809366,2026-09-21 00:00:00,8 DAYS,2026-09-29,5851 Summerside Drive
W13808678,2026-09-21 00:00:00,8 DAYS,2026-09-29,2736 Council Ring Road
W13809504,2026-09-21 00:00:00,8 DAYS,2026-09-29,1563 Brentano Boulevard
W13808558,2026-09-21 00:00:00,8 DAYS,2026-09-29,3493 Mcdowell Drive
W13763804,2026-09-21 00:00:00,2 DAYS,2026-09-23,4107 Wilcox Road
W13808338,2026-09-21 00:00:00,8 DAYS,2026-09-29,2727 Bucklepost Crescent
W13808042,2026-09-21 00:00:00,8 DAYS,2026-09-29,5911 Greensboro Drive
W13807240,2026-09-21 00:00:00,2 DAYS,2026-09-23,302 - 86 Dundas Street E
W13808302,2026-09-21 00:00:00,8 DAYS,2026-09-29,7339 Black Walnut Trail
W13807538,2026-09-21 00:00:00,8 DAYS,2026-09-29,603 - 225 Webb Drive
W13766528,2026-09-21 00:00:00,2 DAYS,2026-09-23,105 - 3417 Derry Road E
W13807372,2026-09-21 00:00:00,8 DAYS,2026-09-29,2258 Brookhurst Road
W13807362,2026-09-21 00:00:00,8 DAYS,2026-09-29,163 - 1575 Lakeshore Road
W13808244,2026-09-21 00:00:00,8 DAYS,2026-09-29,1877 Silverberry Crescent
W13768432,2026-09-21 00:00:00,2 DAYS,2026-09-23,6 - 1707 Sismet Road
W13769320,2026-09-21 00:00:00,2 DAYS,2026-09-23,6 - 5130 Dixie Road S
W13763978,2026-09-21 00:00:00,2 DAYS,2026-09-23,1006 - 3555 Derry Road E
W13768218,2026-09-21 00:00:00,2 DAYS,2026-09-23,7553 Wildfern Drive
W13807202,2026-09-21 00:00:00,2 DAYS,2026-09-23,2A04 - 7215 Goreway Drive N
W13766964,2026-09-21 00:00:00,2 DAYS,2026-09-23,11 - 3525 Brandon Gate Drive
W13769294,2026-09-21 00:00:00,2 DAYS,2026-09-23,132 - 1221 Dundix Road
W13769350,2026-09-21 00:00:00,2 DAYS,2026-09-23,804 - 1359 Rathburn Road E
W13807924,2026-09-21 00:00:00,8 DAYS,2026-09-29,26A - 5205 Glen Erin Drive E
W13768598,2026-09-21 00:00:00,2 DAYS,2026-09-23,504 - 1615 Bloor Street E
W13728640,2026-09-21 00:00:00,2 DAYS,2026-09-23,102 - 220 Forum Drive
W13728964,2026-09-21 00:00:00,2 DAYS,2026-09-23,#77 - 333 Meadows Boulevard
40864738,2026-09-21 00:00:00,8 DAYS,2026-09-29,1047 Meredith Avenue
W13809964,2026-09-21 00:00:00,8 DAYS,2026-09-29,1719 - 4055 Parkside Village Drive
W13809952,2026-09-21 00:00:00,8 DAYS,2026-09-29,1474 South Service Road
W13809878,2026-09-21 00:00:00,8 DAYS,2026-09-29,1475 Larchview Trail
W13809704,2026-09-21 00:00:00,8 DAYS,2026-09-29,1162 Fleet Street
W13809416,2026-09-21 00:00:00,8 DAYS,2026-09-29,2560 Cynara Road
W13809472,2026-09-21 00:00:00,8 DAYS,2026-09-29,2221 Florian Road
W13809358,2026-09-21 00:00:00,8 DAYS,2026-09-29,1130 Halliday Avenue
40865081,2026-09-21 00:00:00,8 DAYS,2026-09-29,2221 Florian Road
W13809100,2026-09-21 00:00:00,8 DAYS,2026-09-29,2507 - 3650 Kaneff Crescent
W13808542,2026-09-21 00:00:00,8 DAYS,2026-09-29,2508 - 3985 Grand Park Drive
W13808394,2026-09-21 00:00:00,8 DAYS,2026-09-29,605 Atwater Avenue
W13808418,2026-09-21 00:00:00,8 DAYS,2026-09-29,19 - 3055 Elmcreek Road
W13808442,2026-09-21 00:00:00,8 DAYS,2026-09-29,506 - 70 Port Street E
W13808336,2026-09-21 00:00:00,8 DAYS,2026-09-29,808 - 510 Curran Place
W13808328,2026-09-21 00:00:00,8 DAYS,2026-09-29,4749 Empire Crescent
40862997,2026-09-21 00:00:00,8 DAYS,2026-09-29,3055 Elmcreek Road Unit# 19
W13808098,2026-09-21 00:00:00,8 DAYS,2026-09-29,2189 Corsair Road
W13807744,2026-09-21 00:00:00,8 DAYS,2026-09-29,808 - 2323 Confederation Parkway
W13807714,2026-09-21 00:00:00,8 DAYS,2026-09-29,845 Seventh Street
40862909,2026-09-21 00:00:00,8 DAYS,2026-09-29,2323 Confederation Parkway Unit# 808
W13807636,2026-09-21 00:00:00,8 DAYS,2026-09-29,1512 - 3883 Quartz Road S
W13729152,2026-09-21 00:00:00,2 DAYS,2026-09-23,7383 Manion Road
W13729434,2026-09-21 00:00:00,2 DAYS,2026-09-23,3308 Grassfire Crescent
W13726710,2026-09-21 00:00:00,2 DAYS,2026-09-23,4782 James Austin Drive
W13741406,2026-09-21 00:00:00,2 DAYS,2026-09-23,3352 Etude Drive
W13739582,2026-09-21 00:00:00,2 DAYS,2026-09-23,104 - 7405 Goreway Drive
W13728344,2026-09-21 00:00:00,2 DAYS,2026-09-23,3272 Marlene Court
W13740730,2026-09-21 00:00:00,2 DAYS,2026-09-23,7150 Minotola Avenue
W13763974,2026-09-21 00:00:00,2 DAYS,2026-09-23,3320 - 8 Nahani Way
40857955,2026-09-21 00:00:00,2 DAYS,2026-09-23,333 Meadows Boulevard Unit# 98
W13764394,2026-09-21 00:00:00,2 DAYS,2026-09-23,#98 - 333 Meadows Boulevard
W13765560,2026-09-21 00:00:00,2 DAYS,2026-09-23,4413 Lee Drive
W13806578,2026-09-21 00:00:00,2 DAYS,2026-09-23,4844 Owl Circle
W13727444,2026-09-21 00:00:00,2 DAYS,2026-09-23,1042 Wetherby Lane
W13741572,2026-09-21 00:00:00,2 DAYS,2026-09-23,255 - 60 Barondale Drive
W13727254,2026-09-21 00:00:00,2 DAYS,2026-09-23,7488 Discus Crescent
W13729642,2026-09-21 00:00:00,2 DAYS,2026-09-23,709 - 50 Absolute Avenue
W13810208,2026-09-22 00:00:00,6 DAYS,2026-09-28,40 Carsbrooke Road
W13808802,2026-09-22 00:00:00,6 DAYS,2026-09-28,23 Lorraine Gardens
W13808994,2026-09-22 00:00:00,6 DAYS,2026-09-28,332 - 2 Valhalla Inn Road
W13809376,2026-09-22 00:00:00,6 DAYS,2026-09-28,14 - 2063 Weston Road
W13808796,2026-09-22 00:00:00,6 DAYS,2026-09-28,18 Matthew Court
W13809756,2026-09-22 00:00:00,6 DAYS,2026-09-28,22 Ridgemount Road
W13809966,2026-09-22 00:00:00,6 DAYS,2026-09-28,322 - 364 The East Mall Street
E13809296,2026-09-22 00:00:00,6 DAYS,2026-09-28,172 Lawson Road
W13808468,2026-09-22 00:00:00,6 DAYS,2026-09-28,502 - 299 Mill Road
W13809908,2026-09-22 00:00:00,1 DAY,2026-09-23,1217 Sugar Maple Court
C13808146,2026-09-22 00:00:00,6 DAYS,2026-09-28,204 Sheppard Avenue W
C13808282,2026-09-22 00:00:00,6 DAYS,2026-09-28,1008 - 4955 Yonge Street
40865178,2026-09-22 00:00:00,1 DAY,2026-09-23,1217 Sugar Maple Court
C13808274,2026-09-22 00:00:00,6 DAYS,2026-09-28,19 Lower Links Road
C13809314,2026-09-22 00:00:00,6 DAYS,2026-09-28,167 Harlandale Avenue
C13809656,2026-09-22 00:00:00,6 DAYS,2026-09-28,407 - 8 Kingsbridge Court
C13809706,2026-09-22 00:00:00,6 DAYS,2026-09-28,2208 - 28 Empress Avenue
C13809838,2026-09-22 00:00:00,6 DAYS,2026-09-28,1B Carluke Crescent
C13809948,2026-09-22 00:00:00,6 DAYS,2026-09-28,1515 - 35 Hollywood Avenue
C13810314,2026-09-22 00:00:00,6 DAYS,2026-09-28,245 Patricia Avenue
C13810272,2026-09-22 00:00:00,6 DAYS,2026-09-28,1810 - 5444 Yonge Street
C13810324,2026-09-22 00:00:00,6 DAYS,2026-09-28,335 - 621 Sheppard Avenue E
W13771088,2026-09-22 00:00:00,1 DAY,2026-09-23,403 - 3065 Queen Frederica Drive
C13808504,2026-09-22 00:00:00,6 DAYS,2026-09-28,511 - 28 Hollywood Avenue
W13808262,2026-09-22 00:00:00,6 DAYS,2026-09-28,63 Twyford Road
W13814046,2026-09-22 00:00:00,7 DAYS,2026-09-29,44 - 5536 Montevideo Road
W13813270,2026-09-22 00:00:00,7 DAYS,2026-09-29,3920 Zenith Court
C13809346,2026-09-22 00:00:00,6 DAYS,2026-09-28,1202 - 116 George Street
W13812616,2026-09-22 00:00:00,7 DAYS,2026-09-29,120 - 1480 Britannia Road W
W13812366,2026-09-22 00:00:00,7 DAYS,2026-09-29,3530 Kingbird Court
W13811816,2026-09-22 00:00:00,7 DAYS,2026-09-29,2776 Lindholm Crescent
W13811806,2026-09-22 00:00:00,7 DAYS,2026-09-29,4473 Stonemill Court
40856150,2026-09-22 00:00:00,7 DAYS,2026-09-29,4473 Stonemill Court
W13811662,2026-09-22 00:00:00,7 DAYS,2026-09-29,4108 Rolling Valley Drive
W13811638,2026-09-22 00:00:00,7 DAYS,2026-09-29,1204 - 2485 Eglinton Avenue W
W13811592,2026-09-22 00:00:00,7 DAYS,2026-09-29,3385 Southwick Street
W13811534,2026-09-22 00:00:00,7 DAYS,2026-09-29,5989 Sidmouth Street
W13810068,2026-09-22 00:00:00,7 DAYS,2026-09-29,19 - 1485 Torrington Drive
C13809212,2026-09-22 00:00:00,6 DAYS,2026-09-28,534 Deloraine Avenue
C13809124,2026-09-22 00:00:00,6 DAYS,2026-09-28,160 Cortleigh Boulevard
W13810754,2026-09-22 00:00:00,6 DAYS,2026-09-28,1610 - 2285 Lake Shore Boulevard W
W13808636,2026-09-22 00:00:00,6 DAYS,2026-09-28,80 Avonhurst Road
C13808256,2026-09-22 00:00:00,6 DAYS,2026-09-28,173 Ridley Boulevard
W13811840,2026-09-22 00:00:00,6 DAYS,2026-09-28,4 Springbrook Gardens
C13807934,2026-09-22 00:00:00,6 DAYS,2026-09-28,2509 - 390 Cherry Street
W13729990,2026-09-22 00:00:00,1 DAY,2026-09-23,1594 Sunnycove Drive
W13731452,2026-09-22 00:00:00,1 DAY,2026-09-23,765 Dodsworth Crescent
W13732500,2026-09-22 00:00:00,1 DAY,2026-09-23,9 - 3038 Haines Road
W13810118,2026-09-22 00:00:00,1 DAY,2026-09-23,1047 Meredith Avenue
W13807988,2026-09-22 00:00:00,6 DAYS,2026-09-28,21 Debby Court
W13808368,2026-09-22 00:00:00,6 DAYS,2026-09-28,49 Barrhead Crescent
W13809024,2026-09-22 00:00:00,6 DAYS,2026-09-28,1203 - 2901 Kipling Avenue
W13809916,2026-09-22 00:00:00,6 DAYS,2026-09-28,100 Lexington Avenue
W13771234,2026-09-22 00:00:00,1 DAY,2026-09-23,905 - 3065 Queen Frederica Drive
W13774388,2026-09-22 00:00:00,1 DAY,2026-09-23,668 Greycedar Crescent
40862717,2026-09-22 00:00:00,1 DAY,2026-09-23,655 Kozel Court
W13775052,2026-09-22 00:00:00,1 DAY,2026-09-23,655 Kozel Court
W13770808,2026-09-22 00:00:00,1 DAY,2026-09-23,4911 Maxine Place
W13772672,2026-09-22 00:00:00,1 DAY,2026-09-23,5453 Middleport Crescent
W13772938,2026-09-22 00:00:00,1 DAY,2026-09-23,1302 - 50 Absolute Avenue
W13745262,2026-09-22 00:00:00,1 DAY,2026-09-23,402 - 3555 Derry Road E
W13743308,2026-09-22 00:00:00,1 DAY,2026-09-23,209 - 1359 Rathburn Road
W13743134,2026-09-22 00:00:00,1 DAY,2026-09-23,5633 Cortina Crescent
W13743806,2026-09-22 00:00:00,1 DAY,2026-09-23,171 - 80 Acorn Place
W13744168,2026-09-22 00:00:00,1 DAY,2026-09-23,5519 Windy Hill Court
40865231,2026-09-22 00:00:00,1 DAY,2026-09-23,204 Burnhamthorpe Road E Unit# 1504
W13810784,2026-09-22 00:00:00,1 DAY,2026-09-23,101 - 10 Kingsbridge Garden Circle
W13810800,2026-09-22 00:00:00,1 DAY,2026-09-23,38A Maple Avenue N
W13810350,2026-09-22 00:00:00,1 DAY,2026-09-23,226 - 3888 Duke Of York Boulevard
40865196,2026-09-22 00:00:00,6 DAYS,2026-09-28,551 The West Mall Unit# 803
W13807518,2026-09-22 00:00:00,1 DAY,2026-09-23,14 - 1000 Burnhamthorpe Road W
C13808958,2026-09-22 00:00:00,6 DAYS,2026-09-28,103 - 6 Sonic Way
C13810596,2026-09-22 00:00:00,6 DAYS,2026-09-28,524 - 18 Concorde Place
C13810860,2026-09-22 00:00:00,6 DAYS,2026-09-28,123 - 255 The Donway West E
W13771288,2026-09-22 00:00:00,1 DAY,2026-09-23,1476 Dundas Street E
W13811624,2026-09-22 00:00:00,6 DAYS,2026-09-28,715 - 11 Michael Power Place
W13811438,2026-09-22 00:00:00,6 DAYS,2026-09-28,2 Munhall Road
W13811362,2026-09-22 00:00:00,6 DAYS,2026-09-28,70 Millsborough Crescent
W13810660,2026-09-22 00:00:00,6 DAYS,2026-09-28,803 - 551 The West Mall
C13811440,2026-09-22 00:00:00,6 DAYS,2026-09-28,2507 - 28 Freeland Street
W13811992,2026-09-22 00:00:00,6 DAYS,2026-09-28,907 - 88 Palace Pier Court
C13811022,2026-09-22 00:00:00,6 DAYS,2026-09-28,406 - 33 Lombard Street
C13810632,2026-09-22 00:00:00,6 DAYS,2026-09-28,2110 - 77 Mutual Street
C13810672,2026-09-22 00:00:00,6 DAYS,2026-09-28,419 - 38 The Esplanade Avenue
C13810516,2026-09-22 00:00:00,6 DAYS,2026-09-28,914 - 168 King Street E
C13810416,2026-09-22 00:00:00,6 DAYS,2026-09-28,140 Spruce Street
C13809602,2026-09-22 00:00:00,6 DAYS,2026-09-28,1103 - 30 Wellington Street E
C13809498,2026-09-22 00:00:00,6 DAYS,2026-09-28,2008 - 130 River Street
C13809040,2026-09-22 00:00:00,6 DAYS,2026-09-28,1105 - 60 Princess Street
C13808502,2026-09-22 00:00:00,6 DAYS,2026-09-28,1703 - 10 Oak Street
C13807904,2026-09-22 00:00:00,6 DAYS,2026-09-28,405 - 225 Sumach Street
C13811088,2026-09-22 00:00:00,6 DAYS,2026-09-28,1305 - 39 Queens Quay E
W13810368,2026-09-22 00:00:00,1 DAY,2026-09-23,15 & 17 - 5225 Orbitor Drive
W13775002,2026-09-22 00:00:00,1 DAY,2026-09-23,310 Brunel Road
W13809290,2026-09-22 00:00:00,6 DAYS,2026-09-28,32 Buckland Road
W13811948,2026-09-22 00:00:00,6 DAYS,2026-09-28,16 Carsbrooke Road
W13770868,2026-09-22 00:00:00,1 DAY,2026-09-23,1 - 3071 Treadwells Drive
W13811406,2026-09-22 00:00:00,7 DAYS,2026-09-29,2041 Stewart Crescent
W13809846,2026-09-22 00:00:00,6 DAYS,2026-09-28,3431 Lakeshore Boulevard W
W13808462,2026-09-22 00:00:00,6 DAYS,2026-09-28,601 - 25 Earlington Avenue
W13808562,2026-09-22 00:00:00,6 DAYS,2026-09-28,2003 - 20 Brin Drive
W13808586,2026-09-22 00:00:00,6 DAYS,2026-09-28,9 Coney Road
W13808842,2026-09-22 00:00:00,6 DAYS,2026-09-28,302 - 4 The Kingsway
W13809196,2026-09-22 00:00:00,6 DAYS,2026-09-28,414 - 8 Fieldway Road
W13809288,2026-09-22 00:00:00,6 DAYS,2026-09-28,108 - 3085 Bloor Street W
W13810884,2026-09-22 00:00:00,6 DAYS,2026-09-28,1213 - 2083 Lake Shore Boulevard W
W13811280,2026-09-22 00:00:00,6 DAYS,2026-09-28,8 Wilgar Road
W13811408,2026-09-22 00:00:00,6 DAYS,2026-09-28,3 - 64 Old Mill Terrace
W13787724,2026-09-22 00:00:00,6 DAYS,2026-09-28,925 - 1100 Sheppard Avenue W
W13807844,2026-09-22 00:00:00,6 DAYS,2026-09-28,28 Eldorado Court
C13808038,2026-09-22 00:00:00,6 DAYS,2026-09-28,109 - 3840 Bathurst Street
W13812864,2026-09-22 00:00:00,7 DAYS,2026-09-29,3334 Morning Star Drive
W13812242,2026-09-22 00:00:00,7 DAYS,2026-09-29,3374 Morning Star Drive
W13808638,2026-09-22 00:00:00,6 DAYS,2026-09-28,1100 Sheppard Avenue W
W13808762,2026-09-22 00:00:00,6 DAYS,2026-09-28,136 Winston Park Boulevard
W13810452,2026-09-22 00:00:00,1 DAY,2026-09-23,15 - 1050 Britannia Road E
W13807434,2026-09-22 00:00:00,1 DAY,2026-09-23,2C12 - 7215 Goreway Drive
C13810524,2026-09-22 00:00:00,6 DAYS,2026-09-28,1804 - 5 Kenneth Avenue
W13810862,2026-09-22 00:00:00,7 DAYS,2026-09-29,5 - 4620 Guildwood Way
E13808764,2026-09-22 00:00:00,6 DAYS,2026-09-28,803 - 2245 Eglinton Avenue E
C13807984,2026-09-22 00:00:00,6 DAYS,2026-09-28,1406 - 32 Forest Manor Road
C13809758,2026-09-22 00:00:00,6 DAYS,2026-09-28,807 - 2015 Sheppard Avenue E
E13811266,2026-09-22 00:00:00,6 DAYS,2026-09-28,245 Ashdale Avenue
C13811402,2026-09-22 00:00:00,6 DAYS,2026-09-28,101 - 36 Olive Avenue
W13810766,2026-09-22 00:00:00,1 DAY,2026-09-23,Unit 3 - 4500 Tomken Road
C13811392,2026-09-22 00:00:00,6 DAYS,2026-09-28,1803 - 36 Olive Avenue
C13811412,2026-09-22 00:00:00,6 DAYS,2026-09-28,37 Johnston Avenue
C13811394,2026-09-22 00:00:00,6 DAYS,2026-09-28,612 - 21 Dale Avenue
W13810900,2026-09-22 00:00:00,7 DAYS,2026-09-29,62 Maple Avenue S
E13810994,2026-09-22 00:00:00,6 DAYS,2026-09-28,115 - 150 Logan Avenue
40865229,2026-09-22 00:00:00,6 DAYS,2026-09-28,150 Logan Avenue Unit# 115
E13810536,2026-09-22 00:00:00,6 DAYS,2026-09-28,3 Stinson Circle
C13810406,2026-09-22 00:00:00,6 DAYS,2026-09-28,945 - 21 Dale Avenue
E13810186,2026-09-22 00:00:00,6 DAYS,2026-09-28,315 - 123 Woobine Avenue
E13810224,2026-09-22 00:00:00,6 DAYS,2026-09-28,256 Ferris Road
W13809510,2026-09-22 00:00:00,6 DAYS,2026-09-28,18 - 80 Galaxy Boulevard W
C13808528,2026-09-22 00:00:00,6 DAYS,2026-09-28,4610 - 8 Eglinton Avenue E
C13809012,2026-09-22 00:00:00,6 DAYS,2026-09-28,2311 - 125 Redpath Avenue
W13809812,2026-09-22 00:00:00,6 DAYS,2026-09-28,83 Floral Parkway
W13809900,2026-09-22 00:00:00,6 DAYS,2026-09-28,1004 - 1455 Lawrence Avenue W
C13809718,2026-09-22 00:00:00,6 DAYS,2026-09-28,272 Redpath Avenue
C13808204,2026-09-22 00:00:00,6 DAYS,2026-09-28,151 - 10 Moonstone Byway
C13811070,2026-09-22 00:00:00,6 DAYS,2026-09-28,644 - 21 Dale Avenue
C13809432,2026-09-22 00:00:00,6 DAYS,2026-09-28,38 Purple Sageway
W13810936,2026-09-22 00:00:00,7 DAYS,2026-09-29,75 Troy Street
W13810954,2026-09-22 00:00:00,7 DAYS,2026-09-29,907 - 4470 Tucana Court
W13810008,2026-09-22 00:00:00,6 DAYS,2026-09-28,118 Lansdowne Avenue
C13810220,2026-09-22 00:00:00,6 DAYS,2026-09-28,123 Havelock Street
C13810344,2026-09-22 00:00:00,6 DAYS,2026-09-28,96 Ava Road
W13810100,2026-09-22 00:00:00,6 DAYS,2026-09-28,1232 Jane Street
W13810124,2026-09-22 00:00:00,6 DAYS,2026-09-28,23 Seneca Avenue
W13810226,2026-09-22 00:00:00,6 DAYS,2026-09-28,301 - 1808 St. Clair Avenue W
C13810364,2026-09-22 00:00:00,6 DAYS,2026-09-28,2-B - 2 Shank Street
W13810424,2026-09-22 00:00:00,6 DAYS,2026-09-28,101 - 260 Scarlett Road
W13810414,2026-09-22 00:00:00,6 DAYS,2026-09-28,48 Mould Avenue
W13810402,2026-09-22 00:00:00,6 DAYS,2026-09-28,602 - 1910 Lake Shore Boulevard W
C13810720,2026-09-22 00:00:00,6 DAYS,2026-09-28,260 Clinton Street
W13810604,2026-09-22 00:00:00,6 DAYS,2026-09-28,113 Lightbourn Avenue
W13811000,2026-09-22 00:00:00,7 DAYS,2026-09-29,Ph5 - 4011 Brickstone Mews
C13810922,2026-09-22 00:00:00,6 DAYS,2026-09-28,17 Muir Avenue
C13811062,2026-09-22 00:00:00,6 DAYS,2026-09-28,180 Atlas Avenue
W13810880,2026-09-22 00:00:00,6 DAYS,2026-09-28,3803 - 1928 Lakeshore Boulevard W
W13811262,2026-09-22 00:00:00,6 DAYS,2026-09-28,141 Humbercrest Boulevard
W13811130,2026-09-22 00:00:00,6 DAYS,2026-09-28,907 - 758 Dovercourt Road
W13811324,2026-09-22 00:00:00,6 DAYS,2026-09-28,208 - 50 Gulliver Road
W13811542,2026-09-22 00:00:00,6 DAYS,2026-09-28,183 Earlscourt Avenue
C13811632,2026-09-22 00:00:00,6 DAYS,2026-09-28,1303 - 20 Minowan Miikan Lane
W13811786,2026-09-22 00:00:00,6 DAYS,2026-09-28,7 Greenbrook Drive
W13811886,2026-09-22 00:00:00,6 DAYS,2026-09-28,134 Morningside Avenue
W13811248,2026-09-22 00:00:00,7 DAYS,2026-09-29,560 Rapids Lane
W13811168,2026-09-22 00:00:00,7 DAYS,2026-09-29,2705 - 1 Elm Drive W
W13811004,2026-09-22 00:00:00,7 DAYS,2026-09-29,1504 - 204 Burnhamthorpe Road E
C13810912,2026-09-22 00:00:00,6 DAYS,2026-09-28,703 - 2 Gladstone Avenue
C13809992,2026-09-22 00:00:00,6 DAYS,2026-09-28,10 Marshall Street
C13810464,2026-09-22 00:00:00,6 DAYS,2026-09-28,108 Cheltenham Avenue
C13810528,2026-09-22 00:00:00,6 DAYS,2026-09-28,40 Donino Avenue
E13808396,2026-09-22 00:00:00,6 DAYS,2026-09-28,60 Fishleigh Drive
C13808788,2026-09-22 00:00:00,6 DAYS,2026-09-28,434 - 33 Frederick Todd Way
E13809294,2026-09-22 00:00:00,6 DAYS,2026-09-28,81 Galbraith Avenue
C13811042,2026-09-22 00:00:00,6 DAYS,2026-09-28,210 - 1700 Eglinton Avenue E
E13811230,2026-09-22 00:00:00,6 DAYS,2026-09-28,29 Topham Road
C13811232,2026-09-22 00:00:00,6 DAYS,2026-09-28,19 Strathgowan Crescent
C13811526,2026-09-22 00:00:00,6 DAYS,2026-09-28,111 Chudleigh Avenue
E13811692,2026-09-22 00:00:00,6 DAYS,2026-09-28,4 - 21 Rockwood Drive
E13811454,2026-09-22 00:00:00,6 DAYS,2026-09-28,2 Ladysbridge Drive
E13811500,2026-09-22 00:00:00,6 DAYS,2026-09-28,42 Anson Avenue
E13810768,2026-09-22 00:00:00,6 DAYS,2026-09-28,94 Clappison Boulevard
E13810532,2026-09-22 00:00:00,6 DAYS,2026-09-28,15 Samya Court
E13810608,2026-09-22 00:00:00,6 DAYS,2026-09-28,108 Gradwell Drive
E13810092,2026-09-22 00:00:00,6 DAYS,2026-09-28,12 Chatterton Boulevard
E13810084,2026-09-22 00:00:00,6 DAYS,2026-09-28,410 - 115 Bonis Avenue
E13809804,2026-09-22 00:00:00,6 DAYS,2026-09-28,1208 - 125 Village Green Square
E13809872,2026-09-22 00:00:00,6 DAYS,2026-09-28,2 Kencliff Crescent
E13809588,2026-09-22 00:00:00,6 DAYS,2026-09-28,Ph07 - 3421 Sheppard Avenue E
E13809502,2026-09-22 00:00:00,6 DAYS,2026-09-28,158 Fallingbrook Road
E13809234,2026-09-22 00:00:00,6 DAYS,2026-09-28,2405 - 255 Village Green Square
E13807894,2026-09-22 00:00:00,6 DAYS,2026-09-28,4441 Lawrence Avenue E
E13808614,2026-09-22 00:00:00,6 DAYS,2026-09-28,1005 - 151 Village Green Square
E13808836,2026-09-22 00:00:00,6 DAYS,2026-09-28,4 Galloway Road
E13810678,2026-09-22 00:00:00,6 DAYS,2026-09-28,406 - 3050 Ellesmere Road
C13810544,2026-09-22 00:00:00,6 DAYS,2026-09-28,255 Blythwood Road
E13809944,2026-09-22 00:00:00,6 DAYS,2026-09-28,228 South Woodrow Boulevard
C13811464,2026-09-22 00:00:00,6 DAYS,2026-09-28,1 - 70 Green Gardens Boulevard
C13811254,2026-09-22 00:00:00,6 DAYS,2026-09-28,48 Chatsworth Drive
E13810248,2026-09-22 00:00:00,6 DAYS,2026-09-28,1040 Woodbine Avenue
E13810346,2026-09-22 00:00:00,6 DAYS,2026-09-28,C - 74 Coxwell Avenue
E13810162,2026-09-22 00:00:00,6 DAYS,2026-09-28,48 Bloomfield Avenue
E13809990,2026-09-22 00:00:00,6 DAYS,2026-09-28,48 Golfview Avenue
E13809662,2026-09-22 00:00:00,6 DAYS,2026-09-28,206 - 1888 Queen Street E
E13809466,2026-09-22 00:00:00,6 DAYS,2026-09-28,Th-07 - 837 Broadview Avenue
E13809448,2026-09-22 00:00:00,6 DAYS,2026-09-28,682 Milverton Boulevard
C13809074,2026-09-22 00:00:00,6 DAYS,2026-09-28,32 Edgewood Crescent
E13809004,2026-09-22 00:00:00,6 DAYS,2026-09-28,1 Balmy Avenue
E13808676,2026-09-22 00:00:00,6 DAYS,2026-09-28,135 Sammon Avenue
E13808350,2026-09-22 00:00:00,6 DAYS,2026-09-28,25 Oak Park Avenue
E13808228,2026-09-22 00:00:00,6 DAYS,2026-09-28,19 Topham Road
E13808380,2026-09-22 00:00:00,6 DAYS,2026-09-28,403 - 200 Woodbine Avenue
E13808068,2026-09-22 00:00:00,6 DAYS,2026-09-28,507 Logan Avenue
E13807978,2026-09-22 00:00:00,6 DAYS,2026-09-28,98 Malvern Avenue N
E13810568,2026-09-22 00:00:00,6 DAYS,2026-09-28,37 South Shields Avenue
E13808688,2026-09-22 00:00:00,6 DAYS,2026-09-28,433 Port Union Road
E13808332,2026-09-22 00:00:00,6 DAYS,2026-09-28,1109 - 4725 Sheppard Avenue E
E13810716,2026-09-22 00:00:00,6 DAYS,2026-09-28,110 Lakeside Avenue
E13810112,2026-09-22 00:00:00,6 DAYS,2026-09-28,7 Emmott Avenue
W13813904,2026-09-22 00:00:00,7 DAYS,2026-09-29,814 Golden Farmer Way
C13808008,2026-09-22 00:00:00,6 DAYS,2026-09-28,504 - 21 Burkebrook Place
E13808178,2026-09-22 00:00:00,6 DAYS,2026-09-28,251 Ashdale Avenue
W13809904,2026-09-22 00:00:00,6 DAYS,2026-09-28,100 Rosethorn Avenue
W13771010,2026-09-22 00:00:00,1 DAY,2026-09-23,1169 Carlo Court
C13808246,2026-09-22 00:00:00,6 DAYS,2026-09-28,51 Heath Street E
C13809400,2026-09-22 00:00:00,6 DAYS,2026-09-28,802W - 500 Queens Quay W
C13809300,2026-09-22 00:00:00,6 DAYS,2026-09-28,1004 - 33 Harbour Square
C13809240,2026-09-22 00:00:00,6 DAYS,2026-09-28,2310 - 199 Richmond Street W
C13809112,2026-09-22 00:00:00,6 DAYS,2026-09-28,804 - 15 Bruyeres Mews
C13809002,2026-09-22 00:00:00,6 DAYS,2026-09-28,515 - 38 Dan Leckie Way
C13808856,2026-09-22 00:00:00,6 DAYS,2026-09-28,1404 - 199 Richmond Street W
C13808794,2026-09-22 00:00:00,6 DAYS,2026-09-28,307 - 88 Scott Street
C13808692,2026-09-22 00:00:00,6 DAYS,2026-09-28,3901 - 70 Temperance Street
C13809442,2026-09-22 00:00:00,6 DAYS,2026-09-28,126 Hilton Avenue
C13810794,2026-09-22 00:00:00,6 DAYS,2026-09-28,832 - 8 Hillsdale Avenue
C13810582,2026-09-22 00:00:00,6 DAYS,2026-09-28,321 - 40 Oaklands Avenue
C13809698,2026-09-22 00:00:00,6 DAYS,2026-09-28,3104 - 11 Wellesley Street W
C13809206,2026-09-22 00:00:00,6 DAYS,2026-09-28,31 Taunton Road
C13811906,2026-09-22 00:00:00,6 DAYS,2026-09-28,21 Austin Terrace
C13808254,2026-09-22 00:00:00,6 DAYS,2026-09-28,47 Heath Street E
C13808242,2026-09-22 00:00:00,6 DAYS,2026-09-28,47-51 Heath Street E
W13809710,2026-09-22 00:00:00,6 DAYS,2026-09-28,4006 - 21 Rexdale Boulevard
W13811436,2026-09-22 00:00:00,6 DAYS,2026-09-28,5118 Dundas Street
C13811282,2026-09-22 00:00:00,6 DAYS,2026-09-28,3302 - 50 Yorkville Avenue
C13809332,2026-09-22 00:00:00,6 DAYS,2026-09-28,247A Lippincott Street
C13809482,2026-09-22 00:00:00,6 DAYS,2026-09-28,30 Ulster Street
C13809558,2026-09-22 00:00:00,6 DAYS,2026-09-28,Th03 - 20 Bruyers Mews
C13811830,2026-09-22 00:00:00,6 DAYS,2026-09-28,2009 - 252 Church Street
C13811346,2026-09-22 00:00:00,6 DAYS,2026-09-28,207 - 119 Merton Street
C13811772,2026-09-22 00:00:00,6 DAYS,2026-09-28,201 - 20 Bruyeres Mews
C13811760,2026-09-22 00:00:00,6 DAYS,2026-09-28,503 - 15 Bruyeres Mews
C13811364,2026-09-22 00:00:00,6 DAYS,2026-09-28,107 Roxborough Street W
C13811264,2026-09-22 00:00:00,6 DAYS,2026-09-28,918 - 169 Fort York Boulevard
W13811034,2026-09-22 00:00:00,6 DAYS,2026-09-28,108 - 130 Canon Jackson Drive
C13811116,2026-09-22 00:00:00,6 DAYS,2026-09-28,809 - 775 King Street W
C13810774,2026-09-22 00:00:00,6 DAYS,2026-09-28,327 - 32 Stadium Road
C13811386,2026-09-22 00:00:00,6 DAYS,2026-09-28,3604 - 11 Wellesley Street W
C13810770,2026-09-22 00:00:00,6 DAYS,2026-09-28,555 - 10 Capreol Court
C13810494,2026-09-22 00:00:00,6 DAYS,2026-09-28,1717 - 108 Peter Street
C13810436,2026-09-22 00:00:00,6 DAYS,2026-09-28,55 Granby Street
C13810106,2026-09-22 00:00:00,6 DAYS,2026-09-28,Th 8 - 761 Bay Street
C13810992,2026-09-22 00:00:00,6 DAYS,2026-09-28,1906 - 1815 Yonge Street
C13809996,2026-09-22 00:00:00,6 DAYS,2026-09-28,A3 - 142 Pears Avenue
C13809954,2026-09-22 00:00:00,6 DAYS,2026-09-28,1422 - 20 Edward Street
C13809814,2026-09-22 00:00:00,6 DAYS,2026-09-28,202 - 10 Willison Square
C13809802,2026-09-22 00:00:00,6 DAYS,2026-09-28,2506 - 33 University Avenue
W13810834,2026-09-22 00:00:00,1 DAY,2026-09-23,30 Village Centre Place
C13811322,2026-09-22 00:00:00,6 DAYS,2026-09-28,1202 - 60 St Clair Avenue W
C13808430,2026-09-22 00:00:00,6 DAYS,2026-09-28,Ph12 - 955 Queen Street W
W13811922,2026-09-22 00:00:00,7 DAYS,2026-09-29,519 - 215 Lakeshore Road W
W13814828,2026-09-22 00:00:00,7 DAYS,2026-09-29,802 - 3650 Kaneff Crescent
W13812272,2026-09-22 00:00:00,7 DAYS,2026-09-29,10 B And C Benson Avenue
W13812268,2026-09-22 00:00:00,7 DAYS,2026-09-29,10C Benson Avenue
W13808030,2026-09-22 00:00:00,6 DAYS,2026-09-28,276 Durie Street
W13812266,2026-09-22 00:00:00,7 DAYS,2026-09-29,10B Benson Avenue
W13814676,2026-09-22 00:00:00,7 DAYS,2026-09-29,3706 - 395 Square One Drive
C13808686,2026-09-22 00:00:00,6 DAYS,2026-09-28,1605 - 181 Sterling Road
W13813084,2026-09-22 00:00:00,7 DAYS,2026-09-29,22 Maple Avenue N
W13813162,2026-09-22 00:00:00,7 DAYS,2026-09-29,301 Kingsbridge Garden Circle
C13810482,2026-09-22 00:00:00,6 DAYS,2026-09-28,1803 - 65 Spring Garden Avenue
W13814174,2026-09-22 00:00:00,7 DAYS,2026-09-29,1011 - 4130 Parkside Village Drive
W13813824,2026-09-22 00:00:00,7 DAYS,2026-09-29,512 - 28 Ann Street
W13813398,2026-09-22 00:00:00,7 DAYS,2026-09-29,161 Angelene Street
C13810326,2026-09-22 00:00:00,6 DAYS,2026-09-28,108B - 110 Harbour Street W
W13813312,2026-09-22 00:00:00,7 DAYS,2026-09-29,330 - 3009 Novar Road
C13808608,2026-09-22 00:00:00,6 DAYS,2026-09-28,1002 - 181 Sterling Road
W13813156,2026-09-22 00:00:00,7 DAYS,2026-09-29,5 - 1241 Parkwest Place
C13808572,2026-09-22 00:00:00,6 DAYS,2026-09-28,618 - 150 East Liberty Street
C13808596,2026-09-22 00:00:00,6 DAYS,2026-09-28,1107 - 181 Sterling Road
W13809934,2026-09-22 00:00:00,6 DAYS,2026-09-28,11 Helen Avenue
W13808344,2026-09-22 00:00:00,6 DAYS,2026-09-28,48 Corby Avenue
40865135,2026-09-22 00:00:00,6 DAYS,2026-09-28,100 Rosethorn Avenue
C13809522,2026-09-22 00:00:00,6 DAYS,2026-09-28,581A Delaware Avenue
W13809188,2026-09-22 00:00:00,6 DAYS,2026-09-28,413 - 240 Scarlett Road W
W13808950,2026-09-22 00:00:00,6 DAYS,2026-09-28,173 Lappin Avenue E
C13810478,2026-09-22 00:00:00,6 DAYS,2026-09-28,602 - 30 Harrison Garden Boulevard
W13813252,2026-09-22 00:00:00,7 DAYS,2026-09-29,32 Pine Avenue N
C13808918,2026-09-22 00:00:00,6 DAYS,2026-09-28,1602E - 36 Lisgar Street
W13808654,2026-09-22 00:00:00,6 DAYS,2026-09-28,14 Marshall Boulevard
W13810758,2026-09-22 00:00:00,1 DAY,2026-09-23,Units 6 & 7 - 4500 Tomken Road
W13811646,2026-09-22 00:00:00,7 DAYS,2026-09-29,3410 - 395 Square One Drive
W13810764,2026-09-22 00:00:00,1 DAY,2026-09-23,Unit 7 - 4500 Tomken Road
C13811158,2026-09-22 00:00:00,6 DAYS,2026-09-28,7 Knollview Crescent
C13810566,2026-09-22 00:00:00,6 DAYS,2026-09-28,1805 - 20 Olive Avenue
W13808908,2026-09-22 00:00:00,6 DAYS,2026-09-28,15 - 40 Ed Clark Gardens Boulevard
W13775272,2026-09-22 01:00:00,23 HOURS,2026-09-23,7431 Sigsbee Drive
W13810882,2026-09-22 01:00:00,23 HOURS,2026-09-23,1020 Lorimar Drive
W13746936,2026-09-22 01:00:00,23 HOURS,2026-09-23,2050 Russett Road
W13746556,2026-09-22 02:00:00,22 HOURS,2026-09-23,4066 Bishopstoke Lane
W13746652,2026-09-22 02:00:00,22 HOURS,2026-09-23,1204 - 1333 Bloor Street
W13775438,2026-09-22 02:00:00,22 HOURS,2026-09-23,1608 - 1333 Bloor Street
W13811894,2026-09-22 04:00:00,20 HOURS,2026-09-23,1427 Grossi Street
W13747250,2026-09-22 04:00:00,20 HOURS,2026-09-23,3777 Keenan Crescent
W13747832,2026-09-22 07:00:00,17 HOURS,2026-09-23,Ph 5004 - 50 Absolute Avenue
40859555,2026-09-22 10:00:00,14 HOURS,2026-09-23,1083 Melton Drive
W13736256,2026-09-22 11:00:00,13 HOURS,2026-09-23,412 - 220 Forum Drive
40859962,2026-09-22 12:00:00,12 HOURS,2026-09-23,3040 Constitution Boulevard Unit# 147
W13816212,2026-09-22 13:00:00,11 HOURS,2026-09-23,6 - 1080 Tristar Drive
W13737038,2026-09-22 13:00:00,11 HOURS,2026-09-23,2408 - 60 Absolute Avenue
W13816198,2026-09-22 13:00:00,11 HOURS,2026-09-23,1075-1087 Westport Crescent
W13737242,2026-09-22 13:00:00,11 HOURS,2026-09-23,24 - 115 Bristol Road E
W13777736,2026-09-22 14:00:00,10 HOURS,2026-09-23,587 Candlestick Circle
40864980,2026-09-22 14:00:00,10 HOURS,2026-09-23,105 City Centre Drive Unit# 1
W13816398,2026-09-22 14:00:00,10 HOURS,2026-09-23,234 - 3465 Platinum Drive
W13735986,2026-09-22 14:00:00,10 HOURS,2026-09-23,7493 Netherwood Road
W13816570,2026-09-22 15:00:00,9 HOURS,2026-09-23,2414 Whaley Drive
W13816608,2026-09-22 15:00:00,9 HOURS,2026-09-23,3157 Bentley Drive
W13735744,2026-09-22 15:00:00,9 HOURS,2026-09-23,983 Parthia Crescent
W13816442,2026-09-22 15:00:00,9 HOURS,2026-09-23,2019 - 3888 Duke Of York Boulevard
W13816488,2026-09-22 15:00:00,9 HOURS,2026-09-23,208 Mineola Road W
W13816624,2026-09-22 15:00:00,9 HOURS,2026-09-23,4558 Pemmican Trail
W13776040,2026-09-22 16:00:00,8 HOURS,2026-09-23,4569 Pemmican Trail
W13812510,2026-09-22 16:00:00,8 HOURS,2026-09-23,202 - 3530 Derry Road E
W13816830,2026-09-22 17:00:00,7 HOURS,2026-09-23,7540 Darcel Avenue
W13816828,2026-09-22 17:00:00,7 HOURS,2026-09-23,4038 Wilcox Road
W13816782,2026-09-22 17:00:00,7 HOURS,2026-09-23,1 B03 - 7215 Goreway Drive
W13735836,2026-09-22 17:00:00,7 HOURS,2026-09-23,1083 Melton Drive
W13816764,2026-09-22 17:00:00,7 HOURS,2026-09-23,726 Netherton Crescent
W13816858,2026-09-22 18:00:00,6 HOURS,2026-09-23,510 - 3515 Kariya Drive
W13813320,2026-09-22 19:00:00,5 HOURS,2026-09-23,#42 - 2355 Derry Road E
W13813104,2026-09-22 19:00:00,5 HOURS,2026-09-23,502 - 75 Eglinton Avenue W
W13813260,2026-09-22 19:00:00,5 HOURS,2026-09-23,3 - 6741 Columbus Road
W13813744,2026-09-22 20:00:00,4 HOURS,2026-09-23,2076 Sherobee Road
W13813934,2026-09-22 20:00:00,4 HOURS,2026-09-23,138 - 1951 Rathburn Road E
W13814934,2026-09-22 22:00:00,2 HOURS,2026-09-23,1423 Bunsden Avenue
W13814968,2026-09-22 22:00:00,2 HOURS,2026-09-23,405 - 1155 Bough Beeches Boulevard
W13814914,2026-09-22 22:00:00,2 HOURS,2026-09-23,217 - 339 Rathburn Road W
W13817112,2026-09-22 22:00:00,2 HOURS,2026-09-23,217 - 28 Ann Street
W13815014,2026-09-22 22:00:00,2 HOURS,2026-09-23,5489 Glen Erin Drive
W13738360,2026-09-22 22:00:00,2 HOURS,2026-09-23,2052 Redan Drive
W13737092,2026-09-22 22:00:00,2 HOURS,2026-09-23,7582 Discus Crescent
W13817120,2026-09-22 22:00:00,2 HOURS,2026-09-23,2203 Robin Drive
W13814792,2026-09-22 22:00:00,2 HOURS,2026-09-23,2439 Musket Court
W13815336,2026-09-22 23:00:00,1 HOUR,2026-09-23,2104 - 395 Square One Drive
W13815310,2026-09-22 23:00:00,1 HOUR,2026-09-23,413 Camden Circle
W13748612,2026-09-22 23:00:00,1 HOUR,2026-09-23,585 Candlestick Circle
W13816104,2026-09-22 23:00:00,1 HOUR,2026-09-23,272 - 3060 Constition Boulevard
W13815946,2026-09-22 23:00:00,1 HOUR,2026-09-23,15 - 1724 The Chase
W13815970,2026-09-22 23:00:00,1 HOUR,2026-09-23,253 Eaglewood Boulevard
W13815798,2026-09-22 23:00:00,1 HOUR,2026-09-23,913 - 2495 Eglinton Avenue W
W13815128,2026-09-22 23:00:00,1 HOUR,2026-09-23,1459 Birchwood Drive
W13816194,2026-09-22 23:05:00,55 MINUTES,2026-09-23,4265 Tea Garden Circle
W13737828,2026-09-22 23:06:00,54 MINUTES,2026-09-23,7428 Pickfair Drive
W13815474,2026-09-22 23:21:00,39 MINUTES,2026-09-23,607 - 80 Absolute Avenue
W13815654,2026-09-22 23:22:00,38 MINUTES,2026-09-23,75 - 3025 Cedarglen Gate
W13815512,2026-09-22 23:22:00,38 MINUTES,2026-09-23,3062 O'Hagan Drive
W13777240,2026-09-22 23:22:00,38 MINUTES,2026-09-23,2108 - 1300 Bloor Street
W13815610,2026-09-22 23:33:00,27 MINUTES,2026-09-23,414 - 2485 Eglinton Avenue W
W13815464,2026-09-22 23:33:00,27 MINUTES,2026-09-23,24 - 4605 Donegal Drive
40865616,2026-09-22 23:34:00,26 MINUTES,2026-09-23,1724 The Chase Unit# 15
W13815518,2026-09-22 23:37:00,23 MINUTES,2026-09-23,1871 Silverberry Crescent
W13815848,2026-09-22 23:40:00,20 MINUTES,2026-09-23,209 - 28 Ann Street
W13815742,2026-09-22 23:50:00,10 MINUTES,2026-09-23,124 - 1050 Stainton Drive
E13814224,2026-09-23 00:00:00,5 DAYS,2026-09-28,1191 Woodbine Avenue
E13814458,2026-09-23 00:00:00,5 DAYS,2026-09-28,11A Norwood Road
E13812182,2026-09-23 00:00:00,5 DAYS,2026-09-28,1001 - 25 Baseball Place
E13814284,2026-09-23 00:00:00,5 DAYS,2026-09-28,811 Coxwell Avenue
C13814472,2026-09-23 00:00:00,5 DAYS,2026-09-28,308 - 25 Malcolm Road
E13814380,2026-09-23 00:00:00,5 DAYS,2026-09-28,530 Carlaw Avenue
E13812226,2026-09-23 00:00:00,5 DAYS,2026-09-28,427 Leslie Street
E13809214,2026-09-23 00:00:00,5 DAYS,2026-09-28,616 - 2301 Danforth Avenue
C13815402,2026-09-23 00:00:00,5 DAYS,2026-09-28,28 Rumi Crescent
W13813868,2026-09-23 00:00:00,5 DAYS,2026-09-28,405 - 996 Martin Grove Road
C13815320,2026-09-23 00:00:00,5 DAYS,2026-09-28,191 Glenvale Boulevard
C13814802,2026-09-23 00:00:00,5 DAYS,2026-09-28,1110 - 33 Frederick Todd Way
E13813338,2026-09-23 00:00:00,5 DAYS,2026-09-28,24 Glenshaw Crescent
40865540,2026-09-23 00:00:00,5 DAYS,2026-09-28,398 Eglinton Avenue E Unit# 308
C13816264,2026-09-23 00:00:00,5 DAYS,2026-09-28,24 Glenview Avenue
C13815360,2026-09-23 00:00:00,5 DAYS,2026-09-28,131 Rosewell Avenue
C13811680,2026-09-23 00:00:00,5 DAYS,2026-09-28,420 - 585 Bloor Street E
E13813500,2026-09-23 00:00:00,5 DAYS,2026-09-28,292 Glebemount Avenue
E13813440,2026-09-23 00:00:00,5 DAYS,2026-09-28,8 Wiley Avenue
E13813396,2026-09-23 00:00:00,5 DAYS,2026-09-28,188 Oakcrest Avenue
E13813800,2026-09-23 00:00:00,5 DAYS,2026-09-28,22 Cavell Avenue
E13813930,2026-09-23 00:00:00,5 DAYS,2026-09-28,15 Hamstead Avenue
E13814104,2026-09-23 00:00:00,5 DAYS,2026-09-28,60 Hazelwood Avenue
E13814176,2026-09-23 00:00:00,5 DAYS,2026-09-28,2375 Gerrard Street E
E13813038,2026-09-23 00:00:00,5 DAYS,2026-09-28,72 Hamilton Street
C13814606,2026-09-23 00:00:00,5 DAYS,2026-09-28,18 Brian Cliff Drive
C13814732,2026-09-23 00:00:00,5 DAYS,2026-09-28,456 Sumach Street
E13812800,2026-09-23 00:00:00,5 DAYS,2026-09-28,210 - 61 Town Centre Court
C13812344,2026-09-23 00:00:00,5 DAYS,2026-09-28,1110 - 36 Forest Manor Road
C13812782,2026-09-23 00:00:00,5 DAYS,2026-09-28,801 - 115 Mcmahon Drive
C13811656,2026-09-23 00:00:00,5 DAYS,2026-09-28,Ph107 - 75 Canterbury Place
C13811734,2026-09-23 00:00:00,5 DAYS,2026-09-28,901 - 26 Norton Avenue
C13811952,2026-09-23 00:00:00,5 DAYS,2026-09-28,1201 - 22 Olive Avenue
C13812238,2026-09-23 00:00:00,5 DAYS,2026-09-28,1501 - 155 Beecroft Road
C13812746,2026-09-23 00:00:00,5 DAYS,2026-09-28,2210 - 33 Sheppard Avenue E
C13812784,2026-09-23 00:00:00,5 DAYS,2026-09-28,237 - 621 Sheppard Avenue E
C13812614,2026-09-23 00:00:00,5 DAYS,2026-09-28,11 Doubletree Road
C13812942,2026-09-23 00:00:00,5 DAYS,2026-09-28,99 Elmhurst Avenue
E13813098,2026-09-23 00:00:00,5 DAYS,2026-09-28,3203 - 25 Town Centre Court
E13813232,2026-09-23 00:00:00,5 DAYS,2026-09-28,322 - 20 Meadowglen Place
E13812966,2026-09-23 00:00:00,5 DAYS,2026-09-28,2808 - 20 Meadowglen Place
W13819380,2026-09-23 00:00:00,6 DAYS,2026-09-29,1458 Broadmoor Avenue
W13819240,2026-09-23 00:00:00,6 DAYS,2026-09-29,1033 Fair Birch Drive
W13818378,2026-09-23 00:00:00,6 DAYS,2026-09-29,1170 Conyers Crescent
W13817726,2026-09-23 00:00:00,6 DAYS,2026-09-29,3206 Valmarie Avenue
W13817512,2026-09-23 00:00:00,6 DAYS,2026-09-29,1480 Clarkson Road
W13817280,2026-09-23 00:00:00,6 DAYS,2026-09-29,4301 Trail Blazer Way
W13817210,2026-09-23 00:00:00,6 DAYS,2026-09-29,1311 - 30 Elm Drive W
C13813174,2026-09-23 00:00:00,5 DAYS,2026-09-28,38 Devondale Avenue
C13813486,2026-09-23 00:00:00,5 DAYS,2026-09-28,313 - 51 York Mills Road
C13813646,2026-09-23 00:00:00,5 DAYS,2026-09-28,1206 - 8 Hillcrest Avenue
E13812074,2026-09-23 00:00:00,5 DAYS,2026-09-28,118 Brookmill Boulevard
E13811972,2026-09-23 00:00:00,5 DAYS,2026-09-28,22 - 155 Tapscott Road
E13811862,2026-09-23 00:00:00,5 DAYS,2026-09-28,316 - 2100 Bridletowne Circle
E13811728,2026-09-23 00:00:00,5 DAYS,2026-09-28,7G - 8 Rosebank Drive
W13817576,2026-09-23 00:00:00,6 DAYS,2026-09-29,1 - 6650 Falconer Drive
W13817606,2026-09-23 00:00:00,6 DAYS,2026-09-29,6336 Culmore Crescent
W13818028,2026-09-23 00:00:00,6 DAYS,2026-09-29,15 - 6439 Rivergate Place
E13812282,2026-09-23 00:00:00,5 DAYS,2026-09-28,51 New Forest Square
E13812786,2026-09-23 00:00:00,5 DAYS,2026-09-28,162 Merkley Square
E13812564,2026-09-23 00:00:00,5 DAYS,2026-09-28,32 Highbrook Drive
E13812376,2026-09-23 00:00:00,5 DAYS,2026-09-28,7 Paulander Avenue
E13812494,2026-09-23 00:00:00,5 DAYS,2026-09-28,149 Maybourne Avenue
E13812372,2026-09-23 00:00:00,5 DAYS,2026-09-28,22 Arnprior Road
E13812300,2026-09-23 00:00:00,5 DAYS,2026-09-28,1843 Victoria Park Avenue
E13812316,2026-09-23 00:00:00,5 DAYS,2026-09-28,226 Oakridge Drive
E13811848,2026-09-23 00:00:00,5 DAYS,2026-09-28,81 Meadowcliffe Drive
E13812626,2026-09-23 00:00:00,5 DAYS,2026-09-28,205 Vauxhall Drive
E13812310,2026-09-23 00:00:00,5 DAYS,2026-09-28,2 Croach Crescent
E13812490,2026-09-23 00:00:00,5 DAYS,2026-09-28,88 Red River Crescent
E13807484,2026-09-23 00:00:00,5 DAYS,2026-09-28,3 - 165 Tapscott Road
C13814082,2026-09-23 00:00:00,5 DAYS,2026-09-28,303 - 18 Hollywood Avenue
C13814658,2026-09-23 00:00:00,5 DAYS,2026-09-28,505 - 10 Old York Mills Road
C13814922,2026-09-23 00:00:00,5 DAYS,2026-09-28,804 - 100 Antibes Drive
C13815266,2026-09-23 00:00:00,5 DAYS,2026-09-28,1009 - 15 Holmes Avenue
C13815422,2026-09-23 00:00:00,5 DAYS,2026-09-28,651 - 3 Everson Drive
C13812150,2026-09-23 00:00:00,5 DAYS,2026-09-28,65 Baroness Crescent
C13812298,2026-09-23 00:00:00,5 DAYS,2026-09-28,3008 - 3303 Don Mills Road
C13813742,2026-09-23 00:00:00,5 DAYS,2026-09-28,103 Old Colony Road
C13814398,2026-09-23 00:00:00,5 DAYS,2026-09-28,45 Pinnacle Road
C13815102,2026-09-23 00:00:00,5 DAYS,2026-09-28,Th07 - 113 Mcmahon Drive
C13815224,2026-09-23 00:00:00,5 DAYS,2026-09-28,415 - 38 Forest Manor Road
E13813822,2026-09-23 00:00:00,5 DAYS,2026-09-28,56 Pine Crescent
E13815806,2026-09-23 00:00:00,5 DAYS,2026-09-28,3807 Ellesmere Road
E13815148,2026-09-23 00:00:00,5 DAYS,2026-09-28,3079 Pharmacy Avenue
E13814844,2026-09-23 00:00:00,5 DAYS,2026-09-28,44 Staley Terrace
E13814232,2026-09-23 00:00:00,5 DAYS,2026-09-28,412 - 20 Orchid Place Drive
E13813866,2026-09-23 00:00:00,5 DAYS,2026-09-28,63 Enchanted Hills Crescent
E13813070,2026-09-23 00:00:00,5 DAYS,2026-09-28,4 Brantwood Drive
C13814530,2026-09-23 00:00:00,5 DAYS,2026-09-28,207 - 11 Thorncliffe Pk Drive
E13813020,2026-09-23 00:00:00,5 DAYS,2026-09-28,1111 - 3311 Kingston Road
E13813570,2026-09-23 00:00:00,5 DAYS,2026-09-28,96B Laurel Avenue
W13816184,2026-09-23 00:00:00,5 DAYS,2026-09-28,684 Wilson Avenue
W13817930,2026-09-23 00:00:00,6 DAYS,2026-09-29,7076 Harwick Drive
W13820750,2026-09-23 00:00:00,6 DAYS,2026-09-29,1572 Maple Ridge Drive
W13818336,2026-09-23 00:00:00,6 DAYS,2026-09-29,1899 Delaney Drive
W13818288,2026-09-23 00:00:00,6 DAYS,2026-09-29,812 - 966 Inverhouse Drive
W13817340,2026-09-23 00:00:00,6 DAYS,2026-09-29,185 - 2170 Bromsgrove Road
C13811914,2026-09-23 00:00:00,5 DAYS,2026-09-28,31 Bradgate Road
C13812110,2026-09-23 00:00:00,5 DAYS,2026-09-28,1512 - 100 Leeward Glenway
C13812140,2026-09-23 00:00:00,5 DAYS,2026-09-28,518 - 30 Inn On The Park Drive
C13812804,2026-09-23 00:00:00,5 DAYS,2026-09-28,55 Hemford Crescent
W13811714,2026-09-23 00:00:00,5 DAYS,2026-09-28,220 - 2800 Keele Street
W13812468,2026-09-23 00:00:00,5 DAYS,2026-09-28,416 - 60 George Butchart Drive
C13812904,2026-09-23 00:00:00,5 DAYS,2026-09-28,32 Wigan Crescent
C13813008,2026-09-23 00:00:00,5 DAYS,2026-09-28,18 Dunsmore Gardens
W13815812,2026-09-23 00:00:00,5 DAYS,2026-09-28,8A - 2558 Finch Avenue W
E13815604,2026-09-23 00:00:00,5 DAYS,2026-09-28,88 - 1190 Dundas Street E
C13814888,2026-09-23 00:00:00,5 DAYS,2026-09-28,337 Glen Road
E13814780,2026-09-23 00:00:00,5 DAYS,2026-09-28,152 Wheeler Avenue
E13814778,2026-09-23 00:00:00,5 DAYS,2026-09-28,83 Condor Avenue
E13814838,2026-09-23 00:00:00,5 DAYS,2026-09-28,118 Merrill Avenue E
C13814920,2026-09-23 00:00:00,5 DAYS,2026-09-28,2809 - 159 Wellesley Street E
C13815026,2026-09-23 00:00:00,5 DAYS,2026-09-28,817 Millwood Road
E13815008,2026-09-23 00:00:00,5 DAYS,2026-09-28,304 - 1852 Queen Street E
W13814366,2026-09-23 00:00:00,5 DAYS,2026-09-28,3 - 32 Goodmark Place
C13815038,2026-09-23 00:00:00,5 DAYS,2026-09-28,311 Wellesley Street E
E13815036,2026-09-23 00:00:00,5 DAYS,2026-09-28,75 Wayland Avenue
E13815284,2026-09-23 00:00:00,5 DAYS,2026-09-28,225 - 246 Logan Avenue E
E13815262,2026-09-23 00:00:00,5 DAYS,2026-09-28,923 - 15 Baseball Place N
E13815178,2026-09-23 00:00:00,5 DAYS,2026-09-28,98 Gates Avenue
C13815542,2026-09-23 00:00:00,5 DAYS,2026-09-28,4 Jean Street
C13815658,2026-09-23 00:00:00,5 DAYS,2026-09-28,118 - 120 Homewood Avenue
E13815514,2026-09-23 00:00:00,5 DAYS,2026-09-28,372 Logan Avenue
E13815060,2026-09-23 00:00:00,5 DAYS,2026-09-28,433 Ashdale Avenue
C13813122,2026-09-23 00:00:00,5 DAYS,2026-09-28,35 Kennard Avenue
W13814266,2026-09-23 00:00:00,5 DAYS,2026-09-28,34 Sawmill Road
W13814246,2026-09-23 00:00:00,5 DAYS,2026-09-28,15 Brantley Crescent
E13814640,2026-09-23 00:00:00,5 DAYS,2026-09-28,176 Sedgemount Drive
E13814786,2026-09-23 00:00:00,5 DAYS,2026-09-28,65 - 10 Rodda Boulevard
E13814608,2026-09-23 00:00:00,5 DAYS,2026-09-28,978 - 1 Greystone Walk Drive
E13814440,2026-09-23 00:00:00,5 DAYS,2026-09-28,42 Bainhart Crescent
E13814184,2026-09-23 00:00:00,5 DAYS,2026-09-28,207 - 1705 Mccowan Road
E13814390,2026-09-23 00:00:00,5 DAYS,2026-09-28,86 Shoredale Drive
E13813640,2026-09-23 00:00:00,5 DAYS,2026-09-28,308 - 225 Village Green Square
E13813854,2026-09-23 00:00:00,5 DAYS,2026-09-28,84 Allanford Road
E13813802,2026-09-23 00:00:00,5 DAYS,2026-09-28,3435 Ellesmere Road
E13813576,2026-09-23 00:00:00,5 DAYS,2026-09-28,16 Earswick Drive
E13814334,2026-09-23 00:00:00,5 DAYS,2026-09-28,30 Kelsonia Avenue
W13818158,2026-09-23 00:00:00,6 DAYS,2026-09-29,209 Wyndham Street
E13815560,2026-09-23 00:00:00,5 DAYS,2026-09-28,801 - 3650 Kingston Road
E13815612,2026-09-23 00:00:00,5 DAYS,2026-09-28,47 Crosland Drive
C13814936,2026-09-23 00:00:00,5 DAYS,2026-09-28,1217 - 500 Wilson Avenue
C13815340,2026-09-23 00:00:00,5 DAYS,2026-09-28,38 Cavotti Crescent
E13814486,2026-09-23 00:00:00,5 DAYS,2026-09-28,48 B Maybourne Ave Avenue
E13814228,2026-09-23 00:00:00,5 DAYS,2026-09-28,204 - 1316 Kingston Road
E13813636,2026-09-23 00:00:00,5 DAYS,2026-09-28,213 Blantyre Avenue
E13813154,2026-09-23 00:00:00,5 DAYS,2026-09-28,16 - 178 Clonmore Drive
E13812518,2026-09-23 00:00:00,5 DAYS,2026-09-28,28 Thora Avenue
W13815372,2026-09-23 00:00:00,5 DAYS,2026-09-28,85 - 19 London Green Court
C13815660,2026-09-23 00:00:00,5 DAYS,2026-09-28,119 Reiner Road
W13815732,2026-09-23 00:00:00,5 DAYS,2026-09-28,705 - 15 London Green Court
C13816468,2026-09-23 00:00:00,5 DAYS,2026-09-28,33 Blue Forest Drive
C13813076,2026-09-23 00:00:00,5 DAYS,2026-09-28,45 Doonaree Drive
C13814262,2026-09-23 00:00:00,5 DAYS,2026-09-28,16 Baltray Crescent
C13814900,2026-09-23 00:00:00,5 DAYS,2026-09-28,308 - 485 Rosewell Avenue
C13814576,2026-09-23 00:00:00,5 DAYS,2026-09-28,1202 - 1101 Leslie Street
E13815836,2026-09-23 00:00:00,5 DAYS,2026-09-28,58 Deanvar Avenue
E13815776,2026-09-23 00:00:00,5 DAYS,2026-09-28,17 Flora Drive
E13813388,2026-09-23 00:00:00,5 DAYS,2026-09-28,6162 Kingston Road
C13814096,2026-09-23 00:00:00,5 DAYS,2026-09-28,204 Glencairn Avenue
E13813970,2026-09-23 00:00:00,5 DAYS,2026-09-28,316 - 5800 Sheppard Avenue E
C13813436,2026-09-23 00:00:00,5 DAYS,2026-09-28,227 - 1900 Bayview Avenue
W13813194,2026-09-23 00:00:00,5 DAYS,2026-09-28,410 - 1638 Bloor Street W
C13813272,2026-09-23 00:00:00,5 DAYS,2026-09-28,627 Dupont Street
C13813094,2026-09-23 00:00:00,5 DAYS,2026-09-28,153 Lambertlodge Avenue
C13813106,2026-09-23 00:00:00,5 DAYS,2026-09-28,319 - 1603 Eglinton Avenue W
C13812950,2026-09-23 00:00:00,5 DAYS,2026-09-28,140A Euclid Avenue
W13812878,2026-09-23 00:00:00,5 DAYS,2026-09-28,339 - 1100 Lansdowne Avenue
W13812820,2026-09-23 00:00:00,5 DAYS,2026-09-28,1139 Glengrove Avenue W
C13812818,2026-09-23 00:00:00,5 DAYS,2026-09-28,205 - 394 Euclid Avenue
W13812692,2026-09-23 00:00:00,5 DAYS,2026-09-28,317 - 383 Sorauren Avenue
W13812590,2026-09-23 00:00:00,5 DAYS,2026-09-28,405 - 57 Brock Avenue
W13812534,2026-09-23 00:00:00,5 DAYS,2026-09-28,227 - 7 Foundry Avenue
C13814822,2026-09-23 00:00:00,5 DAYS,2026-09-28,1167 Dundas Street W
W13815524,2026-09-23 00:00:00,5 DAYS,2026-09-28,95 Pelham Avenue
C13816384,2026-09-23 00:00:00,5 DAYS,2026-09-28,420 Spadina Avenue
C13816862,2026-09-23 00:00:00,5 DAYS,2026-09-28,301 Davenport Road
C13812384,2026-09-23 00:00:00,5 DAYS,2026-09-28,405 - 833 King Street W
C13812422,2026-09-23 00:00:00,5 DAYS,2026-09-28,79 Hazelton Avenue
C13812418,2026-09-23 00:00:00,5 DAYS,2026-09-28,30 Elgin Avenue
C13812714,2026-09-23 00:00:00,5 DAYS,2026-09-28,313 - 77 Mcmurrich Street
C13812664,2026-09-23 00:00:00,5 DAYS,2026-09-28,1226 - 108 Peter Street
C13813136,2026-09-23 00:00:00,5 DAYS,2026-09-28,33A Henry Street
C13813114,2026-09-23 00:00:00,5 DAYS,2026-09-28,49 Granby Street
C13813052,2026-09-23 00:00:00,5 DAYS,2026-09-28,1504 - 88 Harbour Street
C13813674,2026-09-23 00:00:00,5 DAYS,2026-09-28,Th9 - 385 Brunswick Avenue
C13813608,2026-09-23 00:00:00,5 DAYS,2026-09-28,141 Old Forest Hill Road
W13813286,2026-09-23 00:00:00,5 DAYS,2026-09-28,37 Birdstone Crescent
C13813932,2026-09-23 00:00:00,5 DAYS,2026-09-28,903 - 240 Heath Street W
C13813480,2026-09-23 00:00:00,5 DAYS,2026-09-28,205 - 1000 King Street W
C13813884,2026-09-23 00:00:00,5 DAYS,2026-09-28,368 Glenholme Avenue
C13816112,2026-09-23 00:00:00,5 DAYS,2026-09-28,573 Northcliffe Boulevard
W13815862,2026-09-23 00:00:00,5 DAYS,2026-09-28,1259 Davenport Road
C13815770,2026-09-23 00:00:00,5 DAYS,2026-09-28,217 Gladstone Avenue
W13815682,2026-09-23 00:00:00,5 DAYS,2026-09-28,702 - 10 Graphophone Grove
W13815526,2026-09-23 00:00:00,5 DAYS,2026-09-28,266 Glenlake Avenue
W13815490,2026-09-23 00:00:00,5 DAYS,2026-09-28,1390 Davenport Road
C13815594,2026-09-23 00:00:00,5 DAYS,2026-09-28,87 Palmerston Avenue
W13815416,2026-09-23 00:00:00,5 DAYS,2026-09-28,542 Beresford Avenue
W13815254,2026-09-23 00:00:00,5 DAYS,2026-09-28,1402 - 1185 Dupont Street
C13815096,2026-09-23 00:00:00,5 DAYS,2026-09-28,215 Ava Road
C13815098,2026-09-23 00:00:00,5 DAYS,2026-09-28,28 Concord Avenue
C13815104,2026-09-23 00:00:00,5 DAYS,2026-09-28,154 Alameda Avenue
W13815002,2026-09-23 00:00:00,5 DAYS,2026-09-28,25 - 630 Rogers Road
W13814958,2026-09-23 00:00:00,5 DAYS,2026-09-28,405 - 437 Roncesvalles Avenue
W13814928,2026-09-23 00:00:00,5 DAYS,2026-09-28,94 Belgravia Avenue
C13814976,2026-09-23 00:00:00,5 DAYS,2026-09-28,36 Camberwell Road
C13814904,2026-09-23 00:00:00,5 DAYS,2026-09-28,2802 - 50 Ordnance Street
W13814864,2026-09-23 00:00:00,5 DAYS,2026-09-28,30 Brumell Avenue
W13814782,2026-09-23 00:00:00,5 DAYS,2026-09-28,34 Rutherford Avenue
C13814848,2026-09-23 00:00:00,5 DAYS,2026-09-28,415 - 456 College Street
C13814814,2026-09-23 00:00:00,5 DAYS,2026-09-28,1169 Davenport Road
C13814702,2026-09-23 00:00:00,5 DAYS,2026-09-28,382 Roxton Road
C13814522,2026-09-23 00:00:00,5 DAYS,2026-09-28,631 Lauder Avenue
C13814602,2026-09-23 00:00:00,5 DAYS,2026-09-28,41 Ashbury Avenue
W13813564,2026-09-23 00:00:00,5 DAYS,2026-09-28,251 Boon Avenue
C13813604,2026-09-23 00:00:00,5 DAYS,2026-09-28,5 Overdale Road
C13815964,2026-09-23 00:00:00,5 DAYS,2026-09-28,219 - 1000 King Street W
C13814090,2026-09-23 00:00:00,5 DAYS,2026-09-28,931 - 3 Concord City Place Way
C13814324,2026-09-23 00:00:00,5 DAYS,2026-09-28,1708 - 470 Front Street W
C13815398,2026-09-23 00:00:00,5 DAYS,2026-09-28,16 Elderwood Drive
C13815574,2026-09-23 00:00:00,5 DAYS,2026-09-28,503 - 260 Heath Street W
C13815814,2026-09-23 00:00:00,5 DAYS,2026-09-28,9 Borden Street
C13815918,2026-09-23 00:00:00,5 DAYS,2026-09-28,513 - 770 Bay Street
C13816128,2026-09-23 00:00:00,5 DAYS,2026-09-28,Subph3 - 99 Avenue Road
C13816180,2026-09-23 00:00:00,5 DAYS,2026-09-28,221 Dunvegan Road
C13816256,2026-09-23 00:00:00,5 DAYS,2026-09-28,7401 - 388 Yonge Street
C13816410,2026-09-23 00:00:00,5 DAYS,2026-09-28,1011 - 25 Richmond Street E
C13816350,2026-09-23 00:00:00,5 DAYS,2026-09-28,2513 - 20 Edward Street
C13816332,2026-09-23 00:00:00,5 DAYS,2026-09-28,201 - 240 Heath Street W
C13816452,2026-09-23 00:00:00,5 DAYS,2026-09-28,783 Spadina Road
W13812046,2026-09-23 00:00:00,5 DAYS,2026-09-28,412 - 4208 Dundas Street W
W13812748,2026-09-23 00:00:00,5 DAYS,2026-09-28,993 Islington Avenue
W13813060,2026-09-23 00:00:00,5 DAYS,2026-09-28,402 - 4196 Dundas Street W
W13813142,2026-09-23 00:00:00,5 DAYS,2026-09-28,8 Smith Crescent
W13813332,2026-09-23 00:00:00,5 DAYS,2026-09-28,34 Edgecroft Road
W13814272,2026-09-23 00:00:00,5 DAYS,2026-09-28,60 Fernalroy Boulevard
W13815114,2026-09-23 00:00:00,5 DAYS,2026-09-28,407 - 935 Royal York Road
W13815768,2026-09-23 00:00:00,5 DAYS,2026-09-28,21 Parker Avenue
W13816068,2026-09-23 00:00:00,5 DAYS,2026-09-28,65 Edgecroft Road
W13816040,2026-09-23 00:00:00,5 DAYS,2026-09-28,92 Westrose Avenue
C13812512,2026-09-23 00:00:00,5 DAYS,2026-09-28,9 Saguenay Avenue E
C13814726,2026-09-23 00:00:00,5 DAYS,2026-09-28,449 Elm Road
C13814970,2026-09-23 00:00:00,5 DAYS,2026-09-28,32 Cranbrooke Avenue
C13813852,2026-09-23 00:00:00,5 DAYS,2026-09-28,142 Keewatin Avenue
C13815064,2026-09-23 00:00:00,5 DAYS,2026-09-28,51 Augusta Avenue
C13814326,2026-09-23 00:00:00,5 DAYS,2026-09-28,4 Lyndhurst Court
C13814854,2026-09-23 00:00:00,5 DAYS,2026-09-28,Ph08 - 352 Front Street W
W13811740,2026-09-23 00:00:00,5 DAYS,2026-09-28,63 Eastbourne Crescent
C13814416,2026-09-23 00:00:00,5 DAYS,2026-09-28,1009 - 110 Bloor Street W
C13814594,2026-09-23 00:00:00,5 DAYS,2026-09-28,1804 - 88 Scott Street
W13816050,2026-09-23 00:00:00,5 DAYS,2026-09-28,604 Marlee Avenue
C13814718,2026-09-23 00:00:00,5 DAYS,2026-09-28,1401 - 240 Heath Street W
C13814674,2026-09-23 00:00:00,5 DAYS,2026-09-28,1501 - 206 Bloor Street W
C13814906,2026-09-23 00:00:00,5 DAYS,2026-09-28,1109 - 400 Adelaide Street E
C13814908,2026-09-23 00:00:00,5 DAYS,2026-09-28,1023 - 230 King Street E
C13813986,2026-09-23 00:00:00,5 DAYS,2026-09-28,313 - 90 Sumach Street
C13813220,2026-09-23 00:00:00,5 DAYS,2026-09-28,510 - 65 Scadding Avenue
C13813244,2026-09-23 00:00:00,5 DAYS,2026-09-28,S302 - 455 Front St Front Street E
C13813016,2026-09-23 00:00:00,5 DAYS,2026-09-28,1807 - 18 Yonge Street
C13813032,2026-09-23 00:00:00,5 DAYS,2026-09-28,S703 - 112 George Street
C13812876,2026-09-23 00:00:00,5 DAYS,2026-09-28,408 - 55 Regent Park Boulevard
C13812588,2026-09-23 00:00:00,5 DAYS,2026-09-28,706 - 400 Adelaide Street E
C13812280,2026-09-23 00:00:00,5 DAYS,2026-09-28,210 - 158 Front Street E
W13815572,2026-09-23 00:00:00,5 DAYS,2026-09-28,1404 - 2287 Lake Shore Boulevard W
W13815218,2026-09-23 00:00:00,5 DAYS,2026-09-28,51 Thirty Ninth Street
W13814918,2026-09-23 00:00:00,5 DAYS,2026-09-28,53 Twenty Fourth Street N
W13813928,2026-09-23 00:00:00,5 DAYS,2026-09-28,65 Foch Avenue
W13813872,2026-09-23 00:00:00,5 DAYS,2026-09-28,1908 - 2285 Lake Shore Boulevard W
W13813530,2026-09-23 00:00:00,5 DAYS,2026-09-28,4003 - 2200 Lake Shore Boulevard W
W13813434,2026-09-23 00:00:00,5 DAYS,2026-09-28,1 - 2693 Lakeshore Boulevard W
W13813080,2026-09-23 00:00:00,5 DAYS,2026-09-28,26 Nordin Avenue
W13812768,2026-09-23 00:00:00,5 DAYS,2026-09-28,194 Beta Street
W13812058,2026-09-23 00:00:00,5 DAYS,2026-09-28,4706 - 2200 Lake Shore Boulevard W
C13814872,2026-09-23 00:00:00,5 DAYS,2026-09-28,423 - 90 Stadium Road
W13815892,2026-09-23 00:00:00,5 DAYS,2026-09-28,217 Humberside Avenue
C13811400,2026-09-23 00:00:00,5 DAYS,2026-09-28,1409 - 60 Berwick Ave Avenue
W13815058,2026-09-23 00:00:00,5 DAYS,2026-09-28,306 - 60 Central Park Roadway
W13815736,2026-09-23 00:00:00,5 DAYS,2026-09-28,2010 - 60 Central Park Road Way
W13815498,2026-09-23 00:00:00,5 DAYS,2026-09-28,5 Acorn Avenue
W13815328,2026-09-23 00:00:00,5 DAYS,2026-09-28,37 Wilmar Road
W13815124,2026-09-23 00:00:00,5 DAYS,2026-09-28,19 Mattice Road
W13813808,2026-09-23 00:00:00,5 DAYS,2026-09-28,31 Bearwood Drive
W13813512,2026-09-23 00:00:00,5 DAYS,2026-09-28,114 Elmcrest Road
W13813540,2026-09-23 00:00:00,5 DAYS,2026-09-28,59 Alanmeade Crescent
W13813460,2026-09-23 00:00:00,5 DAYS,2026-09-28,903 - 714 The West Mall
W13813236,2026-09-23 00:00:00,5 DAYS,2026-09-28,4 Braywin Drive
W13813138,2026-09-23 00:00:00,5 DAYS,2026-09-28,108 Rathburn Road
W13812990,2026-09-23 00:00:00,5 DAYS,2026-09-28,11 Brook Tree Crescent
W13812628,2026-09-23 00:00:00,5 DAYS,2026-09-28,5 Bradbury Crescent
W13812320,2026-09-23 00:00:00,5 DAYS,2026-09-28,302 - 1 Michael Power Place
W13812176,2026-09-23 00:00:00,5 DAYS,2026-09-28,807 - 10 Wilby Crescent
C13812732,2026-09-23 00:00:00,5 DAYS,2026-09-28,1004 - 2 Covington Road
W13812020,2026-09-23 00:00:00,5 DAYS,2026-09-28,410 - 2522 Keele Street
W13812092,2026-09-23 00:00:00,5 DAYS,2026-09-28,1102 - 820 Burnhamthorpe Road
E13817056,2026-09-23 00:00:00,5 DAYS,2026-09-28,2662 Danforth Avenue
C13812152,2026-09-23 00:00:00,5 DAYS,2026-09-28,2202 - 89 Dunfield Avenue
C13812932,2026-09-23 00:00:00,5 DAYS,2026-09-28,301 - 1174 Yonge Street
W13816102,2026-09-23 00:00:00,5 DAYS,2026-09-28,102 - 245 Perth Avenue
E13812666,2026-09-23 00:00:00,5 DAYS,2026-09-28,69 Squires Avenue
C13811612,2026-09-23 00:00:00,5 DAYS,2026-09-28,113 Sherwood Avenue
C13812228,2026-09-23 00:00:00,5 DAYS,2026-09-28,95 Riverview Drive
E13816632,2026-09-23 00:00:00,5 DAYS,2026-09-28,15 Curity Avenue
C13816192,2026-09-23 00:00:00,5 DAYS,2026-09-28,667 Ossington Avenue
W13816694,2026-09-23 00:00:00,5 DAYS,2026-09-28,2408 - 1410 Dupont Street
W13816092,2026-09-23 00:00:00,5 DAYS,2026-09-28,410 - 2088 Lawrence Avenue W
W13816724,2026-09-23 00:00:00,5 DAYS,2026-09-28,8 Lockheed Boulevard
C13812360,2026-09-23 00:00:00,5 DAYS,2026-09-28,2003 - 101 Charles Street E
C13815258,2026-09-23 00:00:00,5 DAYS,2026-09-28,370 Hillsdale Avenue E
C13816220,2026-09-23 00:00:00,5 DAYS,2026-09-28,266 Lonsdale Road
C13816422,2026-09-23 00:00:00,5 DAYS,2026-09-28,94 Walker Avenue
C13815486,2026-09-23 00:00:00,5 DAYS,2026-09-28,412 - 1 Belsize Drive
C13814494,2026-09-23 00:00:00,5 DAYS,2026-09-28,1104 - 130 Neptune Drive
C13816230,2026-09-23 00:00:00,5 DAYS,2026-09-28,609 - 2 Covington Road
C13815454,2026-09-23 00:00:00,5 DAYS,2026-09-28,20B Woodlawn Avenue W
C13815306,2026-09-23 00:00:00,5 DAYS,2026-09-28,Th 5 - 95 Summerhill Avenue
C13812406,2026-09-23 00:00:00,5 DAYS,2026-09-28,308 - 398 Eglinton Avenue E
C13814932,2026-09-23 00:00:00,5 DAYS,2026-09-28,2104 - 609 Sherbourne Street
C13814634,2026-09-23 00:00:00,5 DAYS,2026-09-28,36 Hadley Road
W13815408,2026-09-23 00:00:00,5 DAYS,2026-09-28,35 Norfield Crescent
C13815556,2026-09-23 00:00:00,5 DAYS,2026-09-28,703 - 18 Merton Street
W13812532,2026-09-23 00:00:00,5 DAYS,2026-09-28,2105 - 234 Albion Road
W13813762,2026-09-23 00:00:00,5 DAYS,2026-09-28,406 - 2464 Weston Road
C13814322,2026-09-23 00:00:00,5 DAYS,2026-09-28,1018 - 111 St Clair Avenue W
C13814042,2026-09-23 00:00:00,5 DAYS,2026-09-28,1605 - 5 St Joseph Street
C13813652,2026-09-23 00:00:00,5 DAYS,2026-09-28,369 - 415 Jarvis Street
C13813766,2026-09-23 00:00:00,5 DAYS,2026-09-28,92 South Drive
C13813248,2026-09-23 00:00:00,5 DAYS,2026-09-28,505 - 35 Merton Street
W13813734,2026-09-23 00:00:00,5 DAYS,2026-09-28,295 Falstaff Avenue
C13814642,2026-09-23 00:00:00,5 DAYS,2026-09-28,1101 - 61 St Clair Avenue W
C13812994,2026-09-23 00:00:00,5 DAYS,2026-09-28,1402 - 150 Heath Street
W13812424,2026-09-23 00:00:00,5 DAYS,2026-09-28,505 - 2464 Weston Road
W13811838,2026-09-23 00:00:00,5 DAYS,2026-09-28,26 Brubeck Road
C13813886,2026-09-23 00:00:00,5 DAYS,2026-09-28,40 Sultana Avenue
W13813334,2026-09-23 00:00:00,5 DAYS,2026-09-28,504 - 3091 Dufferin Street
C13818406,2026-09-24 00:00:00,4 DAYS,2026-09-28,43 Sagebrush Lane
E13816300,2026-09-24 00:00:00,4 DAYS,2026-09-28,54 Saratoga Drive
W13820688,2026-09-24 00:00:00,4 DAYS,2026-09-28,26 Larkin Avenue
E13816430,2026-09-24 00:00:00,4 DAYS,2026-09-28,5A Falmouth Avenue
W13820534,2026-09-24 00:00:00,4 DAYS,2026-09-28,163 Northland Avenue
W13819398,2026-09-24 00:00:00,4 DAYS,2026-09-28,7 Checkers Court
C13820538,2026-09-24 00:00:00,4 DAYS,2026-09-28,227 Markham Street
W13818680,2026-09-24 00:00:00,4 DAYS,2026-09-28,81 Letchworth Crescent
C13818668,2026-09-24 00:00:00,4 DAYS,2026-09-28,303 - 1 Post Road
W13818142,2026-09-24 00:00:00,4 DAYS,2026-09-28,716 - 80 Grandravine Drive
W13818108,2026-09-24 00:00:00,4 DAYS,2026-09-28,12 Paradelle Crescent
C13818522,2026-09-24 00:00:00,4 DAYS,2026-09-28,403 - 181 Wynford Drive
C13819852,2026-09-24 00:00:00,4 DAYS,2026-09-28,52 Heydon Park Road
W13820064,2026-09-24 00:00:00,4 DAYS,2026-09-28,245 St Johns Road
C13820130,2026-09-24 00:00:00,4 DAYS,2026-09-28,201 - 12 Sudbury Street
E13816164,2026-09-24 00:00:00,4 DAYS,2026-09-28,1702 - 3220 Sheppard Avenue E
C13820372,2026-09-24 00:00:00,4 DAYS,2026-09-28,62A Perth Avenue
W13819388,2026-09-24 00:00:00,4 DAYS,2026-09-28,3 - 9 Gosford Boulevard
C13817816,2026-09-24 00:00:00,4 DAYS,2026-09-28,615 - 18 Esther Shiner Boulevard
C13817310,2026-09-24 00:00:00,4 DAYS,2026-09-28,806W - 27 Bathurst Street
C13818352,2026-09-24 00:00:00,4 DAYS,2026-09-28,1311 - 628 Fleet Street
W13819674,2026-09-24 00:00:00,4 DAYS,2026-09-28,85 Brentwood Road S
C13816852,2026-09-24 00:00:00,4 DAYS,2026-09-28,69 Elderwood Drive
C13816898,2026-09-24 00:00:00,4 DAYS,2026-09-28,309 - 20 Blue Jays Way
C13817074,2026-09-24 00:00:00,4 DAYS,2026-09-28,1014 - 155 Dalhousie Street
C13817086,2026-09-24 00:00:00,4 DAYS,2026-09-28,203 - 181 Bedford Road
C13817230,2026-09-24 00:00:00,4 DAYS,2026-09-28,2809 - 761 Bay Street
C13818198,2026-09-24 00:00:00,4 DAYS,2026-09-28,25 Harlington Road
C13817514,2026-09-24 00:00:00,4 DAYS,2026-09-28,85 Walmer Road
C13817688,2026-09-24 00:00:00,4 DAYS,2026-09-28,201 - 181 Bedford Road
C13817746,2026-09-24 00:00:00,4 DAYS,2026-09-28,4105 - 327 King Street W
C13818346,2026-09-24 00:00:00,4 DAYS,2026-09-28,901 - 775 King Street W
W13820620,2026-09-24 00:00:00,5 DAYS,2026-09-29,5859 Riverside Place
W13821450,2026-09-24 00:00:00,5 DAYS,2026-09-29,16 - 3975 Eglinton Avenue W
W13821524,2026-09-24 00:00:00,5 DAYS,2026-09-29,4045 Taffey Crescent
40866022,2026-09-24 00:00:00,5 DAYS,2026-09-29,4889 Kimbermount Avenue Unit# 1707
W13821604,2026-09-24 00:00:00,5 DAYS,2026-09-29,1707 - 4889 Kimbermount Avenue
W13821754,2026-09-24 00:00:00,5 DAYS,2026-09-29,3706 Forest Bluff Crescent
W13821964,2026-09-24 00:00:00,5 DAYS,2026-09-29,2745 Galleon Crescent
W13821940,2026-09-24 00:00:00,5 DAYS,2026-09-29,2506 Cobbinshaw Circle
40864574,2026-09-24 00:00:00,5 DAYS,2026-09-29,6888 Barrisdale Drive
C13817856,2026-09-24 00:00:00,4 DAYS,2026-09-28,907 - 100 Dalhousie Street
C13818048,2026-09-24 00:00:00,4 DAYS,2026-09-28,708 - 505 Richmond Street W
W13821340,2026-09-24 00:00:00,5 DAYS,2026-09-29,31B - 5865 Dalebrook Crescent
C13817884,2026-09-24 00:00:00,4 DAYS,2026-09-28,17 Rustywood Drive
C13817076,2026-09-24 00:00:00,4 DAYS,2026-09-28,192 Combe Avenue
C13817716,2026-09-24 00:00:00,4 DAYS,2026-09-28,55 Rayoak Drive
E13819992,2026-09-24 00:00:00,4 DAYS,2026-09-28,Ph9 - 120 Dundalk Drive
E13820118,2026-09-24 00:00:00,4 DAYS,2026-09-28,4 Glenstroke Drive
E13820346,2026-09-24 00:00:00,4 DAYS,2026-09-28,407 - 50 Brian Harrison Way
E13820272,2026-09-24 00:00:00,4 DAYS,2026-09-28,727 - 18 Mondeo Drive
E13820414,2026-09-24 00:00:00,4 DAYS,2026-09-28,22 Falaise Road
E13820594,2026-09-24 00:00:00,4 DAYS,2026-09-28,33 Lewiston Road
E13820770,2026-09-24 00:00:00,4 DAYS,2026-09-28,101 - 45 Strangford Lane
W13818394,2026-09-24 00:00:00,4 DAYS,2026-09-28,402 - 70 Annie Craig Drive
W13818140,2026-09-24 00:00:00,4 DAYS,2026-09-28,24 Gala Lane
W13818192,2026-09-24 00:00:00,4 DAYS,2026-09-28,45 Chartwell Road
W13817724,2026-09-24 00:00:00,4 DAYS,2026-09-28,78 Willingdon Boulevard
W13817450,2026-09-24 00:00:00,4 DAYS,2026-09-28,Ph06 - 39 Annie Craig Drive
E13816200,2026-09-24 00:00:00,4 DAYS,2026-09-28,17 Beachdale Avenue
E13816352,2026-09-24 00:00:00,4 DAYS,2026-09-28,404 - 2 Manderley Drive
E13816324,2026-09-24 00:00:00,4 DAYS,2026-09-28,93 Pinegrove Avenue
E13817444,2026-09-24 00:00:00,4 DAYS,2026-09-28,5 - 172 Clonmore Drive
E13817702,2026-09-24 00:00:00,4 DAYS,2026-09-28,104 - 1715 Kingston Road
40866137,2026-09-24 00:00:00,5 DAYS,2026-09-29,6575 Montevideo Road
W13823514,2026-09-24 00:00:00,5 DAYS,2026-09-29,5880 Saigon Street
W13823334,2026-09-24 00:00:00,5 DAYS,2026-09-29,65 - 6830 Meadowvale Town Centre Circle
W13823192,2026-09-24 00:00:00,5 DAYS,2026-09-29,185 - 70 Lunar Crescent
W13823104,2026-09-24 00:00:00,5 DAYS,2026-09-29,3725 Althorpe Circle
W13823006,2026-09-24 00:00:00,5 DAYS,2026-09-29,45 - 6540 Falconer Drive
E13819946,2026-09-24 00:00:00,4 DAYS,2026-09-28,49 - 331 Trudelle Street
W13822724,2026-09-24 00:00:00,5 DAYS,2026-09-29,33 - 5230 Glen Erin Drive
W13822118,2026-09-24 00:00:00,5 DAYS,2026-09-29,6888 Barrisdale Drive
E13820450,2026-09-24 00:00:00,4 DAYS,2026-09-28,90 Euclid Avenue
E13820470,2026-09-24 00:00:00,4 DAYS,2026-09-28,35 Southlawn Drive
E13818790,2026-09-24 00:00:00,4 DAYS,2026-09-28,1102 - 2800 Warden Avenue
E13820160,2026-09-24 00:00:00,4 DAYS,2026-09-28,410 - 1100 Kingston Road
E13818548,2026-09-24 00:00:00,4 DAYS,2026-09-28,41 Fallingbrook Road
W13822174,2026-09-24 00:00:00,5 DAYS,2026-09-29,29 - 3265 South Millway
E13819744,2026-09-24 00:00:00,4 DAYS,2026-09-28,101 Heale Avenue
E13819792,2026-09-24 00:00:00,4 DAYS,2026-09-28,20 Hainford St #19
E13819572,2026-09-24 00:00:00,4 DAYS,2026-09-28,80 Applefield Drive
W13819724,2026-09-24 00:00:00,4 DAYS,2026-09-28,302 - 80 Palace Pier Court
W13817080,2026-09-24 00:00:00,4 DAYS,2026-09-28,56 Camborne Avenue
C13817106,2026-09-24 00:00:00,4 DAYS,2026-09-28,204 - 728 Sheppard Avenue W
C13819086,2026-09-24 00:00:00,4 DAYS,2026-09-28,401 - 2603 Bathurst Street
C13821002,2026-09-24 00:00:00,4 DAYS,2026-09-28,364 Winona Drive
C13820916,2026-09-24 00:00:00,4 DAYS,2026-09-28,431 Manning Avenue
W13816622,2026-09-24 00:00:00,4 DAYS,2026-09-28,21 - 871 Wilson Avenue
W13817562,2026-09-24 00:00:00,4 DAYS,2026-09-28,81 Blossom Crescent
C13818622,2026-09-24 00:00:00,4 DAYS,2026-09-28,1204 - 200 Bloor Street W
C13818550,2026-09-24 00:00:00,4 DAYS,2026-09-28,1506 - 99 John Street
C13818426,2026-09-24 00:00:00,4 DAYS,2026-09-28,2809 - 11 Brunel Court
C13816654,2026-09-24 00:00:00,4 DAYS,2026-09-28,76 Fenside Drive
C13806152,2026-09-24 00:00:00,4 DAYS,2026-09-28,638 - 20 O'Neill Road
C13817610,2026-09-24 00:00:00,4 DAYS,2026-09-28,1602 - 215 Wynford Drive
C13818512,2026-09-24 00:00:00,4 DAYS,2026-09-28,5006 - 100 Harbour Street
C13817928,2026-09-24 00:00:00,4 DAYS,2026-09-28,1501 - 797 Don Mills Road
C13818916,2026-09-24 00:00:00,4 DAYS,2026-09-28,14 Kensington Place
E13817102,2026-09-24 00:00:00,4 DAYS,2026-09-28,53 Glory Crescent
E13819468,2026-09-24 00:00:00,4 DAYS,2026-09-28,4418 Kingston Road
E13819470,2026-09-24 00:00:00,4 DAYS,2026-09-28,4418 Kingston Road
E13819144,2026-09-24 00:00:00,4 DAYS,2026-09-28,120 Trudelle Street
E13818950,2026-09-24 00:00:00,4 DAYS,2026-09-28,3 Charity Road
E13818756,2026-09-24 00:00:00,4 DAYS,2026-09-28,96 Commonwealth Avenue
E13818660,2026-09-24 00:00:00,4 DAYS,2026-09-28,588 Huntingwood Drive
E13816580,2026-09-24 00:00:00,4 DAYS,2026-09-28,116 - 181 Village Green Square
E13818362,2026-09-24 00:00:00,4 DAYS,2026-09-28,1923 - 3 Greystone Walk Drive
E13818134,2026-09-24 00:00:00,4 DAYS,2026-09-28,13 Vasto Lane
E13817914,2026-09-24 00:00:00,4 DAYS,2026-09-28,128 Holmcrest Trail
E13817542,2026-09-24 00:00:00,4 DAYS,2026-09-28,33 Pepper Tree Drive
E13817418,2026-09-24 00:00:00,4 DAYS,2026-09-28,21 Ivan Road
E13817370,2026-09-24 00:00:00,4 DAYS,2026-09-28,121 Jenkinson Way
E13817150,2026-09-24 00:00:00,4 DAYS,2026-09-28,8 Amethyst Road
E13818286,2026-09-24 00:00:00,4 DAYS,2026-09-28,35 Acheson Boulevard
W13820120,2026-09-24 00:00:00,4 DAYS,2026-09-28,4801 - 70 Annie Craig Drive
W13815968,2026-09-24 00:00:00,4 DAYS,2026-09-28,17 Fifth Street
W13820870,2026-09-24 00:00:00,4 DAYS,2026-09-28,45 Lobo Mews
C13818726,2026-09-24 00:00:00,4 DAYS,2026-09-28,902 - 11 Bogert Avenue
C13818922,2026-09-24 00:00:00,4 DAYS,2026-09-28,808 - 4978 Yonge Street
C13818918,2026-09-24 00:00:00,4 DAYS,2026-09-28,1505 - 15 Greenview Avenue
C13819522,2026-09-24 00:00:00,4 DAYS,2026-09-28,2108 - 8 Olympic Garden Drive
C13819512,2026-09-24 00:00:00,4 DAYS,2026-09-28,217 - 21 Clairtrell Road
C13819814,2026-09-24 00:00:00,4 DAYS,2026-09-28,16 Carney Road
C13820100,2026-09-24 00:00:00,4 DAYS,2026-09-28,1804 - 131 Torresdale Avenue
C13820158,2026-09-24 00:00:00,4 DAYS,2026-09-28,6 Brill Crescent
C13817508,2026-09-24 00:00:00,4 DAYS,2026-09-28,214 Ossington Avenue
C13820472,2026-09-24 00:00:00,4 DAYS,2026-09-28,1003 - 5 Northtown Way
E13816872,2026-09-24 00:00:00,4 DAYS,2026-09-28,49 - 100 Bridletowne Circle
E13816240,2026-09-24 00:00:00,4 DAYS,2026-09-28,32 Lauralynn Crescent
E13818162,2026-09-24 00:00:00,4 DAYS,2026-09-28,1804 - 2550 Pharmacy Avenue
C13821118,2026-09-24 00:00:00,4 DAYS,2026-09-28,382 Bathurst Street
C13820174,2026-09-24 00:00:00,4 DAYS,2026-09-28,40 King Street W
C13820558,2026-09-24 00:00:00,4 DAYS,2026-09-28,365 Queen Street W
W13817060,2026-09-24 00:00:00,4 DAYS,2026-09-28,35 Montcalm Avenue Nw
W13817242,2026-09-24 00:00:00,4 DAYS,2026-09-28,1904 - 135 Marlee Avenue
C13817324,2026-09-24 00:00:00,4 DAYS,2026-09-28,248 Manning Avenue
W13817522,2026-09-24 00:00:00,4 DAYS,2026-09-28,506B - 25 Ritchie Avenue
C13817890,2026-09-24 00:00:00,4 DAYS,2026-09-28,304 - 80 Western Battery Road
W13817846,2026-09-24 00:00:00,4 DAYS,2026-09-28,219 Earlscourt Avenue
W13817906,2026-09-24 00:00:00,4 DAYS,2026-09-28,122 - 20 Elsie Lane
W13817842,2026-09-24 00:00:00,4 DAYS,2026-09-28,710 - 38 Joe Shuster Way
W13818222,2026-09-24 00:00:00,4 DAYS,2026-09-28,55 Tedder Street
W13818218,2026-09-24 00:00:00,4 DAYS,2026-09-28,1019 - 1600 Keele Street
C13820740,2026-09-24 00:00:00,4 DAYS,2026-09-28,817 Bloor Street W
E13785384,2026-09-24 00:00:00,4 DAYS,2026-09-28,33 Lorna Rae Boulevard
E13817526,2026-09-24 00:00:00,4 DAYS,2026-09-28,78 Crayford Drive
W13824182,2026-09-24 00:00:00,5 DAYS,2026-09-29,7349 Zinnia Place
C13816370,2026-09-24 00:00:00,4 DAYS,2026-09-28,3102 - 121 Mcmahon Drive
C13816402,2026-09-24 00:00:00,4 DAYS,2026-09-28,30 Blue Ridge Road
C13816272,2026-09-24 00:00:00,4 DAYS,2026-09-28,1009 - 52 Forest Manor Road
40865631,2026-09-24 00:00:00,4 DAYS,2026-09-28,30 Blue Ridge Road
C13816146,2026-09-24 00:00:00,4 DAYS,2026-09-28,21 Denver Crescent
C13818456,2026-09-24 00:00:00,4 DAYS,2026-09-28,311 - 50 Forest Manor Road
C13818172,2026-09-24 00:00:00,4 DAYS,2026-09-28,102 - 11 William Carson Crescent
C13818154,2026-09-24 00:00:00,4 DAYS,2026-09-28,#2002 - 188 Doris Avenue
C13818214,2026-09-24 00:00:00,4 DAYS,2026-09-28,116 - 38 William Carson Crescent
C13820088,2026-09-24 00:00:00,4 DAYS,2026-09-28,605 - 1121 Steeles Avenue W
C13818588,2026-09-24 00:00:00,4 DAYS,2026-09-28,411 Cummer Avenue
C13817970,2026-09-24 00:00:00,4 DAYS,2026-09-28,152 Hilda Avenue
C13817478,2026-09-24 00:00:00,4 DAYS,2026-09-28,599 Conacher Drive
C13818396,2026-09-24 00:00:00,4 DAYS,2026-09-28,1806 - 30 Greenfield Avenue
C13817852,2026-09-24 00:00:00,4 DAYS,2026-09-28,3 Flook Lane
C13817592,2026-09-24 00:00:00,4 DAYS,2026-09-28,411 - 7 Bishop Avenue
C13817634,2026-09-24 00:00:00,4 DAYS,2026-09-28,1203 - 2 Teagarden Court
C13817640,2026-09-24 00:00:00,4 DAYS,2026-09-28,1304 - 2 Teagarden Court
C13817132,2026-09-24 00:00:00,4 DAYS,2026-09-28,317 - 120 Harrison Garden Boulevard
C13817020,2026-09-24 00:00:00,4 DAYS,2026-09-28,212 Hollywood Avenue
C13816786,2026-09-24 00:00:00,4 DAYS,2026-09-28,213 - 21 Clairtrell Road
C13816620,2026-09-24 00:00:00,4 DAYS,2026-09-28,31 Arjay Crescent
C13818434,2026-09-24 00:00:00,4 DAYS,2026-09-28,1710 - 3 Rean Drive
C13818620,2026-09-24 00:00:00,4 DAYS,2026-09-28,6 Denmark Crescent
C13818542,2026-09-24 00:00:00,4 DAYS,2026-09-28,204 Greenfield Avenue
C13818706,2026-09-24 00:00:00,4 DAYS,2026-09-28,2002 - 509 Beecroft Road
C13818752,2026-09-24 00:00:00,4 DAYS,2026-09-28,460 Hounslow Avenue
W13818278,2026-09-24 00:00:00,4 DAYS,2026-09-28,14 Connolly Street
W13820704,2026-09-24 00:00:00,4 DAYS,2026-09-28,3507 - 2045 Lake Shore Boulevard W
W13818254,2026-09-24 00:00:00,4 DAYS,2026-09-28,120 Tarragona Boulevard
W13823920,2026-09-24 00:00:00,5 DAYS,2026-09-29,5289 Fallingbrook Drive
W13824260,2026-09-24 00:00:00,5 DAYS,2026-09-29,670 Wildgrass Road
C13818428,2026-09-24 00:00:00,4 DAYS,2026-09-28,87 Olive Avenue
W13820488,2026-09-24 00:00:00,4 DAYS,2026-09-28,713 - 1050 The Queensway
W13820390,2026-09-24 00:00:00,4 DAYS,2026-09-28,34 - 120 Twenty Fourth Street
W13819822,2026-09-24 00:00:00,4 DAYS,2026-09-28,703 - 785 Browns Line
W13819520,2026-09-24 00:00:00,4 DAYS,2026-09-28,4804 - 20 Shore Breeze Drive
W13819374,2026-09-24 00:00:00,4 DAYS,2026-09-28,307 - 859 The Queensway
W13818544,2026-09-24 00:00:00,4 DAYS,2026-09-28,1110 - 61 Heintzman Street
C13818776,2026-09-24 00:00:00,4 DAYS,2026-09-28,1404 - 12 Sudbury Street
C13818980,2026-09-24 00:00:00,4 DAYS,2026-09-28,2099 Dufferin Street
W13818840,2026-09-24 00:00:00,4 DAYS,2026-09-28,1604 - 251 Manitoba Street
W13818670,2026-09-24 00:00:00,4 DAYS,2026-09-28,152 Sheldon Avenue
W13824176,2026-09-24 00:00:00,5 DAYS,2026-09-29,1309 Martley Drive E
W13817114,2026-09-24 00:00:00,4 DAYS,2026-09-28,21 Eastbourne Crescent
C13818996,2026-09-24 00:00:00,4 DAYS,2026-09-28,259 Brock Avenue
C13819196,2026-09-24 00:00:00,4 DAYS,2026-09-28,316 - 955 Queen Street W
W13816940,2026-09-24 00:00:00,4 DAYS,2026-09-28,93 Cavell Avenue
C13819160,2026-09-24 00:00:00,4 DAYS,2026-09-28,200 St Helen'S Avenue
W13816868,2026-09-24 00:00:00,4 DAYS,2026-09-28,67 Twenty Seventh Street
W13816594,2026-09-24 00:00:00,4 DAYS,2026-09-28,1010 - 2261 Lake Shore Boulevard W
W13816224,2026-09-24 00:00:00,4 DAYS,2026-09-28,80 Thirtieth Street
C13817802,2026-09-24 00:00:00,4 DAYS,2026-09-28,3605 - 55 Ann O'Reilly Road
C13819668,2026-09-24 00:00:00,4 DAYS,2026-09-28,80 Wychwood Park
W13819546,2026-09-24 00:00:00,4 DAYS,2026-09-28,207 Symington Avenue
W13819648,2026-09-24 00:00:00,4 DAYS,2026-09-28,110 - 135 Canon Jackson Drive
C13819878,2026-09-24 00:00:00,4 DAYS,2026-09-28,87 Winnett Avenue
C13819092,2026-09-24 00:00:00,4 DAYS,2026-09-28,421 - 12 Douro Street
W13824070,2026-09-24 00:00:00,5 DAYS,2026-09-29,540 Louis Drive
W13824060,2026-09-24 00:00:00,5 DAYS,2026-09-29,508 Vanessa Crescent
W13823616,2026-09-24 00:00:00,5 DAYS,2026-09-29,1610 Magenta Court
W13821516,2026-09-24 00:00:00,4 DAYS,2026-09-28,256 Marlee Avenue S
W13818106,2026-09-24 00:00:00,4 DAYS,2026-09-28,3B - 1277 Caledonia Road
40865933,2026-09-24 00:00:00,5 DAYS,2026-09-29,3278 Credit Heights Drive
W13820062,2026-09-24 00:00:00,5 DAYS,2026-09-29,3604 - 448 Burnhamthorpe Road W
W13820184,2026-09-24 00:00:00,5 DAYS,2026-09-29,3278 Credit Heights Drive
40865982,2026-09-24 00:00:00,5 DAYS,2026-09-29,2203 Robin Drive
W13820422,2026-09-24 00:00:00,5 DAYS,2026-09-29,1106 - 285 Enfield Place
W13820494,2026-09-24 00:00:00,5 DAYS,2026-09-29,1604 - 388 Prince Of Wales Drive
W13820786,2026-09-24 00:00:00,5 DAYS,2026-09-29,1296 Woodhill Court
W13820862,2026-09-24 00:00:00,5 DAYS,2026-09-29,2005 - 3900 Confederation Parkway
W13820924,2026-09-24 00:00:00,5 DAYS,2026-09-29,38 - 400 Mississauga Valley Boulevard
W13821094,2026-09-24 00:00:00,5 DAYS,2026-09-29,2233 Oneida Crescent
W13821036,2026-09-24 00:00:00,5 DAYS,2026-09-29,54 Cumberland Drive
W13821166,2026-09-24 00:00:00,5 DAYS,2026-09-29,505 - 25 Fairview Road
W13821204,2026-09-24 00:00:00,5 DAYS,2026-09-29,4802 - 395 Square One Drive
W13821800,2026-09-24 00:00:00,5 DAYS,2026-09-29,15 - 130 Park Street E
W13821878,2026-09-24 00:00:00,5 DAYS,2026-09-29,2553 Annelyn Court
W13821884,2026-09-24 00:00:00,5 DAYS,2026-09-29,903 - 1485 Lakeshore Road E
W13821974,2026-09-24 00:00:00,5 DAYS,2026-09-29,2334 Hammond Road
W13822464,2026-09-24 00:00:00,5 DAYS,2026-09-29,1321 St. James Avenue
W13822548,2026-09-24 00:00:00,5 DAYS,2026-09-29,879 Consort Crescent
W13822736,2026-09-24 00:00:00,5 DAYS,2026-09-29,156 Macedonia Crescent
W13822696,2026-09-24 00:00:00,5 DAYS,2026-09-29,459 Wildgrass Road
W13823060,2026-09-24 00:00:00,5 DAYS,2026-09-29,21 - 650 Atwater Avenue
W13823106,2026-09-24 00:00:00,5 DAYS,2026-09-29,308 - 350 Webb Drive
W13823226,2026-09-24 00:00:00,5 DAYS,2026-09-29,511 - 657 Cricklewood Drive
W13823462,2026-09-24 00:00:00,5 DAYS,2026-09-29,5907 - 3900 Confederation Parkway
C13818410,2026-09-24 00:00:00,4 DAYS,2026-09-28,91 Maplewood Avenue
W13824098,2026-09-24 00:00:00,5 DAYS,2026-09-29,6575 Montevideo Road
C13820590,2026-09-24 00:00:00,4 DAYS,2026-09-28,92 Inglewood Drive
C13820622,2026-09-24 00:00:00,4 DAYS,2026-09-28,502 - 20 Burkebrook Place
W13818160,2026-09-24 00:00:00,4 DAYS,2026-09-28,2305 - 2010 Islington Avenue
W13818486,2026-09-24 00:00:00,4 DAYS,2026-09-28,28 Landron Crescent
W13818474,2026-09-24 00:00:00,4 DAYS,2026-09-28,45 Riverview Heights
W13817062,2026-09-24 00:00:00,4 DAYS,2026-09-28,106 - 2825 Islington Avenue
W13819102,2026-09-24 00:00:00,4 DAYS,2026-09-28,709 - 9 Valhalla Inn Road
W13819126,2026-09-24 00:00:00,4 DAYS,2026-09-28,9 Cheshire Drive
W13819794,2026-09-24 00:00:00,4 DAYS,2026-09-28,406 - 10 Gibbs Road
W13819874,2026-09-24 00:00:00,4 DAYS,2026-09-28,80 North Heights Road
W13818074,2026-09-24 00:00:00,4 DAYS,2026-09-28,1811 - 9 Valhalla Inn Road
E13816228,2026-09-24 00:00:00,4 DAYS,2026-09-28,454 Donlands Avenue
C13816450,2026-09-24 00:00:00,4 DAYS,2026-09-28,155 South Drive
C13820974,2026-09-24 00:00:00,4 DAYS,2026-09-28,Uph03 - 38 Iannuzzi Street
W13820580,2026-09-24 00:00:00,4 DAYS,2026-09-28,1909 - 390 Dixon Road
W13821656,2026-09-24 00:00:00,5 DAYS,2026-09-29,4818 James Austin Drive
E13816464,2026-09-24 00:00:00,4 DAYS,2026-09-28,1903 - 3 Massey Square
E13816758,2026-09-24 00:00:00,4 DAYS,2026-09-28,501 Jones Avenue
E13816848,2026-09-24 00:00:00,4 DAYS,2026-09-28,454 Donlands Avenue
W13822444,2026-09-24 00:00:00,5 DAYS,2026-09-29,45 - 4101 Westminster Place
E13816386,2026-09-24 00:00:00,4 DAYS,2026-09-28,179 Riverdale Avenue
W13817710,2026-09-24 00:00:00,4 DAYS,2026-09-28,1005 - 5 Michael Power Place
C13820190,2026-09-24 00:00:00,4 DAYS,2026-09-28,115 - 455 Rosewell Avenue
C13819562,2026-09-24 00:00:00,4 DAYS,2026-09-28,2801 - 125 Redpath Avenue
C13819152,2026-09-24 00:00:00,4 DAYS,2026-09-28,1009 - 398 Eglinton Avenue E
W13817222,2026-09-24 00:00:00,4 DAYS,2026-09-28,2009 - 38 Annie Craig Drive
C13817480,2026-09-24 00:00:00,4 DAYS,2026-09-28,179 Yonge Boulevard
C13819384,2026-09-24 00:00:00,4 DAYS,2026-09-28,2A - 1657 Bathurst Street
C13819486,2026-09-24 00:00:00,4 DAYS,2026-09-28,2611 - 55 Bremner Boulevard
C13819428,2026-09-24 00:00:00,4 DAYS,2026-09-28,205 - 39 Brant Street
C13819600,2026-09-24 00:00:00,4 DAYS,2026-09-28,31 Kilbarry Road
C13819488,2026-09-24 00:00:00,4 DAYS,2026-09-28,5705 - 100 Harbour Street
C13819912,2026-09-24 00:00:00,4 DAYS,2026-09-28,402 - 218 Queens Quay W
C13820026,2026-09-24 00:00:00,4 DAYS,2026-09-28,75 Ardwold Gate
C13820260,2026-09-24 00:00:00,4 DAYS,2026-09-28,1109 - 38 Dan Leckie Way
C13820258,2026-09-24 00:00:00,4 DAYS,2026-09-28,1E - 86 Gerrard Street E
C13820360,2026-09-24 00:00:00,4 DAYS,2026-09-28,28 Castle Knock Road
C13820496,2026-09-24 00:00:00,4 DAYS,2026-09-28,1102 - 123 Portland Street
C13820406,2026-09-24 00:00:00,4 DAYS,2026-09-28,382 Bathurst Street
C13820404,2026-09-24 00:00:00,4 DAYS,2026-09-28,5104 - 16 Harbour Street
C13821014,2026-09-24 00:00:00,4 DAYS,2026-09-28,12 Millbank Avenue
W13820168,2026-09-24 00:00:00,5 DAYS,2026-09-29,403 - 1271 Walden Circle
W13822628,2026-09-24 00:00:00,5 DAYS,2026-09-29,10 - 2212 Bromsgrove Road
W13824498,2026-09-24 00:00:00,5 DAYS,2026-09-29,1434 Thorndyke Crescent
C13818722,2026-09-24 00:00:00,4 DAYS,2026-09-28,901 Duplex Avenue
W13825364,2026-09-24 00:00:00,5 DAYS,2026-09-29,608 - 3145 Queen Frederica Drive
W13820954,2026-09-24 00:00:00,4 DAYS,2026-09-28,17 - 1397 Royal York Road
C13819410,2026-09-24 00:00:00,4 DAYS,2026-09-28,204 - 355 Bedford Park Avenue
C13820552,2026-09-24 00:00:00,4 DAYS,2026-09-28,36 Forest Wood
W13823954,2026-09-24 00:00:00,5 DAYS,2026-09-29,783 Dodsworth Crescent
W13820156,2026-09-24 00:00:00,4 DAYS,2026-09-28,15 Burrard Road
W13820420,2026-09-24 00:00:00,4 DAYS,2026-09-28,25 Allenby Avenue
C13816320,2026-09-24 00:00:00,4 DAYS,2026-09-28,517 - 20 Tubman Avenue
C13817354,2026-09-24 00:00:00,4 DAYS,2026-09-28,N505 - 116 George Street
C13817676,2026-09-24 00:00:00,4 DAYS,2026-09-28,801 - 1 The Esplanade Drive
E13820270,2026-09-24 00:00:00,4 DAYS,2026-09-28,130 Elmer Avenue
C13818268,2026-09-24 00:00:00,4 DAYS,2026-09-28,2608 - 138 Downes Street
C13819082,2026-09-24 00:00:00,4 DAYS,2026-09-28,1120 - 251 Jarvis Street
C13819044,2026-09-24 00:00:00,4 DAYS,2026-09-28,S515 - 120 Bayview Avenue
C13819200,2026-09-24 00:00:00,4 DAYS,2026-09-28,705 - 15 Richardson Street
C13819174,2026-09-24 00:00:00,4 DAYS,2026-09-28,320 - 25 Cole Street
C13819816,2026-09-24 00:00:00,4 DAYS,2026-09-28,407 - 90 Sherbourne Street
C13819940,2026-09-24 00:00:00,4 DAYS,2026-09-28,1429 - 70 Princess Street
C13820212,2026-09-24 00:00:00,4 DAYS,2026-09-28,101 - 426 Queen Street E
C13820438,2026-09-24 00:00:00,4 DAYS,2026-09-28,419 - 55 Regent Park Boulevard
C13818774,2026-09-24 00:00:00,4 DAYS,2026-09-28,313 - 222 The Esplanade
E13820376,2026-09-24 00:00:00,4 DAYS,2026-09-28,37 Victoria Park Avenue
E13820268,2026-09-24 00:00:00,4 DAYS,2026-09-28,3 - 34 Boston Avenue
E13819752,2026-09-24 00:00:00,4 DAYS,2026-09-28,213 Oakcrest Avenue
E13817582,2026-09-24 00:00:00,4 DAYS,2026-09-28,1102 - 1145 Logan Avenue
E13818124,2026-09-24 00:00:00,4 DAYS,2026-09-28,2 Four Oaks Gate
C13818260,2026-09-24 00:00:00,4 DAYS,2026-09-28,106 Highland Avenue
E13818186,2026-09-24 00:00:00,4 DAYS,2026-09-28,147 Durant Avenue
E13818168,2026-09-24 00:00:00,4 DAYS,2026-09-28,311 - 1071 Woodbine Avenue
E13818302,2026-09-24 00:00:00,4 DAYS,2026-09-28,74 Barrington Avenue
E13818300,2026-09-24 00:00:00,4 DAYS,2026-09-28,#215 - 5 Massey Square
E13818258,2026-09-24 00:00:00,4 DAYS,2026-09-28,320 - 2301 Danforth Avenue
E13818316,2026-09-24 00:00:00,4 DAYS,2026-09-28,108 Coady Avenue
E13818356,2026-09-24 00:00:00,4 DAYS,2026-09-28,174 Heward Avenue
E13818578,2026-09-24 00:00:00,4 DAYS,2026-09-28,171 Durant Avenue
E13818566,2026-09-24 00:00:00,4 DAYS,2026-09-28,108 Knox Avenue
E13818534,2026-09-24 00:00:00,4 DAYS,2026-09-28,26 Egan Avenue
C13818848,2026-09-24 00:00:00,4 DAYS,2026-09-28,3405 - 575 Bloor Street E
E13818820,2026-09-24 00:00:00,4 DAYS,2026-09-28,84 Kingsmount Park Road
E13818968,2026-09-24 00:00:00,4 DAYS,2026-09-28,703 Mortimer Avenue
E13819058,2026-09-24 00:00:00,4 DAYS,2026-09-28,241 Langley Avenue
E13819332,2026-09-24 00:00:00,4 DAYS,2026-09-28,11 Ashland Avenue
E13819552,2026-09-24 00:00:00,4 DAYS,2026-09-28,34 Woodrow Avenue
C13817308,2026-09-24 00:00:00,4 DAYS,2026-09-28,3002 - 159 Wellesley Street E
C13818724,2026-09-24 00:00:00,4 DAYS,2026-09-28,906 - 25 Broadway Avenue
W13819920,2026-09-24 00:00:00,4 DAYS,2026-09-28,104-118 Arrow Road
C13818654,2026-09-24 00:00:00,4 DAYS,2026-09-28,25 Cortland Avenue
C13820618,2026-09-24 00:00:00,4 DAYS,2026-09-28,105 Roxborough Street E
C13820462,2026-09-24 00:00:00,4 DAYS,2026-09-28,3203 - 85 Wood Street
C13820132,2026-09-24 00:00:00,4 DAYS,2026-09-28,2501 - 771 Yonge Street
C13820078,2026-09-24 00:00:00,4 DAYS,2026-09-28,135 Roxborough Street E
C13819764,2026-09-24 00:00:00,4 DAYS,2026-09-28,4502 - 5 St Joseph Street
C13819618,2026-09-24 00:00:00,4 DAYS,2026-09-28,1903 - 111 St Clair Avenue W
C13819264,2026-09-24 00:00:00,4 DAYS,2026-09-28,2403 - 8 Cumberland Street
C13819290,2026-09-24 00:00:00,4 DAYS,2026-09-28,84 Walmsley Boulevard
W13820848,2026-09-24 00:00:00,4 DAYS,2026-09-28,200 Brockport Drive
C13816794,2026-09-24 00:00:00,4 DAYS,2026-09-28,21 - 260 Russell Hill Road
C13816980,2026-09-24 00:00:00,4 DAYS,2026-09-28,244 Russell Hill Road
C13817010,2026-09-24 00:00:00,4 DAYS,2026-09-28,4508 - 2191 Yonge Street
C13817194,2026-09-24 00:00:00,4 DAYS,2026-09-28,413 Hillsdale Avenue E
C13817818,2026-09-24 00:00:00,4 DAYS,2026-09-28,460 Davisville Avenue
C13817882,2026-09-24 00:00:00,4 DAYS,2026-09-28,508 - 2 Edith Drive
C13818104,2026-09-24 00:00:00,4 DAYS,2026-09-28,3808 - 55 Charles Street E
C13818146,2026-09-24 00:00:00,4 DAYS,2026-09-28,74B Rathnelly Avenue
C13818294,2026-09-24 00:00:00,4 DAYS,2026-09-28,505 - 1 Balmoral Avenue
C13818340,2026-09-24 00:00:00,4 DAYS,2026-09-28,568 Balliol Street
C13818628,2026-09-24 00:00:00,4 DAYS,2026-09-28,2010 - 99 Foxbar Road
C13818940,2026-09-24 00:00:00,4 DAYS,2026-09-28,335 St Clair Avenue E
C13817234,2026-09-24 00:00:00,4 DAYS,2026-09-28,311 - 485 Rosewell Avenue
C13816976,2026-09-24 00:00:00,4 DAYS,2026-09-28,7 Heather Street
C13816958,2026-09-24 00:00:00,4 DAYS,2026-09-28,33 Castlefield Avenue
C13816960,2026-09-24 00:00:00,4 DAYS,2026-09-28,175 Snowdon Avenue
W13818838,2026-09-24 00:00:00,4 DAYS,2026-09-28,21 - 1040 Martin Grove Road
E13821440,2026-09-24 00:00:00,4 DAYS,2026-09-28,1190 Danforth Avenue
C13820526,2026-09-24 00:00:00,4 DAYS,2026-09-28,15 Belsize Drive
C13820676,2026-09-24 00:00:00,4 DAYS,2026-09-28,63 Thursfield Crescent
C13820032,2026-09-24 00:00:00,4 DAYS,2026-09-28,629 Mount Pleasant Road
C13818592,2026-09-24 00:00:00,4 DAYS,2026-09-28,1702 - 185 Roehampton Avenue
C13818452,2026-09-24 00:00:00,4 DAYS,2026-09-28,120 - 1720 Eglinton Avenue E
E13818852,2026-09-24 00:00:00,4 DAYS,2026-09-28,69 Holmstead Avenue
W13822692,2026-09-25 00:00:00,3 DAYS,2026-09-28,41 Fordwich Crescent
C13822922,2026-09-25 00:00:00,3 DAYS,2026-09-28,1006 - 20 Richardson Street
W13825818,2026-09-25 00:00:00,4 DAYS,2026-09-29,6926 Early Settler Row
C13823746,2026-09-25 00:00:00,3 DAYS,2026-09-28,625 - 222 The Esplanade Avenue
E13822388,2026-09-25 00:00:00,3 DAYS,2026-09-28,8 Hillingdon Avenue
C13824144,2026-09-25 00:00:00,3 DAYS,2026-09-28,521 - 28 Eastern Avenue
E13822106,2026-09-25 00:00:00,3 DAYS,2026-09-28,35 Love Crescent
E13821812,2026-09-25 00:00:00,3 DAYS,2026-09-28,717 - 15 Baseball Place
E13821678,2026-09-25 00:00:00,3 DAYS,2026-09-28,350 Lumsden Avenue
E13821338,2026-09-25 00:00:00,3 DAYS,2026-09-28,182 Holborne Avenue
E13821056,2026-09-25 00:00:00,3 DAYS,2026-09-28,5 Hemlock Avenue
C13825804,2026-09-25 00:00:00,3 DAYS,2026-09-28,499 Queen Street W
C13824676,2026-09-25 00:00:00,3 DAYS,2026-09-28,3 - 228 Queens Quay W
W13822562,2026-09-25 00:00:00,3 DAYS,2026-09-28,218 - 6 Humberline Drive
W13822018,2026-09-25 00:00:00,3 DAYS,2026-09-28,276 - 60 Parrotta Drive
W13824032,2026-09-25 00:00:00,3 DAYS,2026-09-28,3 Greenacres Road
W13823764,2026-09-25 00:00:00,3 DAYS,2026-09-28,607 - 105 The Queensway Avenue
C13824278,2026-09-25 00:00:00,3 DAYS,2026-09-28,92 Millwood Road
C13824538,2026-09-25 00:00:00,3 DAYS,2026-09-28,Ph14 - 300 Balliol Street
C13824430,2026-09-25 00:00:00,3 DAYS,2026-09-28,104 Park Road
W13822152,2026-09-25 00:00:00,3 DAYS,2026-09-28,6 Purdy Crescent W
W13822226,2026-09-25 00:00:00,3 DAYS,2026-09-28,57 Sabrina Drive
W13823232,2026-09-25 00:00:00,3 DAYS,2026-09-28,402 - 260 Scarlett Road
W13823314,2026-09-25 00:00:00,3 DAYS,2026-09-28,15 Kemp Square
W13828082,2026-09-25 00:00:00,4 DAYS,2026-09-29,1632 Samuelson Circle
W13822250,2026-09-25 00:00:00,3 DAYS,2026-09-28,26 Roxaline Street
W13823700,2026-09-25 00:00:00,3 DAYS,2026-09-28,507 - 200 Lotherton Parkway
W13823078,2026-09-25 00:00:00,3 DAYS,2026-09-28,1286 Kipling Avenue
W13823672,2026-09-25 00:00:00,3 DAYS,2026-09-28,972 Castlefield Avenue
W13823730,2026-09-25 00:00:00,3 DAYS,2026-09-28,105 Earlscourt Avenue
W13823704,2026-09-25 00:00:00,3 DAYS,2026-09-28,224 - 858 Dupont Street
W13821318,2026-09-25 00:00:00,3 DAYS,2026-09-28,110 Stevenson Road
C13823940,2026-09-25 00:00:00,3 DAYS,2026-09-28,1606 - 12 Sudbury Street
W13822684,2026-09-25 00:00:00,3 DAYS,2026-09-28,1327 - 5 Mabelle Avenue
E13821074,2026-09-25 00:00:00,3 DAYS,2026-09-28,95 Browning Avenue
W13822898,2026-09-25 00:00:00,3 DAYS,2026-09-28,1024 Bloor Street W
E13820616,2026-09-25 00:00:00,3 DAYS,2026-09-28,45 Westlake Avenue
W13824926,2026-09-25 00:00:00,3 DAYS,2026-09-28,1261 St.Clair Avenue W
W13825004,2026-09-25 00:00:00,3 DAYS,2026-09-28,1261 St.Clair Avenue W
C13825182,2026-09-25 00:00:00,3 DAYS,2026-09-28,21 Belvidere Avenue
W13825164,2026-09-25 00:00:00,3 DAYS,2026-09-28,1526 Davenport Road
W13825446,2026-09-25 00:00:00,3 DAYS,2026-09-28,380 Hopewell Avenue
W13824026,2026-09-25 00:00:00,3 DAYS,2026-09-28,2708 - 5 Valhalla Inn Road
W13824186,2026-09-25 00:00:00,3 DAYS,2026-09-28,1102 - 812 Burnhamthorpe Road
W13824668,2026-09-25 00:00:00,3 DAYS,2026-09-28,92 Beaver Bend Crescent
W13825468,2026-09-25 00:00:00,3 DAYS,2026-09-28,16 Burin Court
W13823302,2026-09-25 00:00:00,3 DAYS,2026-09-28,1609 - 235 Sherway Gardens Road
C13824610,2026-09-25 00:00:00,3 DAYS,2026-09-28,4 - 306 Sackville Street
E13820454,2026-09-25 00:00:00,3 DAYS,2026-09-28,1005 - 1190 Dundas Street E
C13824198,2026-09-25 00:00:00,3 DAYS,2026-09-28,910 - 100 Queen Street E
C13824242,2026-09-25 00:00:00,3 DAYS,2026-09-28,1809 - 100 Queen Street E
W13824966,2026-09-25 00:00:00,3 DAYS,2026-09-28,1261 St.Clair Avenue W
W13824900,2026-09-25 00:00:00,3 DAYS,2026-09-28,121 Glendale Avenue
E13820564,2026-09-25 00:00:00,3 DAYS,2026-09-28,317 - 319 Carlaw Avenue
W13824618,2026-09-25 00:00:00,3 DAYS,2026-09-28,2412 - 85 Emmett Avenue
W13823448,2026-09-25 00:00:00,3 DAYS,2026-09-28,72 Prennan Avenue
C13824184,2026-09-25 00:00:00,3 DAYS,2026-09-28,2516 - 100 Queen Street E
C13823202,2026-09-25 00:00:00,3 DAYS,2026-09-28,567 College Street
C13826240,2026-09-25 00:00:00,3 DAYS,2026-09-28,599 Bloor Street W
W13823978,2026-09-25 00:00:00,3 DAYS,2026-09-28,33 Belleglade Court
W13824072,2026-09-25 00:00:00,3 DAYS,2026-09-28,26 Annabelle Drive
W13823278,2026-09-25 00:00:00,3 DAYS,2026-09-28,1009 - 1320 Islington Avenue
W13823470,2026-09-25 00:00:00,3 DAYS,2026-09-28,35 Bywood Drive
C13826512,2026-09-25 00:00:00,3 DAYS,2026-09-28,14 Mccaul Street
C13826508,2026-09-25 00:00:00,3 DAYS,2026-09-28,14 Mccaul Street
C13825462,2026-09-25 00:00:00,3 DAYS,2026-09-28,2 - 205 College Street
C13824044,2026-09-25 00:00:00,3 DAYS,2026-09-28,1904 - 914 Yonge Street
C13820574,2026-09-25 00:00:00,3 DAYS,2026-09-28,5 Jean Street
C13825142,2026-09-25 00:00:00,3 DAYS,2026-09-28,7 - 70 Hargrave Lane
W13824048,2026-09-25 00:00:00,3 DAYS,2026-09-28,1214 - 270 Dufferin Street
C13824332,2026-09-25 00:00:00,3 DAYS,2026-09-28,61 Appleton Avenue
W13823780,2026-09-25 00:00:00,3 DAYS,2026-09-28,103 West Deane Park Drive
C13823888,2026-09-25 00:00:00,3 DAYS,2026-09-28,Th1 - 75 St Nicholas Street
W13822392,2026-09-25 00:00:00,3 DAYS,2026-09-28,127 Salem Avenue
C13823670,2026-09-25 00:00:00,3 DAYS,2026-09-28,1906 - 25 Grenville Street
C13823518,2026-09-25 00:00:00,3 DAYS,2026-09-28,7 - 313 Lonsdale Road
C13821690,2026-09-25 00:00:00,3 DAYS,2026-09-28,6209 - 1 Bloor Street E
C13821248,2026-09-25 00:00:00,3 DAYS,2026-09-28,19 Belle Ayre Boulevard
E13825610,2026-09-25 00:00:00,3 DAYS,2026-09-28,739 Queen Street E
C13822836,2026-09-25 00:00:00,3 DAYS,2026-09-28,110 - 5168 Yonge Street
C13825150,2026-09-25 00:00:00,3 DAYS,2026-09-28,824 - 100 Harrison Garden Boulevard
C13825308,2026-09-25 00:00:00,3 DAYS,2026-09-28,601 - 7 Broadway Avenue
E13826238,2026-09-25 00:00:00,3 DAYS,2026-09-28,1279-1281 Gerrard Street E
C13822462,2026-09-25 00:00:00,3 DAYS,2026-09-28,4 - 70 Byng Avenue
C13822032,2026-09-25 00:00:00,3 DAYS,2026-09-28,659 - 3 Everson Drive
C13822052,2026-09-25 00:00:00,3 DAYS,2026-09-28,231 Hounslow Avenue
C13822066,2026-09-25 00:00:00,3 DAYS,2026-09-28,2010 - 1 Rean Drive
C13821098,2026-09-25 00:00:00,3 DAYS,2026-09-28,516 - 503 Beecroft Road
C13821158,2026-09-25 00:00:00,3 DAYS,2026-09-28,2708 - 2 Anndale Drive
C13822952,2026-09-25 00:00:00,3 DAYS,2026-09-28,27 Christine Crescent
E13826354,2026-09-25 00:00:00,3 DAYS,2026-09-28,1533 O'Connor Drive
C13824650,2026-09-25 00:00:00,3 DAYS,2026-09-28,54 Ambrose Road
C13823524,2026-09-25 00:00:00,3 DAYS,2026-09-28,20 Riderwood Drive
C13825058,2026-09-25 00:00:00,3 DAYS,2026-09-28,32 - 13 Burnt Meadoway
C13823758,2026-09-25 00:00:00,3 DAYS,2026-09-28,23 Janus Court
C13820768,2026-09-25 00:00:00,3 DAYS,2026-09-28,260 Seneca Hill Drive
C13821676,2026-09-25 00:00:00,3 DAYS,2026-09-28,12 Petal Court
C13824528,2026-09-25 00:00:00,3 DAYS,2026-09-28,69 Gustav Crescent
C13823930,2026-09-25 00:00:00,3 DAYS,2026-09-28,3 - 18 Greenbriar Road
C13823966,2026-09-25 00:00:00,3 DAYS,2026-09-28,708 - 120 Harrison Garden Boulevard
C13823772,2026-09-25 00:00:00,3 DAYS,2026-09-28,102 - 2 Teagarden Court N
C13823792,2026-09-25 00:00:00,3 DAYS,2026-09-28,8 Canary Crescent
C13823824,2026-09-25 00:00:00,3 DAYS,2026-09-28,102 - 5162 Yonge Street
C13823648,2026-09-25 00:00:00,3 DAYS,2026-09-28,Uph09 - 28 Byng Avenue
C13823312,2026-09-25 00:00:00,3 DAYS,2026-09-28,211 - 10 Kenneth Avenue
C13822962,2026-09-25 00:00:00,3 DAYS,2026-09-28,23 Banstock Drive
C13823090,2026-09-25 00:00:00,3 DAYS,2026-09-28,1605 - 180 Fairview Mall Drive
C13823120,2026-09-25 00:00:00,3 DAYS,2026-09-28,506 - 2756 Old Leslie Street
C13820940,2026-09-25 00:00:00,3 DAYS,2026-09-28,208 - 19 Avondale Avenue
C13820720,2026-09-25 00:00:00,3 DAYS,2026-09-28,515 - 188 Doris Avenue
40866080,2026-09-25 00:00:00,3 DAYS,2026-09-28,19 Belle Ayre Boulevard
C13821164,2026-09-25 00:00:00,3 DAYS,2026-09-28,2002 - 403 Church Street
C13822170,2026-09-25 00:00:00,3 DAYS,2026-09-28,409 - 29 Canniff Street
C13823950,2026-09-25 00:00:00,3 DAYS,2026-09-28,35 Lloydminster Crescent
W13822578,2026-09-25 00:00:00,3 DAYS,2026-09-28,136A Caledonia Road
W13822534,2026-09-25 00:00:00,3 DAYS,2026-09-28,376 Mcroberts Avenue
C13822980,2026-09-25 00:00:00,3 DAYS,2026-09-28,204 - 284 St Helens Avenue
C13823034,2026-09-25 00:00:00,3 DAYS,2026-09-28,406 - 5 Lakeview Avenue
C13823124,2026-09-25 00:00:00,3 DAYS,2026-09-28,921 - 20 Minowan Miikan Lane
W13823156,2026-09-25 00:00:00,3 DAYS,2026-09-28,82 Brookside Avenue
C13823414,2026-09-25 00:00:00,3 DAYS,2026-09-28,38 Avenal Drive
C13820880,2026-09-25 00:00:00,3 DAYS,2026-09-28,524 - 650 Lawrence Avenue W
C13822354,2026-09-25 00:00:00,3 DAYS,2026-09-28,129 Sultana Avenue
C13822318,2026-09-25 00:00:00,3 DAYS,2026-09-28,84 Ranee Avenue
C13823026,2026-09-25 00:00:00,3 DAYS,2026-09-28,721 - 35 Saranac Boulevard
W13823464,2026-09-25 00:00:00,3 DAYS,2026-09-28,33 Cartwright Avenue
W13825038,2026-09-25 00:00:00,3 DAYS,2026-09-28,1707 - 1455 Lawrence Avenue W
C13822030,2026-09-25 00:00:00,3 DAYS,2026-09-28,1521 - 85 East Liberty Street
C13823776,2026-09-25 00:00:00,3 DAYS,2026-09-28,336 - 415 Jarvis Street
C13821542,2026-09-25 00:00:00,3 DAYS,2026-09-28,21 Sylvan Avenue
C13821364,2026-09-25 00:00:00,3 DAYS,2026-09-28,631 Richmond Street W
C13822414,2026-09-25 00:00:00,3 DAYS,2026-09-28,61 Seaton Street
C13821986,2026-09-25 00:00:00,3 DAYS,2026-09-28,257 Lawrence Avenue E
C13822008,2026-09-25 00:00:00,3 DAYS,2026-09-28,Unit 1912 - 185 Roehampton Avenue
C13822352,2026-09-25 00:00:00,3 DAYS,2026-09-28,57 Edith Drive
C13823014,2026-09-25 00:00:00,3 DAYS,2026-09-28,Ph09 - 1 Homewood Avenue
C13823678,2026-09-25 00:00:00,3 DAYS,2026-09-28,301 - 3900 Yonge Street
C13823664,2026-09-25 00:00:00,3 DAYS,2026-09-28,41 Fairfield Road
C13821500,2026-09-25 00:00:00,3 DAYS,2026-09-28,275 Yorkland Road
C13821388,2026-09-25 00:00:00,3 DAYS,2026-09-28,251 - 68 Esther Shiner Boulevard
C13821146,2026-09-25 00:00:00,3 DAYS,2026-09-28,56 Ambrose Road
C13821144,2026-09-25 00:00:00,3 DAYS,2026-09-28,69 Silas Hill Drive
W13824172,2026-09-25 00:00:00,3 DAYS,2026-09-28,1631 Weston Road
W13821386,2026-09-25 00:00:00,3 DAYS,2026-09-28,20 Raymore Drive
C13821060,2026-09-25 00:00:00,3 DAYS,2026-09-28,47 Hocken Avenue
C13821096,2026-09-25 00:00:00,3 DAYS,2026-09-28,209 - 11 Christie Street
W13821334,2026-09-25 00:00:00,3 DAYS,2026-09-28,408 - 812 Lansdowne Avenue
W13825528,2026-09-25 00:00:00,4 DAYS,2026-09-29,77 Bowshelm Court
C13820788,2026-09-25 00:00:00,3 DAYS,2026-09-28,17 & 18 - 465 King Street E
E13822460,2026-09-25 00:00:00,3 DAYS,2026-09-28,50 Cedarvale Avenue
W13826878,2026-09-25 00:00:00,4 DAYS,2026-09-29,260 Louis Drive
W13826968,2026-09-25 00:00:00,4 DAYS,2026-09-29,1331 St. James Avenue
W13827026,2026-09-25 00:00:00,4 DAYS,2026-09-29,3626 Anniversary Road
W13827102,2026-09-25 00:00:00,4 DAYS,2026-09-29,308 - 21 Park Street E
W13827200,2026-09-25 00:00:00,4 DAYS,2026-09-29,8 - 500 Silverthorne Crescent
W13827466,2026-09-25 00:00:00,4 DAYS,2026-09-29,2405 Rosemary Drive
W13827680,2026-09-25 00:00:00,4 DAYS,2026-09-29,1301 Mississauga Road
W13827742,2026-09-25 00:00:00,4 DAYS,2026-09-29,# 412 - 4470 Tucana Court
W13828118,2026-09-25 00:00:00,4 DAYS,2026-09-29,7B Iroquois Avenue
W13828214,2026-09-25 00:00:00,4 DAYS,2026-09-29,52 - 4635 Regents Terrace
W13828284,2026-09-25 00:00:00,4 DAYS,2026-09-29,1301 Twin Oaks Dell
W13828496,2026-09-25 00:00:00,4 DAYS,2026-09-29,1070 Geran Crescent
W13828640,2026-09-25 00:00:00,4 DAYS,2026-09-29,1412 - 4065 Confederation Parkway
W13828772,2026-09-25 00:00:00,4 DAYS,2026-09-29,551 Cochise Crescent
E13825036,2026-09-25 00:00:00,3 DAYS,2026-09-28,710 - 3260 Sheppard Avenue E
E13824390,2026-09-25 00:00:00,3 DAYS,2026-09-28,28 Ionview Road
E13824438,2026-09-25 00:00:00,3 DAYS,2026-09-28,1510 - 2466 Eglinton Avenue E
E13824440,2026-09-25 00:00:00,3 DAYS,2026-09-28,22 Hill Crescent
E13824174,2026-09-25 00:00:00,3 DAYS,2026-09-28,1107 - 60 Brian Harrison Way
E13823606,2026-09-25 00:00:00,3 DAYS,2026-09-28,102 - 1483 Birchmount Road
E13823266,2026-09-25 00:00:00,3 DAYS,2026-09-28,1557 Pharmacy Avenue
W13826728,2026-09-25 00:00:00,4 DAYS,2026-09-29,3324 Strabane Drive
E13823378,2026-09-25 00:00:00,3 DAYS,2026-09-28,115 Bergen Road
W13826656,2026-09-25 00:00:00,4 DAYS,2026-09-29,39 Broadview Avenue
W13826078,2026-09-25 00:00:00,4 DAYS,2026-09-29,1604 - 55 Kingsbridge Garden Circle
C13822302,2026-09-25 00:00:00,3 DAYS,2026-09-28,11 Hollyhock Court
C13822202,2026-09-25 00:00:00,3 DAYS,2026-09-28,603 - 10 Edgecliff Golfway
W13824836,2026-09-25 00:00:00,3 DAYS,2026-09-28,14 - 23 Four Winds Drive
C13825054,2026-09-25 00:00:00,3 DAYS,2026-09-28,39 Romney Road
W13823666,2026-09-25 00:00:00,3 DAYS,2026-09-28,19 Boot Terrace
C13822328,2026-09-25 00:00:00,3 DAYS,2026-09-28,Sp09 - 70 Mill Street
W13823342,2026-09-25 00:00:00,3 DAYS,2026-09-28,12 Greyfriar Court
W13823434,2026-09-25 00:00:00,3 DAYS,2026-09-28,11 Dixiana Court
W13822130,2026-09-25 00:00:00,3 DAYS,2026-09-28,43 Elana Drive
W13821682,2026-09-25 00:00:00,3 DAYS,2026-09-28,120 - 50 George Butchart Drive
W13821206,2026-09-25 00:00:00,3 DAYS,2026-09-28,10 Sunray Crescent
W13827896,2026-09-25 00:00:00,4 DAYS,2026-09-29,21 - 2395 Bromsgrove Road S
W13824424,2026-09-25 00:00:00,4 DAYS,2026-09-29,1280 Watersedge Road
W13824012,2026-09-25 00:00:00,4 DAYS,2026-09-29,2009 Delaney Drive
C13821378,2026-09-25 00:00:00,3 DAYS,2026-09-28,33 Roanoke Road
W13824772,2026-09-25 00:00:00,4 DAYS,2026-09-29,2 - 1127 Haig Boulevard
W13825194,2026-09-25 00:00:00,4 DAYS,2026-09-29,4066 Wycliffe Way
W13825288,2026-09-25 00:00:00,4 DAYS,2026-09-29,2542 Pollard Drive
W13825628,2026-09-25 00:00:00,4 DAYS,2026-09-29,#2109 - 285 Enfield Place
40866358,2026-09-25 00:00:00,4 DAYS,2026-09-29,55 Kingsbridge Garden Circle Unit# 1604
W13825940,2026-09-25 00:00:00,4 DAYS,2026-09-29,1273 Queen Victoria Avenue
W13826134,2026-09-25 00:00:00,4 DAYS,2026-09-29,2513 Sharon Crescent
C13824716,2026-09-25 00:00:00,3 DAYS,2026-09-28,23 Shawfield Crescent
E13822936,2026-09-25 00:00:00,3 DAYS,2026-09-28,1197 Pharmacy Avenue
E13822450,2026-09-25 00:00:00,3 DAYS,2026-09-28,219 - 2799 Kingston Road
E13821636,2026-09-25 00:00:00,3 DAYS,2026-09-28,43 Fieldwood Drive
E13821820,2026-09-25 00:00:00,3 DAYS,2026-09-28,83 Stonebridge Boulevard
E13821870,2026-09-25 00:00:00,3 DAYS,2026-09-28,9 - 1 Eaton Park Lane
W13827268,2026-09-25 00:00:00,4 DAYS,2026-09-29,3840 Althorpe Circle
W13827220,2026-09-25 00:00:00,4 DAYS,2026-09-29,1607 - 2155 Burnhamthorpe Road
W13827228,2026-09-25 00:00:00,4 DAYS,2026-09-29,2082 Queensborough Gate
W13827194,2026-09-25 00:00:00,4 DAYS,2026-09-29,2209 Buttonbush Crescent
40863181,2026-09-25 00:00:00,4 DAYS,2026-09-29,2209 Buttonbush Crescent
W13827042,2026-09-25 00:00:00,4 DAYS,2026-09-29,24 - 1480 Britannia Road W
W13826528,2026-09-25 00:00:00,4 DAYS,2026-09-29,3353 Bobwhite Mews
40865784,2026-09-25 00:00:00,4 DAYS,2026-09-29,5282 Giacco Court
W13826074,2026-09-25 00:00:00,4 DAYS,2026-09-29,4279 Bridlepath Trail
40866000,2026-09-25 00:00:00,4 DAYS,2026-09-29,4279 Bridlepath Trail
W13825830,2026-09-25 00:00:00,4 DAYS,2026-09-29,4516 Donegal Drive
W13824188,2026-09-25 00:00:00,4 DAYS,2026-09-29,3103 Augusta Drive
W13824158,2026-09-25 00:00:00,4 DAYS,2026-09-29,6593 Edenwood Drive
W13824114,2026-09-25 00:00:00,4 DAYS,2026-09-29,955 Bristol Road W
W13824340,2026-09-25 00:00:00,4 DAYS,2026-09-29,902 Applecroft Circle
W13824442,2026-09-25 00:00:00,4 DAYS,2026-09-29,75 - 2555 Thomas Street
W13824630,2026-09-25 00:00:00,4 DAYS,2026-09-29,4165 Credit Pointe Drive
W13824982,2026-09-25 00:00:00,4 DAYS,2026-09-29,4053 Trapper Crescent
E13821044,2026-09-25 00:00:00,3 DAYS,2026-09-28,28 Bramblebrook Avenue
E13822680,2026-09-25 00:00:00,3 DAYS,2026-09-28,47 Laurel Avenue
E13820822,2026-09-25 00:00:00,3 DAYS,2026-09-28,32 Valley Centre Drive
W13827690,2026-09-25 00:00:00,4 DAYS,2026-09-29,6454 Colebrook Crescent
E13822284,2026-09-25 00:00:00,3 DAYS,2026-09-28,78 Melchior Drive
E13821062,2026-09-25 00:00:00,3 DAYS,2026-09-28,887 Brimorton Drive
E13821274,2026-09-25 00:00:00,3 DAYS,2026-09-28,614 - 1328 Birchmount Road
E13821336,2026-09-25 00:00:00,3 DAYS,2026-09-28,24 Larwood Boulevard
E13821498,2026-09-25 00:00:00,3 DAYS,2026-09-28,1115 - 8 Lee Centre Drive
E13821616,2026-09-25 00:00:00,3 DAYS,2026-09-28,33 Maida Vale
E13821716,2026-09-25 00:00:00,3 DAYS,2026-09-28,10 Catalina Drive
E13822086,2026-09-25 00:00:00,3 DAYS,2026-09-28,66 Gooderham Drive
E13824696,2026-09-25 00:00:00,3 DAYS,2026-09-28,#602 - 3151 Bridletowne Circle
W13827316,2026-09-25 00:00:00,4 DAYS,2026-09-29,152 Glenn Hawthorne Boulevard
W13827628,2026-09-25 00:00:00,4 DAYS,2026-09-29,108 Springbrooke Crescent
E13824574,2026-09-25 00:00:00,3 DAYS,2026-09-28,36 United Square
E13822920,2026-09-25 00:00:00,3 DAYS,2026-09-28,66 Bushwood Court
E13822690,2026-09-25 00:00:00,3 DAYS,2026-09-28,171 Petworth Crescent
E13821996,2026-09-25 00:00:00,3 DAYS,2026-09-28,905 - 15 Sewells Road
E13821924,2026-09-25 00:00:00,3 DAYS,2026-09-28,1412 - 25 Silver Springs Boulevard
W13828666,2026-09-25 00:00:00,4 DAYS,2026-09-29,5817 Whitehorn Avenue
W13828258,2026-09-25 00:00:00,4 DAYS,2026-09-29,6346 Neuchatel Road
W13828134,2026-09-25 00:00:00,4 DAYS,2026-09-29,4464 Weeping Willow Drive
40866540,2026-09-25 00:00:00,4 DAYS,2026-09-29,6346 Neuchatel Road
W13827722,2026-09-25 00:00:00,4 DAYS,2026-09-29,3833 Partition Road
40865536,2026-09-25 00:00:00,4 DAYS,2026-09-29,6454 Colebrook Crescent
C13824820,2026-09-25 00:00:00,3 DAYS,2026-09-28,Ph33 - 20 Inn On The Park Drive
W13823548,2026-09-25 00:00:00,3 DAYS,2026-09-28,508 - 1070 Sheppard Avenue W
W13823858,2026-09-25 00:00:00,3 DAYS,2026-09-28,1F & Basement - 3226 Lake Shore Boulevard W
C13823774,2026-09-25 00:00:00,3 DAYS,2026-09-28,708 - 650 King Street West Street W
C13823754,2026-09-25 00:00:00,3 DAYS,2026-09-28,2808 - 75 Queens Wharf Road
W13824330,2026-09-25 00:00:00,4 DAYS,2026-09-29,1015 - 250 Webb Drive
W13824612,2026-09-25 00:00:00,4 DAYS,2026-09-29,3325 Strabane Drive
W13824640,2026-09-25 00:00:00,3 DAYS,2026-09-28,5002 - 30 Shore Breeze Drive
W13824536,2026-09-25 00:00:00,3 DAYS,2026-09-28,1211 - 90 Park Lawn Road
W13824028,2026-09-25 00:00:00,3 DAYS,2026-09-28,4208 - 20 Shore Breeze Drive
W13823826,2026-09-25 00:00:00,3 DAYS,2026-09-28,1705 - 10 Park Lawn Road
W13822994,2026-09-25 00:00:00,3 DAYS,2026-09-28,706 - 33 Shore Breeze Drive
W13822614,2026-09-25 00:00:00,3 DAYS,2026-09-28,11 Stock Avenue
W13822098,2026-09-25 00:00:00,3 DAYS,2026-09-28,259 Sixth Street
W13821732,2026-09-25 00:00:00,3 DAYS,2026-09-28,286 Valermo Drive
W13821362,2026-09-25 00:00:00,3 DAYS,2026-09-28,70 Seventeenth Street
W13821306,2026-09-25 00:00:00,3 DAYS,2026-09-28,38 Thirty First Street
W13826154,2026-09-25 00:00:00,4 DAYS,2026-09-29,Ph 03 - 4699 Glen Erin Drive
W13828334,2026-09-25 00:00:00,4 DAYS,2026-09-29,1406 - 70 Absolute Avenue
W13827728,2026-09-25 00:00:00,4 DAYS,2026-09-29,710 - 90 Absolute Avenue
W13825470,2026-09-25 00:00:00,4 DAYS,2026-09-29,1349 Melton Drive
C13824368,2026-09-25 00:00:00,3 DAYS,2026-09-28,397 Brooke Avenue
C13820926,2026-09-25 00:00:00,3 DAYS,2026-09-28,75 Stormont Avenue
C13823432,2026-09-25 00:00:00,3 DAYS,2026-09-28,2801 - 100 Harbour Street
C13823246,2026-09-25 00:00:00,3 DAYS,2026-09-28,4810 - 197 Yonge Street
C13823168,2026-09-25 00:00:00,3 DAYS,2026-09-28,204 - 19 Brant Street
C13823092,2026-09-25 00:00:00,3 DAYS,2026-09-28,2604 - 761 Bay Street
C13822872,2026-09-25 00:00:00,3 DAYS,2026-09-28,811 - 170 Avenue Road
C13823998,2026-09-25 00:00:00,3 DAYS,2026-09-28,703 - 12 York Street
C13822914,2026-09-25 00:00:00,3 DAYS,2026-09-28,4606 - 17 Bathurst Street
C13824080,2026-09-25 00:00:00,3 DAYS,2026-09-28,1017 - 151 Dan Leckie Way
C13824268,2026-09-25 00:00:00,3 DAYS,2026-09-28,Ph01 - 15 Mcmurrich Street
E13822854,2026-09-25 00:00:00,3 DAYS,2026-09-28,22 Harriet Street
E13822802,2026-09-25 00:00:00,3 DAYS,2026-09-28,24 Wiley Avenue
E13823240,2026-09-25 00:00:00,3 DAYS,2026-09-28,31 Cassels Avenue
E13823460,2026-09-25 00:00:00,3 DAYS,2026-09-28,315 - 286 Main Street
E13823566,2026-09-25 00:00:00,3 DAYS,2026-09-28,525 Craven Road
C13823980,2026-09-25 00:00:00,3 DAYS,2026-09-28,10 Noel Avenue
E13824052,2026-09-25 00:00:00,3 DAYS,2026-09-28,435 Mortimer Avenue
E13824142,2026-09-25 00:00:00,3 DAYS,2026-09-28,33 Kimberley Avenue
E13824724,2026-09-25 00:00:00,3 DAYS,2026-09-28,84 De Grassi Street
C13822096,2026-09-25 00:00:00,3 DAYS,2026-09-28,302 - 168 King Street E
C13821780,2026-09-25 00:00:00,3 DAYS,2026-09-28,907 - 70 Distillery Lane
C13821568,2026-09-25 00:00:00,3 DAYS,2026-09-28,2208 - 5 Defries Street
C13820774,2026-09-25 00:00:00,3 DAYS,2026-09-28,2505 - 180 Front Street E
C13820780,2026-09-25 00:00:00,3 DAYS,2026-09-28,2503 - 180 Front Street E
C13820784,2026-09-25 00:00:00,3 DAYS,2026-09-28,4115 - 180 Front Street E
W13825846,2026-09-25 00:00:00,4 DAYS,2026-09-29,12 - 3600 Colonial Drive
C13820596,2026-09-25 00:00:00,3 DAYS,2026-09-28,601 - 159 Frederick Street
C13825378,2026-09-25 00:00:00,3 DAYS,2026-09-28,541 - 15 Iceboat Terrace
C13825166,2026-09-25 00:00:00,3 DAYS,2026-09-28,522 - 600 Fleet Street
C13824988,2026-09-25 00:00:00,3 DAYS,2026-09-28,3807 - 955 Bay Street
C13824842,2026-09-25 00:00:00,3 DAYS,2026-09-28,3306 - 126 Simcoe Street
C13824816,2026-09-25 00:00:00,3 DAYS,2026-09-28,2322 - 230 Queens Quay W
C13824778,2026-09-25 00:00:00,3 DAYS,2026-09-28,528 - 543 Richmond Street W
C13824548,2026-09-25 00:00:00,3 DAYS,2026-09-28,509 - 399 Adelaide Street W
C13824602,2026-09-25 00:00:00,3 DAYS,2026-09-28,305 - 477 Richmond Street W
C13824156,2026-09-25 00:00:00,3 DAYS,2026-09-28,503 - 781 King Street W
C13822924,2026-09-25 00:00:00,3 DAYS,2026-09-28,502 - 218 Queens Quay W
E13820998,2026-09-25 00:00:00,3 DAYS,2026-09-28,1927 - 3 Greystone Walk Drive N
W13825584,2026-09-25 00:00:00,4 DAYS,2026-09-29,1074 Flagship Drive
C13821288,2026-09-25 00:00:00,3 DAYS,2026-09-28,Th3 - 270 Davenport Road
C13821232,2026-09-25 00:00:00,3 DAYS,2026-09-28,128 Wells Street
E13823542,2026-09-25 00:00:00,3 DAYS,2026-09-28,30 Birchmount Road
E13822782,2026-09-25 00:00:00,3 DAYS,2026-09-28,47 Harding Boulevard
E13820476,2026-09-25 00:00:00,3 DAYS,2026-09-28,109 Lillington Avenue
C13822454,2026-09-25 00:00:00,3 DAYS,2026-09-28,250 Forest Hill Road
C13822472,2026-09-25 00:00:00,3 DAYS,2026-09-28,141 Chaplin Crescent
W13825996,2026-09-25 00:00:00,3 DAYS,2026-09-28,1625 Wilson Avenue
C13822566,2026-09-25 00:00:00,3 DAYS,2026-09-28,1605 - 38 Dan Leckie Way
W13829158,2026-09-25 00:00:00,4 DAYS,2026-09-29,915 Lovingston Crescent
E13824984,2026-09-25 00:00:00,3 DAYS,2026-09-28,1306 Kingston Road
W13825078,2026-09-25 00:00:00,3 DAYS,2026-09-28,614 - 80 Grandravine Drive
C13822350,2026-09-25 00:00:00,3 DAYS,2026-09-28,6 - 68 Kendal Avenue
C13822090,2026-09-25 00:00:00,3 DAYS,2026-09-28,625 - 230 Simcoe Street
W13824262,2026-09-25 00:00:00,3 DAYS,2026-09-28,103 - 2087 Lake Shore Boulevard W
W13824518,2026-09-25 00:00:00,3 DAYS,2026-09-28,189 Prince Edward Drive S
W13825082,2026-09-25 00:00:00,3 DAYS,2026-09-28,39 Lobo Mews
W13825240,2026-09-25 00:00:00,3 DAYS,2026-09-28,912 - 2119 Lake Shore Boulevard W
W13825204,2026-09-25 00:00:00,3 DAYS,2026-09-28,50 Queen Marys Drive
C13821958,2026-09-25 00:00:00,3 DAYS,2026-09-28,3703 - 35 Mariner Terrace
C13821586,2026-09-25 00:00:00,3 DAYS,2026-09-28,4005 - 87 Peter Street
C13821908,2026-09-25 00:00:00,3 DAYS,2026-09-28,2001 - 1 Concord Cityplace Way
W13823128,2026-09-25 00:00:00,3 DAYS,2026-09-28,606 - 2 Aberfoyle Crescent
C13821822,2026-09-25 00:00:00,3 DAYS,2026-09-28,205 - 740 Eglinton Avenue W
C13821818,2026-09-25 00:00:00,3 DAYS,2026-09-28,705 - 297 College Street
C13821874,2026-09-25 00:00:00,3 DAYS,2026-09-28,3615 - 55 Harbour Square
W13821078,2026-09-25 00:00:00,3 DAYS,2026-09-28,6 Westrose Avenue
C13821366,2026-09-25 00:00:00,3 DAYS,2026-09-28,205 - 295 Davenport Road
E13824460,2026-09-25 00:00:00,3 DAYS,2026-09-28,2 Springbank Avenue
E13829528,2026-09-26 00:00:00,2 DAYS,2026-09-28,5 Bonacres Avenue
E13829060,2026-09-26 00:00:00,2 DAYS,2026-09-28,32 Brimorton Drive
E13828954,2026-09-26 00:00:00,2 DAYS,2026-09-28,322 - 60 Fairfax Crescent
E13828674,2026-09-26 00:00:00,2 DAYS,2026-09-28,302 - 10 Mendelssohn Street
E13828474,2026-09-26 00:00:00,2 DAYS,2026-09-28,15 - 33 Celeste Drive
E13828552,2026-09-26 00:00:00,2 DAYS,2026-09-28,20 Alanbury Crescent
E13827272,2026-09-26 00:00:00,2 DAYS,2026-09-28,1351 Warden Avenue
E13827496,2026-09-26 00:00:00,2 DAYS,2026-09-28,140 Benleigh Drive
E13827352,2026-09-26 00:00:00,2 DAYS,2026-09-28,11 Regency Square
E13827598,2026-09-26 00:00:00,2 DAYS,2026-09-28,46 Stoney Creek Drive
E13827536,2026-09-26 00:00:00,2 DAYS,2026-09-28,21 Sir Raymond Drive
E13827928,2026-09-26 00:00:00,2 DAYS,2026-09-28,39 Earlton Road
E13827910,2026-09-26 00:00:00,2 DAYS,2026-09-28,15 Grassington Crescent
E13827904,2026-09-26 00:00:00,2 DAYS,2026-09-28,112 Coronation Drive
E13826996,2026-09-26 00:00:00,2 DAYS,2026-09-28,46 Monastery Lane
E13827000,2026-09-26 00:00:00,2 DAYS,2026-09-28,1615 - 238 Bonis Avenue
E13829160,2026-09-26 00:00:00,2 DAYS,2026-09-28,120 Queensbury Avenue
E13826956,2026-09-26 00:00:00,2 DAYS,2026-09-28,25 Arbutus Crescent
E13826464,2026-09-26 00:00:00,2 DAYS,2026-09-28,291 Morningside Avenue
E13826032,2026-09-26 00:00:00,2 DAYS,2026-09-28,10 Anticosti Drive
E13826034,2026-09-26 00:00:00,2 DAYS,2026-09-28,3604 - 70 Town Centre Court
W13829944,2026-09-26 00:00:00,3 DAYS,2026-09-29,105 - 55 Eglinton Avenue
W13831210,2026-09-26 00:00:00,3 DAYS,2026-09-29,303 - 65 Watergarden Drive
E13826068,2026-09-26 00:00:00,2 DAYS,2026-09-28,18 - 11 Livonia Place
E13828706,2026-09-26 00:00:00,2 DAYS,2026-09-28,224 Aylesworth Avenue
E13828394,2026-09-26 00:00:00,2 DAYS,2026-09-28,225 Catalina Drive
E13827650,2026-09-26 00:00:00,2 DAYS,2026-09-28,84 Maybourne Avenue
E13825440,2026-09-26 00:00:00,2 DAYS,2026-09-28,20 Jeavons Avenue
E13829732,2026-09-26 00:00:00,2 DAYS,2026-09-28,69 Scarfair Pathway
E13828388,2026-09-26 00:00:00,2 DAYS,2026-09-28,132 Valdor Drive
E13826924,2026-09-26 00:00:00,2 DAYS,2026-09-28,1010 - 68 Grangeway Avenue
E13827706,2026-09-26 00:00:00,2 DAYS,2026-09-28,10 - 50 Blackwell Avenue
E13826820,2026-09-26 00:00:00,2 DAYS,2026-09-28,1105 - 3131 Bridletowne Circle
E13825900,2026-09-26 00:00:00,2 DAYS,2026-09-28,603 - 100 Echo Point
E13825918,2026-09-26 00:00:00,2 DAYS,2026-09-28,39 Pioneer Pathway
40860462,2026-09-26 00:00:00,2 DAYS,2026-09-28,100 Echo Point Unit# 603
E13825716,2026-09-26 00:00:00,2 DAYS,2026-09-28,Uph 07 - 2627 Mccowan Road
E13825616,2026-09-26 00:00:00,2 DAYS,2026-09-28,207 - 20 Orchid Place Drive
E13829104,2026-09-26 00:00:00,2 DAYS,2026-09-28,22 Jeavons Avenue
E13826420,2026-09-26 00:00:00,2 DAYS,2026-09-28,4 Linden Avenue
E13826398,2026-09-26 00:00:00,2 DAYS,2026-09-28,35 Wheeling Drive
E13826654,2026-09-26 00:00:00,2 DAYS,2026-09-28,50 Ranstone Gardens
E13826972,2026-09-26 00:00:00,2 DAYS,2026-09-28,20 - 2550 Birchmount Road
E13826964,2026-09-26 00:00:00,2 DAYS,2026-09-28,1984 - 1 Greystone Walk
E13827140,2026-09-26 00:00:00,2 DAYS,2026-09-28,49 Bellefontaine Street
E13828232,2026-09-26 00:00:00,2 DAYS,2026-09-28,186 Borough Drive
W13827188,2026-09-26 00:00:00,2 DAYS,2026-09-28,298 Garden Avenue
C13827564,2026-09-26 00:00:00,2 DAYS,2026-09-28,1802 - 11 Lillian Street
C13829546,2026-09-26 00:00:00,2 DAYS,2026-09-28,502 - 21 Dale Avenue
E13829418,2026-09-26 00:00:00,2 DAYS,2026-09-28,23 Macphail Avenue
E13828516,2026-09-26 00:00:00,2 DAYS,2026-09-28,330 Main Street
E13828188,2026-09-26 00:00:00,2 DAYS,2026-09-28,133 Hampton Avenue
E13827888,2026-09-26 00:00:00,2 DAYS,2026-09-28,1564 Queen Street E
E13827894,2026-09-26 00:00:00,2 DAYS,2026-09-28,1564 Queen Street E
E13827930,2026-09-26 00:00:00,2 DAYS,2026-09-28,66 Wardell Street
E13827984,2026-09-26 00:00:00,2 DAYS,2026-09-28,310 - 319 Carlaw Avenue
E13827702,2026-09-26 00:00:00,2 DAYS,2026-09-28,70 Bellefair Avenue
E13826990,2026-09-26 00:00:00,2 DAYS,2026-09-28,243 Coleridge Avenue
E13826272,2026-09-26 00:00:00,2 DAYS,2026-09-28,625 - 30 Baseball Place
E13826210,2026-09-26 00:00:00,2 DAYS,2026-09-28,204 - 747 Queen Street E
E13826232,2026-09-26 00:00:00,2 DAYS,2026-09-28,1279-1281 Gerrard Street E
E13826008,2026-09-26 00:00:00,2 DAYS,2026-09-28,319 Woodbine Avenue
E13825898,2026-09-26 00:00:00,2 DAYS,2026-09-28,4 Crestland Avenue
E13825588,2026-09-26 00:00:00,2 DAYS,2026-09-28,34 Hiawatha Road
E13825302,2026-09-26 00:00:00,2 DAYS,2026-09-28,197 De Grassi Street
C13825784,2026-09-26 00:00:00,2 DAYS,2026-09-28,517 - 21 Burkebrook Place
E13826442,2026-09-26 00:00:00,2 DAYS,2026-09-28,1533 O'Connor Drive
C13828234,2026-09-26 00:00:00,2 DAYS,2026-09-28,Lph 17 - 35 Brian Peak Crescent
C13828880,2026-09-26 00:00:00,2 DAYS,2026-09-28,205 - 160 Vanderhoof Avenue
C13825738,2026-09-26 00:00:00,2 DAYS,2026-09-28,175 Ranleigh Avenue
C13826856,2026-09-26 00:00:00,2 DAYS,2026-09-28,2710 - 99 Broadway Avenue
C13827754,2026-09-26 00:00:00,2 DAYS,2026-09-28,206 - 415 Jarvis Street
C13828610,2026-09-26 00:00:00,2 DAYS,2026-09-28,406 - 1750 Bayview Avenue
C13829230,2026-09-26 00:00:00,2 DAYS,2026-09-28,326 St. Clements Avenue
W13830804,2026-09-26 00:00:00,2 DAYS,2026-09-28,2310 Sheppard Avenue W
W13830726,2026-09-26 00:00:00,2 DAYS,2026-09-28,2310 Sheppard Avenue W
W13830732,2026-09-26 00:00:00,2 DAYS,2026-09-28,2310 Sheppard Avenue W
E13825114,2026-09-26 00:00:00,2 DAYS,2026-09-28,8 Davies Crescent
E13825474,2026-09-26 00:00:00,2 DAYS,2026-09-28,62 Newmarket Avenue
C13829014,2026-09-26 00:00:00,2 DAYS,2026-09-28,902 - 58 Orchard View Boulevard
E13825316,2026-09-26 00:00:00,2 DAYS,2026-09-28,96 Squires Avenue
W13827504,2026-09-26 00:00:00,2 DAYS,2026-09-28,28 Beaucourt Road
W13829638,2026-09-26 00:00:00,3 DAYS,2026-09-29,2503 - 50 Absolute Avenue
W13829804,2026-09-26 00:00:00,3 DAYS,2026-09-29,6322 Lisgar Drive
W13829942,2026-09-26 00:00:00,3 DAYS,2026-09-29,952 Marygrace Court
W13829922,2026-09-26 00:00:00,3 DAYS,2026-09-29,4786 St. Martin Mews
W13830452,2026-09-26 00:00:00,3 DAYS,2026-09-29,1670 Caverly Court
W13830612,2026-09-26 00:00:00,3 DAYS,2026-09-29,5522 Holbrook Road
W13831038,2026-09-26 00:00:00,3 DAYS,2026-09-29,3847 Densbury Drive
W13831080,2026-09-26 00:00:00,3 DAYS,2026-09-29,3809 Candlelight Drive
W13831118,2026-09-26 00:00:00,3 DAYS,2026-09-29,1211 - 2155 Burnhamthorpe Road
W13831400,2026-09-26 00:00:00,3 DAYS,2026-09-29,3433 Sunlight Street
W13831506,2026-09-26 00:00:00,3 DAYS,2026-09-29,18 Suburban Drive
W13831626,2026-09-26 00:00:00,3 DAYS,2026-09-29,323 - 4975 Southampton Drive
W13831678,2026-09-26 00:00:00,3 DAYS,2026-09-29,6037 Clover Ridge Crescent
C13829590,2026-09-26 00:00:00,2 DAYS,2026-09-28,783 Queen Street W
W13829100,2026-09-26 00:00:00,2 DAYS,2026-09-28,2212 Bloor Street
W13830664,2026-09-26 00:00:00,3 DAYS,2026-09-29,100 - 2440 Bromsgrove Road
W13828990,2026-09-26 00:00:00,2 DAYS,2026-09-28,679 Lansdowne Avenue
C13830350,2026-09-26 00:00:00,2 DAYS,2026-09-28,200 Bathurst Street
W13824916,2026-09-26 00:00:00,2 DAYS,2026-09-28,5 Paula Boulevard
W13825156,2026-09-26 00:00:00,2 DAYS,2026-09-28,1609 - 2045 Lake Shore Boulevard
W13825620,2026-09-26 00:00:00,2 DAYS,2026-09-28,8 Crown Court
W13826382,2026-09-26 00:00:00,2 DAYS,2026-09-28,3 Elton Crescent
W13827660,2026-09-26 00:00:00,2 DAYS,2026-09-28,402 - 155 Legion Road N
W13828608,2026-09-26 00:00:00,2 DAYS,2026-09-28,16 Robindale Avenue
W13827576,2026-09-26 00:00:00,2 DAYS,2026-09-28,3503 - 59 Annie Craig Drive
W13830426,2026-09-26 00:00:00,3 DAYS,2026-09-29,7431 Sigsbee Drive
W13830220,2026-09-26 00:00:00,3 DAYS,2026-09-29,4344 Dallas Court
W13830198,2026-09-26 00:00:00,3 DAYS,2026-09-29,3570 Autumn Harvest Drive
W13825782,2026-09-26 00:00:00,2 DAYS,2026-09-28,5 Aldgate Avenue
C13830342,2026-09-26 00:00:00,2 DAYS,2026-09-28,200 Bathurst Street
C13830344,2026-09-26 00:00:00,2 DAYS,2026-09-28,200 Bathurst Street
W13827260,2026-09-26 00:00:00,2 DAYS,2026-09-28,94 Ypres Road
W13829542,2026-09-26 00:00:00,3 DAYS,2026-09-29,7558 Rockhill Road
C13827446,2026-09-26 00:00:00,2 DAYS,2026-09-28,459 Soudan Avenue
C13827290,2026-09-26 00:00:00,2 DAYS,2026-09-28,2117 - 85 Wood Street
C13826932,2026-09-26 00:00:00,2 DAYS,2026-09-28,5004 - 15 Grenville Street
W13827182,2026-09-26 00:00:00,2 DAYS,2026-09-28,251 - 60 Parrotta Drive
W13827794,2026-09-26 00:00:00,2 DAYS,2026-09-28,903 - 335 Mill Road
W13828584,2026-09-26 00:00:00,2 DAYS,2026-09-28,1810 - 11 Wincott Drive
W13829072,2026-09-26 00:00:00,2 DAYS,2026-09-28,410 - 30 Allanhurst Drive
W13829208,2026-09-26 00:00:00,2 DAYS,2026-09-28,45 - 23 Valhalla Inn Road
C13825662,2026-09-26 00:00:00,2 DAYS,2026-09-28,1839 - 135 Lower Sherbourne Street
C13825556,2026-09-26 00:00:00,2 DAYS,2026-09-28,24 Bright Street
C13825304,2026-09-26 00:00:00,2 DAYS,2026-09-28,709 - 21 Lawren Harris Square
C13825360,2026-09-26 00:00:00,2 DAYS,2026-09-28,303 - 90 Trinity Street
C13825110,2026-09-26 00:00:00,2 DAYS,2026-09-28,643 - 109 Front Street E
C13829390,2026-09-26 00:00:00,2 DAYS,2026-09-28,35 Belgrave Avenue
C13829236,2026-09-26 00:00:00,2 DAYS,2026-09-28,122 Mcgillivray Avenue
C13828378,2026-09-26 00:00:00,2 DAYS,2026-09-28,354 Old Orchard Grove
C13825776,2026-09-26 00:00:00,2 DAYS,2026-09-28,90 Mcgillivray Avenue
C13825742,2026-09-26 00:00:00,2 DAYS,2026-09-28,144 Old Orchard Grove
C13827354,2026-09-26 00:00:00,2 DAYS,2026-09-28,905 - 90 Stadium Road
C13827106,2026-09-26 00:00:00,2 DAYS,2026-09-28,903 - 480 Front Street W
W13825760,2026-09-26 00:00:00,2 DAYS,2026-09-28,603 - 59 Annie Craig Drive
C13825574,2026-09-26 00:00:00,2 DAYS,2026-09-28,1104 - 99 Harbour Square
C13825736,2026-09-26 00:00:00,2 DAYS,2026-09-28,320 Brunswick Avenue
C13825934,2026-09-26 00:00:00,2 DAYS,2026-09-28,2715 - 252 Church Street
C13826136,2026-09-26 00:00:00,2 DAYS,2026-09-28,29 Maxwell Avenue
C13826192,2026-09-26 00:00:00,2 DAYS,2026-09-28,68 Belmont Street
W13826704,2026-09-26 00:00:00,2 DAYS,2026-09-28,15 Burrard Road
C13826172,2026-09-26 00:00:00,2 DAYS,2026-09-28,710 - 155 Yorkville Avenue
C13826860,2026-09-26 00:00:00,2 DAYS,2026-09-28,221 - 543 Richmond Street W
C13826926,2026-09-26 00:00:00,2 DAYS,2026-09-28,2004 - 480 Front Street W
C13826960,2026-09-26 00:00:00,2 DAYS,2026-09-28,262 Lippincott Street
C13827008,2026-09-26 00:00:00,2 DAYS,2026-09-28,3206 - 19 Bathurst Street
C13827028,2026-09-26 00:00:00,2 DAYS,2026-09-28,1 - 8 Highbourne Road
C13827038,2026-09-26 00:00:00,2 DAYS,2026-09-28,306 - 8 Oxford Street
C13826730,2026-09-26 00:00:00,2 DAYS,2026-09-28,2104 - 88 Harbour Street
W13826516,2026-09-26 00:00:00,2 DAYS,2026-09-28,6 Millview Court
W13825294,2026-09-26 00:00:00,2 DAYS,2026-09-28,Ph10 - 234 Albion Road
W13826662,2026-09-26 00:00:00,2 DAYS,2026-09-28,67 Bigham Crescent
C13828264,2026-09-26 00:00:00,2 DAYS,2026-09-28,2207 - 38 Dan Leckie Way
C13828294,2026-09-26 00:00:00,2 DAYS,2026-09-28,4507 - 115 Blue Jays Way
C13828534,2026-09-26 00:00:00,2 DAYS,2026-09-28,501 - 287 Davenport Road
C13828518,2026-09-26 00:00:00,2 DAYS,2026-09-28,3403 - 20 Lombard Street
C13828492,2026-09-26 00:00:00,2 DAYS,2026-09-28,304 - 287 Davenport Road
C13828466,2026-09-26 00:00:00,2 DAYS,2026-09-28,1301 - 287 Davenport Road
C13828182,2026-09-26 00:00:00,2 DAYS,2026-09-28,501 - 300 Front Street W
C13828700,2026-09-26 00:00:00,2 DAYS,2026-09-28,Th5 - 98 Carr Street
W13829634,2026-09-26 00:00:00,2 DAYS,2026-09-28,310 - 996 Martin Grove Road
W13830808,2026-09-26 00:00:00,2 DAYS,2026-09-28,1746 Jane Street
C13825534,2026-09-26 00:00:00,2 DAYS,2026-09-28,1704 - 33 Charles Street E
C13825816,2026-09-26 00:00:00,2 DAYS,2026-09-28,4511 - 7 Grenville Street
C13826188,2026-09-26 00:00:00,2 DAYS,2026-09-28,12 Shorncliffe Avenue
C13826552,2026-09-26 00:00:00,2 DAYS,2026-09-28,1605 - 63 St. Clair Avenue W
C13828952,2026-09-26 00:00:00,2 DAYS,2026-09-28,69 Sullivan Street
W13829724,2026-09-26 00:00:00,3 DAYS,2026-09-29,3549 Eglinton Avenue W
C13828030,2026-09-26 00:00:00,2 DAYS,2026-09-28,427 - 543 Richmond Street W
C13828902,2026-09-26 00:00:00,2 DAYS,2026-09-28,2706 - 15 Lower Jarvis Street
W13826436,2026-09-26 00:00:00,2 DAYS,2026-09-28,322 - 259 The Kingsway
W13826460,2026-09-26 00:00:00,2 DAYS,2026-09-28,Th123 - 259 The Kingsway
W13825956,2026-09-26 00:00:00,2 DAYS,2026-09-28,255 John Street
W13825686,2026-09-26 00:00:00,2 DAYS,2026-09-28,807 - 451 The West Mall
W13825586,2026-09-26 00:00:00,2 DAYS,2026-09-28,101 - 151 La Rose Avenue E
C13825714,2026-09-26 00:00:00,2 DAYS,2026-09-28,305 - 25 George Street
C13827694,2026-09-26 00:00:00,2 DAYS,2026-09-28,3512 - 290 Adelaide Street W
C13825766,2026-09-26 00:00:00,2 DAYS,2026-09-28,514 - 260 Sackville Street
C13826574,2026-09-26 00:00:00,2 DAYS,2026-09-28,1009 - 323 Richmond Street
C13826666,2026-09-26 00:00:00,2 DAYS,2026-09-28,501 - 77 Shuter Street
C13826940,2026-09-26 00:00:00,2 DAYS,2026-09-28,2110 - 68 Shuter Street
C13827828,2026-09-26 00:00:00,2 DAYS,2026-09-28,711 - 225 Sumach Street
C13827974,2026-09-26 00:00:00,2 DAYS,2026-09-28,716 - 39 Parliament Street
C13828344,2026-09-26 00:00:00,2 DAYS,2026-09-28,1405 - 25 Cole Street
C13826270,2026-09-26 00:00:00,2 DAYS,2026-09-28,705 - 55 Regent Park Boulevard
W13829706,2026-09-26 00:00:00,3 DAYS,2026-09-29,G-12 - 6720 Glen Erin Drive
W13825908,2026-09-26 00:00:00,2 DAYS,2026-09-28,1605 - 2045 Lake Shore Boulevard W
W13829536,2026-09-26 00:00:00,3 DAYS,2026-09-29,1484 Rose Haven Road
W13829710,2026-09-26 00:00:00,3 DAYS,2026-09-29,439 Ginger Downs
W13829544,2026-09-26 00:00:00,3 DAYS,2026-09-29,110B - 3605 Kariya Drive
W13829362,2026-09-26 00:00:00,3 DAYS,2026-09-29,4445 Centretown Way
W13829666,2026-09-26 00:00:00,3 DAYS,2026-09-29,103 - 2560 Eglinton Avenue
W13826536,2026-09-26 00:00:00,2 DAYS,2026-09-28,39 Pendrith Street
W13826626,2026-09-26 00:00:00,2 DAYS,2026-09-28,307 - 2495 Dundas Street West Street
C13825990,2026-09-26 00:00:00,2 DAYS,2026-09-28,5 Purling Place
C13828386,2026-09-26 00:00:00,2 DAYS,2026-09-28,417 - 120 Dallimore Circle
C13828616,2026-09-26 00:00:00,2 DAYS,2026-09-28,606 - 2 Sonic Way
C13829092,2026-09-26 00:00:00,2 DAYS,2026-09-28,62 Norden Crescent
C13829614,2026-09-26 00:00:00,2 DAYS,2026-09-28,411 - 10 Deerlick Court
W13825404,2026-09-26 00:00:00,2 DAYS,2026-09-28,814 - 50 George Butchart Drive
C13825548,2026-09-26 00:00:00,2 DAYS,2026-09-28,215 Acton Avenue
W13825576,2026-09-26 00:00:00,2 DAYS,2026-09-28,40 Datchet Road
C13826174,2026-09-26 00:00:00,2 DAYS,2026-09-28,46 Acton Avenue
W13829760,2026-09-26 00:00:00,3 DAYS,2026-09-29,701 - 3700 Kaneff Crescent
W13829738,2026-09-26 00:00:00,3 DAYS,2026-09-29,2489 Olinda Court
W13829976,2026-09-26 00:00:00,3 DAYS,2026-09-29,405 - 880 Dundas Street W
W13830060,2026-09-26 00:00:00,3 DAYS,2026-09-29,301 - 3100 Kirwin Avenue
C13825512,2026-09-26 00:00:00,2 DAYS,2026-09-28,145 Dovercourt Road
W13825888,2026-09-26 00:00:00,2 DAYS,2026-09-28,2306 - 75 Emmett Avenue
W13826096,2026-09-26 00:00:00,2 DAYS,2026-09-28,37 Deforest Road
C13826248,2026-09-26 00:00:00,2 DAYS,2026-09-28,205 - 840 St Clair Avenue W
C13826346,2026-09-26 00:00:00,2 DAYS,2026-09-28,313 Glenholme Avenue
W13826378,2026-09-26 00:00:00,2 DAYS,2026-09-28,16 Rochdale Avenue
W13826356,2026-09-26 00:00:00,2 DAYS,2026-09-28,2 - 90 Caledonia Park Road
W13827590,2026-09-26 00:00:00,2 DAYS,2026-09-28,72 William Duncan Road
W13826500,2026-09-26 00:00:00,2 DAYS,2026-09-28,1508 Dupont Street
W13831720,2026-09-26 00:00:00,3 DAYS,2026-09-29,507 - 349 Rathburn Road
W13831486,2026-09-26 00:00:00,3 DAYS,2026-09-29,329 Kingsbridge Garden Circle
W13831362,2026-09-26 00:00:00,3 DAYS,2026-09-29,1711 - 388 Prince Of Wales Drive
W13831072,2026-09-26 00:00:00,3 DAYS,2026-09-29,88 Central Parkway W
W13831008,2026-09-26 00:00:00,3 DAYS,2026-09-29,1429 Dundas Crescent
W13830098,2026-09-26 00:00:00,3 DAYS,2026-09-29,1618 Dogwood Trail
W13830104,2026-09-26 00:00:00,3 DAYS,2026-09-29,241-243 Lakeshore Road E
W13831734,2026-09-26 00:00:00,3 DAYS,2026-09-29,209 - 3900 Confederation Parkway
C13825514,2026-09-26 00:00:00,2 DAYS,2026-09-28,145 Dovercourt Road
W13827674,2026-09-26 00:00:00,2 DAYS,2026-09-28,46 Odoardo Di Santo Circle
C13828398,2026-09-26 00:00:00,2 DAYS,2026-09-28,603 - 935 Sheppard Avenue W
C13826114,2026-09-26 00:00:00,2 DAYS,2026-09-28,5 Mylesview Place
C13826262,2026-09-26 00:00:00,2 DAYS,2026-09-28,1015 - 80 Harrison Garden Boulevard
C13826622,2026-09-26 00:00:00,2 DAYS,2026-09-28,234 York Mills Road
C13826872,2026-09-26 00:00:00,2 DAYS,2026-09-28,3602 - 5168 Yonge Street
C13826978,2026-09-26 00:00:00,2 DAYS,2026-09-28,1318 - 25 Greenview Avenue
C13826948,2026-09-26 00:00:00,2 DAYS,2026-09-28,136A Finch Avenue W
C13827002,2026-09-26 00:00:00,2 DAYS,2026-09-28,2118 - 25 Greenview Avenue
C13827490,2026-09-26 00:00:00,2 DAYS,2026-09-28,89 William Durie Way
C13827784,2026-09-26 00:00:00,2 DAYS,2026-09-28,527 - 120 Harrison Garden Boulevard
C13828112,2026-09-26 00:00:00,2 DAYS,2026-09-28,29 Heathview Avenue
C13828978,2026-09-26 00:00:00,2 DAYS,2026-09-28,2915 - 4955 Yonge Street
C13829162,2026-09-26 00:00:00,2 DAYS,2026-09-28,515 - 33 Empress Avenue
C13829398,2026-09-26 00:00:00,2 DAYS,2026-09-28,611 - 5460 Yonge Street
C13829524,2026-09-26 00:00:00,2 DAYS,2026-09-28,23 Morewood Crescent
W13826962,2026-09-26 00:00:00,2 DAYS,2026-09-28,811 Dovercourt Road
C13825664,2026-09-26 00:00:00,2 DAYS,2026-09-28,25 Proudbank Millway
C13825312,2026-09-26 00:00:00,2 DAYS,2026-09-28,511 - 35 Bales Avenue
C13829402,2026-09-26 00:00:00,2 DAYS,2026-09-28,19 Poet'S Walk Way
C13829184,2026-09-26 00:00:00,2 DAYS,2026-09-28,2109 - 95 Mcmahon Drive
W13828122,2026-09-26 00:00:00,2 DAYS,2026-09-28,58 Candlewood Crescent
W13828824,2026-09-26 00:00:00,2 DAYS,2026-09-28,539 - 2645 Jane Street
W13826584,2026-09-26 00:00:00,2 DAYS,2026-09-28,30 Baby Point Road
W13826678,2026-09-26 00:00:00,2 DAYS,2026-09-28,115 Priscilla Avenue
W13831068,2026-09-26 00:00:00,3 DAYS,2026-09-29,6653 Opera Glass Crescent
W13829532,2026-09-26 00:00:00,3 DAYS,2026-09-29,7232 Tippett Court
C13825806,2026-09-26 00:00:00,2 DAYS,2026-09-28,20 Paynter Drive
W13828074,2026-09-26 00:00:00,2 DAYS,2026-09-28,26 Ted Wray Circle
C13826624,2026-09-26 00:00:00,2 DAYS,2026-09-28,99 Brahms Avenue
C13828998,2026-09-26 00:00:00,2 DAYS,2026-09-28,12 Pleasant Avenue
C13825256,2026-09-26 00:00:00,2 DAYS,2026-09-28,Ph07 - 50 Ann O'Reilly Road
C13825248,2026-09-26 00:00:00,2 DAYS,2026-09-28,608 - 95 Mcmahon Drive
C13825390,2026-09-26 00:00:00,2 DAYS,2026-09-28,1211 - 15 Singer Court
C13826614,2026-09-26 00:00:00,2 DAYS,2026-09-28,2707 - 70 Forest Manor Road
C13826938,2026-09-26 00:00:00,2 DAYS,2026-09-28,801 - 188 Fairview Mall Drive
C13827298,2026-09-26 00:00:00,2 DAYS,2026-09-28,522 - 55 Ann O'Reilly Ann O'Reilly Road
C13826360,2026-09-26 00:00:00,2 DAYS,2026-09-28,1105 Lillian Street
W13827478,2026-09-26 00:00:00,2 DAYS,2026-09-28,74 Raven Road
W13829278,2026-09-26 00:00:00,3 DAYS,2026-09-29,4252 Tea Garden Circle
C13828422,2026-09-26 00:00:00,2 DAYS,2026-09-28,225 - 11 Ruttan Street
C13827920,2026-09-26 00:00:00,2 DAYS,2026-09-28,507 - 170 Chiltern Hill Road
W13827982,2026-09-26 00:00:00,2 DAYS,2026-09-28,320 - 816 Lansdowne Avenue
W13827676,2026-09-26 00:00:00,2 DAYS,2026-09-28,1781 Keele Street
C13827734,2026-09-26 00:00:00,2 DAYS,2026-09-28,1006 - 125 Western Battery Road
W13828570,2026-09-26 00:00:00,2 DAYS,2026-09-28,411 - 100 Lotherton Pathway
C13828830,2026-09-26 00:00:00,2 DAYS,2026-09-28,437 Euclid Avenue
C13827798,2026-09-26 00:00:00,2 DAYS,2026-09-28,306 - 456 College Street
W13828480,2026-09-26 00:00:00,2 DAYS,2026-09-28,127 Durie Street
W13829394,2026-09-26 00:00:00,3 DAYS,2026-09-29,1407 - 700 Constellation Drive
W13827906,2026-09-26 00:00:00,2 DAYS,2026-09-28,198 A Boon Avenue
C13827912,2026-09-26 00:00:00,2 DAYS,2026-09-28,494 Oakwood Avenue W
W13829664,2026-09-26 00:00:00,2 DAYS,2026-09-28,159 Roncesvalles Avenue
W13829488,2026-09-26 00:00:00,2 DAYS,2026-09-28,157 Roncesvalles Avenue
W13828632,2026-09-26 00:00:00,2 DAYS,2026-09-28,181 Garden Avenue
W13828732,2026-09-26 00:00:00,2 DAYS,2026-09-28,1504 - 250 Scarlett Road
W13828862,2026-09-26 00:00:00,2 DAYS,2026-09-28,89 Regal Road
W13829170,2026-09-26 00:00:00,2 DAYS,2026-09-28,274 Indian Road
W13829324,2026-09-26 00:00:00,3 DAYS,2026-09-29,83 - 5480 Glen Erin Drive
W13829274,2026-09-26 00:00:00,3 DAYS,2026-09-29,3605 Trelawny Circle
C13830378,2026-09-27 00:00:00,1 DAY,2026-09-28,215 - 75 Portland Street
C13830438,2026-09-27 00:00:00,1 DAY,2026-09-28,29 - 80 Carr Street
C13831178,2026-09-27 00:00:00,1 DAY,2026-09-28,508 - 38 Dan Leckie Way
C13831062,2026-09-27 00:00:00,1 DAY,2026-09-28,706 - 35 Bastion Street
C13830358,2026-09-27 00:00:00,1 DAY,2026-09-28,902 - 18 Beverley Street
C13830230,2026-09-27 00:00:00,1 DAY,2026-09-28,2616 - 35 Mercer Street
C13829932,2026-09-27 00:00:00,1 DAY,2026-09-28,301 - 342 Spadina Road
C13829898,2026-09-27 00:00:00,1 DAY,2026-09-28,612 - 215 Fort York Boulevard
C13829660,2026-09-27 00:00:00,1 DAY,2026-09-28,1502 - 33 Bay Street
C13829486,2026-09-27 00:00:00,1 DAY,2026-09-28,807 - 9 Tecumseth Street
C13830294,2026-09-27 00:00:00,1 DAY,2026-09-28,339 - 250 Wellington Street W
C13831272,2026-09-27 00:00:00,1 DAY,2026-09-28,1210 - 210 Simcoe Street
E13832030,2026-09-27 00:00:00,1 DAY,2026-09-28,101 - 1346 Danforth Road
C13831512,2026-09-27 00:00:00,1 DAY,2026-09-28,3905 - 20 Lombard Street
W13830956,2026-09-27 00:00:00,1 DAY,2026-09-28,7 Methuen Avenue
C13830834,2026-09-27 00:00:00,1 DAY,2026-09-28,44 Mitchell Avenue
C13829676,2026-09-27 00:00:00,1 DAY,2026-09-28,66 Claywood Road
C13830800,2026-09-27 00:00:00,1 DAY,2026-09-28,492 Euclid Avenue
W13830684,2026-09-27 00:00:00,1 DAY,2026-09-28,307 - 36 Howard Park Avenue
C13831220,2026-09-27 00:00:00,1 DAY,2026-09-28,205 - 28 Hollywood Avenue
C13831046,2026-09-27 00:00:00,1 DAY,2026-09-28,238 Poyntz Avenue
C13831460,2026-09-27 00:00:00,1 DAY,2026-09-28,707 - 50 Camden Street
C13831688,2026-09-27 00:00:00,1 DAY,2026-09-28,22-26 Wellesley Street W
C13830980,2026-09-27 00:00:00,1 DAY,2026-09-28,800 - 18 Hollywood Avenue
C13830874,2026-09-27 00:00:00,1 DAY,2026-09-28,158 Owen Boulevard
C13830824,2026-09-27 00:00:00,1 DAY,2026-09-28,150 Upper Canada Drive
W13830458,2026-09-27 00:00:00,1 DAY,2026-09-28,116 - 10 Eddystone Avenue
C13830820,2026-09-27 00:00:00,1 DAY,2026-09-28,502 - 75 Canterbury Place
C13831944,2026-09-27 00:00:00,1 DAY,2026-09-28,422 - 1 Bedford Road
C13831704,2026-09-27 00:00:00,1 DAY,2026-09-28,4105 - 763 Bay Street
C13830976,2026-09-27 00:00:00,1 DAY,2026-09-28,805 - 33 Sheppard Avenue E
W13830538,2026-09-27 00:00:00,1 DAY,2026-09-28,1509 - 5 San Romano Way
E13831466,2026-09-27 00:00:00,1 DAY,2026-09-28,63 Rossander Court
W13831096,2026-09-27 00:00:00,1 DAY,2026-09-28,21 Delabo Drive
E13832088,2026-09-27 00:00:00,1 DAY,2026-09-28,76 Lionhead Trail
E13832026,2026-09-27 00:00:00,1 DAY,2026-09-28,63 La Peer Boulevard
E13831496,2026-09-27 00:00:00,1 DAY,2026-09-28,139 Raponi Circle
W13829806,2026-09-27 00:00:00,1 DAY,2026-09-28,13 - 3029 Finch Avenue W
W13830352,2026-09-27 00:00:00,1 DAY,2026-09-28,2107 - 234 Albion Road
W13830498,2026-09-27 00:00:00,1 DAY,2026-09-28,9 Adeline Court
W13830544,2026-09-27 00:00:00,1 DAY,2026-09-28,12 Tammy Lane
C13831468,2026-09-27 00:00:00,1 DAY,2026-09-28,35 Rochelle Crescent
E13831474,2026-09-27 00:00:00,1 DAY,2026-09-28,4 Shepmore Terrace
W13829616,2026-09-27 00:00:00,1 DAY,2026-09-28,Th108 - 5 Valhalla Inn Road
W13829916,2026-09-27 00:00:00,1 DAY,2026-09-28,301 - 6 Eva Road
W13830658,2026-09-27 00:00:00,1 DAY,2026-09-28,1372 Islington Avenue
W13831268,2026-09-27 00:00:00,1 DAY,2026-09-28,504 - 315 Dixon Road
W13831848,2026-09-27 00:00:00,1 DAY,2026-09-28,Ph08 - 296 Mill Road
C13830056,2026-09-27 00:00:00,1 DAY,2026-09-28,11 Doon Road
W13831880,2026-09-27 00:00:00,1 DAY,2026-09-28,501 - 235 Sherway Gardens Road
E13831142,2026-09-27 00:00:00,1 DAY,2026-09-28,93 Corinthian Boulevard
W13830836,2026-09-27 00:00:00,1 DAY,2026-09-28,213 - 2737 Keele Street
C13830270,2026-09-27 00:00:00,1 DAY,2026-09-28,143 Silas Hill Drive
W13832854,2026-09-27 00:00:00,2 DAYS,2026-09-29,3428 Stoney Crescent
W13831648,2026-09-27 00:00:00,1 DAY,2026-09-28,12 Odoardo Di Santo Circle
W13832034,2026-09-27 00:00:00,1 DAY,2026-09-28,619 - 2727 Keele Street
C13830178,2026-09-27 00:00:00,1 DAY,2026-09-28,69 Montressor Drive
W13830996,2026-09-27 00:00:00,1 DAY,2026-09-28,118 Lambton Avenue
W13830644,2026-09-27 00:00:00,1 DAY,2026-09-28,37 Noble Street
C13831738,2026-09-27 00:00:00,1 DAY,2026-09-28,1409 - 70 Distillery Lane
C13830816,2026-09-27 00:00:00,1 DAY,2026-09-28,311 - 75 Dalhousie Street
W13832602,2026-09-27 00:00:00,2 DAYS,2026-09-29,24 - 4605 Donegal Drive
C13829852,2026-09-27 00:00:00,1 DAY,2026-09-28,1107 - 400 Adelaide Street E
C13830694,2026-09-27 00:00:00,1 DAY,2026-09-28,539 Lansdowne Avenue
W13830496,2026-09-27 00:00:00,1 DAY,2026-09-28,372 Blackthorn Avenue
W13821592,2026-09-27 00:00:00,1 DAY,2026-09-28,61 - 1 Elsie Lane
C13832216,2026-09-27 00:00:00,1 DAY,2026-09-28,19 Temagami Court
W13829854,2026-09-27 00:00:00,1 DAY,2026-09-28,257 Prescott Avenue
C13829906,2026-09-27 00:00:00,1 DAY,2026-09-28,712 - 80 Western Battery Road
W13829598,2026-09-27 00:00:00,1 DAY,2026-09-28,1414 - 105 The Queensway Avenue
C13830610,2026-09-27 00:00:00,1 DAY,2026-09-28,1006 - 500 St Clair Avenue W
W13831048,2026-09-27 00:00:00,1 DAY,2026-09-28,396 Bartlett Avenue N
C13830086,2026-09-27 00:00:00,1 DAY,2026-09-28,Th10 - 19 Anndale Drive
W13831168,2026-09-27 00:00:00,1 DAY,2026-09-28,1102 - 45 Southport Street
W13832860,2026-09-27 00:00:00,2 DAYS,2026-09-29,468 Lynd Avenue
W13832720,2026-09-27 00:00:00,2 DAYS,2026-09-29,504 - 285 Enfield Place
C13831702,2026-09-27 00:00:00,1 DAY,2026-09-28,1 - 100 Redpath Avenue
C13831514,2026-09-27 00:00:00,1 DAY,2026-09-28,303 - 200 Russell Hill Road
C13830902,2026-09-27 00:00:00,1 DAY,2026-09-28,210 - 380 Macpherson Avenue
C13830422,2026-09-27 00:00:00,1 DAY,2026-09-28,1001 - 575 Avenue Road
C13830146,2026-09-27 00:00:00,1 DAY,2026-09-28,1205 - 35 Balmuto Street
W13831246,2026-09-27 00:00:00,1 DAY,2026-09-28,806 - 160 Kingsway Crescent
C13829726,2026-09-27 00:00:00,1 DAY,2026-09-28,704 - 38 Avoca Avenue
E13831584,2026-09-27 00:00:00,1 DAY,2026-09-28,6 Redwood Avenue
W13831082,2026-09-27 00:00:00,1 DAY,2026-09-28,156A Dowling Avenue
E13831328,2026-09-27 00:00:00,1 DAY,2026-09-28,379 Scarborough Road
E13816996,2026-09-27 00:00:00,1 DAY,2026-09-28,434 Victoria Park Avenue
C13830522,2026-09-27 00:00:00,1 DAY,2026-09-28,112 Southvale Drive
W13832612,2026-09-27 00:00:00,2 DAYS,2026-09-29,4 Iroquois Avenue
40866088,2026-09-27 00:00:00,2 DAYS,2026-09-29,1250 Mississauga Valley Boulevard Unit# 108
W13832618,2026-09-27 00:00:00,2 DAYS,2026-09-29,11B Maple Avenue N
W13832400,2026-09-27 00:00:00,2 DAYS,2026-09-29,1706 - 3883 Quartz Road
W13831240,2026-09-27 00:00:00,1 DAY,2026-09-28,608 - 160 Kingsway Crescent
W13831556,2026-09-27 00:00:00,1 DAY,2026-09-28,316 - 2119 Lake Shore Boulevard W
W13831660,2026-09-27 00:00:00,1 DAY,2026-09-28,710 - 1185 The Queensway
W13831358,2026-09-27 00:00:00,1 DAY,2026-09-28,602 - 2230 Lake Shore Boulevard W
W13830420,2026-09-27 00:00:00,1 DAY,2026-09-28,20 Creston Road
E13831892,2026-09-27 00:00:00,1 DAY,2026-09-28,205 - 895 Kennedy Road
W13830468,2026-09-27 00:00:00,1 DAY,2026-09-28,2609 - 36 Zorra Street
W13829860,2026-09-27 00:00:00,1 DAY,2026-09-28,Th 31 - 120 Twenty Fourth Street
E13830348,2026-09-27 00:00:00,1 DAY,2026-09-28,120 Pitt Avenue
E13831004,2026-09-27 00:00:00,1 DAY,2026-09-28,43 Roebuck Drive
E13831134,2026-09-27 00:00:00,1 DAY,2026-09-28,132 Harding Boulevard
W13831020,2026-09-27 00:00:00,1 DAY,2026-09-28,704 - 160 Flemington Road
E13831416,2026-09-27 00:00:00,1 DAY,2026-09-28,2103 - 1328 Birchmount Road
E13831302,2026-09-27 00:00:00,1 DAY,2026-09-28,176 Linden Avenue
E13831278,2026-09-27 00:00:00,1 DAY,2026-09-28,411 - 15 Torrance Road
E13831230,2026-09-27 00:00:00,1 DAY,2026-09-28,1603 - 90 Dale Avenue
E13831212,2026-09-27 00:00:00,1 DAY,2026-09-28,903 - 3380 Eglinton Avenue
E13831192,2026-09-27 00:00:00,1 DAY,2026-09-28,79 Samson Crescent
E13831494,2026-09-27 00:00:00,1 DAY,2026-09-28,805 - 190 Borough Drive
W13832404,2026-09-27 00:00:00,2 DAYS,2026-09-29,108 - 1250 Mississauga Valley Boulevard
E13831404,2026-09-27 00:00:00,1 DAY,2026-09-28,19 Battenberg Avenue
E13830864,2026-09-27 00:00:00,1 DAY,2026-09-28,83 - 28 Livingston Road
C13829874,2026-09-27 00:00:00,1 DAY,2026-09-28,302 - 33 Chatsworth Drive
C13831502,2026-09-27 00:00:00,1 DAY,2026-09-28,319 Rumsey Road
C13830842,2026-09-27 00:00:00,1 DAY,2026-09-28,38 Killdeer Crescent
W13832376,2026-09-27 00:00:00,2 DAYS,2026-09-29,725 Queensway W
C13829866,2026-09-27 00:00:00,1 DAY,2026-09-28,101 - 33 Chatsworth Drive
C13829890,2026-09-27 00:00:00,1 DAY,2026-09-28,204 - 33 Chatsworth Drive
C13830182,2026-09-27 00:00:00,1 DAY,2026-09-28,1910 - 58 Orchard View Boulevard
C13831654,2026-09-27 00:00:00,1 DAY,2026-09-28,1812 - 98 Lillian Street
W13831894,2026-09-27 00:00:00,2 DAYS,2026-09-29,Ph306 - 1271 Walden Circle
C13831954,2026-09-27 00:00:00,1 DAY,2026-09-28,219 Broadway Avenue
C13831608,2026-09-27 00:00:00,1 DAY,2026-09-28,916 - 88 Grandview Way
C13831798,2026-09-27 00:00:00,1 DAY,2026-09-28,1-2 - 38 Avenue Road
E13829876,2026-09-27 00:00:00,1 DAY,2026-09-28,24 Merritt Road
C13831804,2026-09-27 00:00:00,1 DAY,2026-09-28,1 - 1 Hargrave Lane
C13831924,2026-09-27 00:00:00,1 DAY,2026-09-28,2111 - 18 Graydon Hall Drive
E13830568,2026-09-27 00:00:00,1 DAY,2026-09-28,30 Melchior Drive
E13830616,2026-09-27 00:00:00,1 DAY,2026-09-28,102 Haileybury Drive
W13831198,2026-09-27 00:00:00,1 DAY,2026-09-28,22 Montye Avenue
E13830554,2026-09-27 00:00:00,1 DAY,2026-09-28,3 Kingsmere Crescent
W13832056,2026-09-27 00:00:00,1 DAY,2026-09-28,741 - 1830 Bloor Street W
E13829886,2026-09-27 00:00:00,1 DAY,2026-09-28,96 - 83 Mondeo Drive
40866348,2026-09-27 00:00:00,2 DAYS,2026-09-29,1271 Walden Circle Unit# Ph306
C13832474,2026-09-27 00:00:00,1 DAY,2026-09-28,506 Adelaide Street W
C13831764,2026-09-27 00:00:00,1 DAY,2026-09-28,303 Oakwood Avenue
C13832010,2026-09-27 00:00:00,1 DAY,2026-09-28,49 Norden Crescent
W13832508,2026-09-27 00:00:00,1 DAY,2026-09-28,2432 Dufferin Street
C13831850,2026-09-27 00:00:00,1 DAY,2026-09-28,803 Dundas Street W
E13829844,2026-09-27 00:00:00,1 DAY,2026-09-28,2009(Ph09) - 185 Bonis Avenue
C13832210,2026-09-27 01:00:00,23 HOURS,2026-09-28,4409 - 1 Bloor Street E
W13832150,2026-09-27 01:00:00,23 HOURS,2026-09-28,305 La Rose Avenue
40866813,2026-09-27 01:00:00,23 HOURS,2026-09-28,909 Bay Street Unit# 2304
C13832258,2026-09-27 01:00:00,23 HOURS,2026-09-28,316 - 20 Bloorview Place
E13832282,2026-09-27 01:00:00,23 HOURS,2026-09-28,821 Sandhurst Circle
C13832138,2026-09-27 01:00:00,23 HOURS,2026-09-28,3303 - 126 Simcoe Street
W13832224,2026-09-27 02:00:00,22 HOURS,2026-09-28,38 Wilmar Road
E13832324,2026-09-27 02:00:00,22 HOURS,2026-09-28,282B Aylesworth Avenue
C13831378,2026-09-27 02:00:00,22 HOURS,2026-09-28,47 Coulson Avenue
C13832298,2026-09-27 02:00:00,22 HOURS,2026-09-28,1436 - 250 Wellington Street W
C13832374,2026-09-27 02:00:00,22 HOURS,2026-09-28,318 Sumach Street
E13832378,2026-09-27 02:00:00,22 HOURS,2026-09-28,1107 - 2627 Mccowan Road
C13832288,2026-09-27 02:00:00,22 HOURS,2026-09-28,N1102 - 7 Golden Lion Heights
C13832346,2026-09-27 03:00:00,21 HOURS,2026-09-28,506 Adelaide Street W
C13832350,2026-09-27 03:00:00,21 HOURS,2026-09-28,1069 Davenport Road
W13832332,2026-09-27 03:00:00,21 HOURS,2026-09-28,23 Bentley Drive
C13832328,2026-09-27 03:00:00,21 HOURS,2026-09-28,2304 - 909 Bay Street
C13832438,2026-09-27 03:00:00,21 HOURS,2026-09-28,1808 - 20 Edgecliffe Golfway
W13832436,2026-09-27 04:00:00,20 HOURS,2026-09-28,2304 - 105 The Queensway Avenue
C13832420,2026-09-27 04:00:00,20 HOURS,2026-09-28,1207 - 1 Yorkville Avenue
C13832516,2026-09-27 05:00:00,19 HOURS,2026-09-28,352 Deloraine Avenue
C13832498,2026-09-27 05:00:00,19 HOURS,2026-09-28,4510 - 3 Concord Cityplace Way
C13832584,2026-09-27 07:00:00,17 HOURS,2026-09-28,19 Wascana Avenue
C13832614,2026-09-27 07:00:00,17 HOURS,2026-09-28,290 Sheppard Avenue W
W13832590,2026-09-27 07:00:00,17 HOURS,2026-09-28,69 Haynes Avenue
E13832628,2026-09-27 08:00:00,16 HOURS,2026-09-28,189 Leslie Street
E13832648,2026-09-27 09:00:00,15 HOURS,2026-09-28,369 - 515 Kingbird Grove
C13832660,2026-09-27 11:00:00,13 HOURS,2026-09-28,2009 - 4978 Yonge Street
W13833034,2026-09-27 11:00:00,13 HOURS,2026-09-28,18 Albani Street
C13832662,2026-09-27 11:00:00,13 HOURS,2026-09-28,2912 - 70 Forest Manor Road
W13833062,2026-09-27 11:00:00,13 HOURS,2026-09-28,8 Loire Court
C13832692,2026-09-27 12:00:00,12 HOURS,2026-09-28,48 Bellbury Crescent
C13833106,2026-09-27 13:00:00,11 HOURS,2026-09-28,1605 - 300 Front Street W
E13833114,2026-09-27 13:00:00,11 HOURS,2026-09-28,4 Bellhaven Road
C13833190,2026-09-27 14:00:00,10 HOURS,2026-09-28,8D Leaside Park Drive
W13833204,2026-09-27 15:00:00,9 HOURS,2026-09-28,22 Foxcote Crescent
E13833240,2026-09-27 16:00:00,8 HOURS,2026-09-28,619 - 286 Main Street
C13832716,2026-09-27 18:00:00,6 HOURS,2026-09-28,2506 - 15 Fort York Boulevard
E13832704,2026-09-27 19:00:00,5 HOURS,2026-09-28,76 Ferris Road
W13833416,2026-09-27 21:00:00,3 HOURS,2026-09-28,620 Indian Road
C13832786,2026-09-27 21:00:00,3 HOURS,2026-09-28,39 Glengowan Road
E13833384,2026-09-27 21:00:00,3 HOURS,2026-09-28,55 Winston Avenue
C13833398,2026-09-27 21:00:00,3 HOURS,2026-09-28,322 - 400 Adelaide Street E
C13833412,2026-09-27 21:00:00,3 HOURS,2026-09-28,4210 - 101 Charles Street E
E13833396,2026-09-27 21:00:00,3 HOURS,2026-09-28,47 Harcourt Avenue
C13833404,2026-09-27 21:00:00,3 HOURS,2026-09-28,16 - 645 Davenport Road
C13832772,2026-09-27 21:00:00,3 HOURS,2026-09-28,809 - 320 Richmond Street E
E13832850,2026-09-27 22:00:00,2 HOURS,2026-09-28,180 Borough Drive
C13832838,2026-09-27 22:00:00,2 HOURS,2026-09-28,4203 - 11 Wellesley Street West W
W13832930,2026-09-27 23:00:00,1 HOUR,2026-09-28,Ph 22 - 9 Mabelle Avenue
C13832912,2026-09-27 23:00:00,1 HOUR,2026-09-28,3102 - 30 Roehampton Avenue
C13832934,2026-09-27 23:01:00,59 MINUTES,2026-09-28,355 - 60 Ann O'Reilly Road
C13833020,2026-09-27 23:35:00,25 MINUTES,2026-09-28,2321 - 35 Hollywood Avenue
40865544,2026-09-28 00:00:00,1 DAY,2026-09-29,3602 Forest Bluff Crescent
W13834740,2026-09-28 00:00:00,1 DAY,2026-09-29,3602 Forest Bluff Crescent
W13834544,2026-09-28 00:00:00,1 DAY,2026-09-29,5362 Longford Drive
W13834354,2026-09-28 00:00:00,1 DAY,2026-09-29,902 - 810 Scollard Court
W13834218,2026-09-28 00:00:00,1 DAY,2026-09-29,5390 Mcfarren Boulevard
W13833694,2026-09-28 00:00:00,1 DAY,2026-09-29,3332 Forrestdale Circle
W13833592,2026-09-28 00:00:00,1 DAY,2026-09-29,6203 Camgreen Circle
W13835106,2026-09-28 00:00:00,1 DAY,2026-09-29,1163 Cayente Place
W13835110,2026-09-28 00:00:00,1 DAY,2026-09-29,292 Ukraine Road
40861789,2026-09-28 00:00:00,1 DAY,2026-09-29,1163 Cayente Place
W13834090,2026-09-28 00:00:00,1 DAY,2026-09-29,209 - 1320 Mississauga Valley Boulevard
W13834596,2026-09-28 00:00:00,1 DAY,2026-09-29,1504 - 223 Webb Drive
W13833562,2026-09-28 00:00:00,1 DAY,2026-09-29,983 Parthia Crescent
W13833994,2026-09-28 00:00:00,1 DAY,2026-09-29,1204 - 355 Rathburn Road E
W13834248,2026-09-28 00:00:00,1 DAY,2026-09-29,4141 Twine Crescent
W13835520,2026-09-28 00:00:00,1 DAY,2026-09-29,1633 Coram Crescent
W13834832,2026-09-28 00:00:00,1 DAY,2026-09-29,1001 - 90 Absolute Avenue
W13833206,2026-09-28 00:00:00,1 DAY,2026-09-29,171 - 80 Acorn Place
W13833566,2026-09-28 00:00:00,1 DAY,2026-09-29,6099 Starfield Crescent
W13833316,2026-09-28 00:00:00,1 DAY,2026-09-29,858 Wetherby Lane
W13833322,2026-09-28 00:00:00,1 DAY,2026-09-29,3133 Mission Hill Drive
W13833246,2026-09-28 00:00:00,1 DAY,2026-09-29,3409 Bertrand Road
W13835220,2026-09-28 01:00:00,23 HOURS,2026-09-29,6464 Hampden Woods Road
W13835150,2026-09-28 01:00:00,23 HOURS,2026-09-29,3284 Hornbeam Crescent
W13835718,2026-09-28 01:00:00,23 HOURS,2026-09-29,3661 Keenan Crescent
40865562,2026-09-28 01:00:00,23 HOURS,2026-09-29,1519 Elite Road
W13836028,2026-09-28 01:00:00,23 HOURS,2026-09-29,1063 Flagship Drive
W13835528,2026-09-28 01:00:00,23 HOURS,2026-09-29,1519 Elite Road
W13835686,2026-09-28 02:00:00,22 HOURS,2026-09-29,11 Brookside Drive
W13835516,2026-09-28 02:00:00,22 HOURS,2026-09-29,1800 Tattersall Way
W13835838,2026-09-28 02:00:00,22 HOURS,2026-09-29,3142 Eclipse Avenue
40864280,2026-09-28 02:00:00,22 HOURS,2026-09-29,65 Port Street E Unit# 107
W13835842,2026-09-28 02:00:00,22 HOURS,2026-09-29,3628 Anniversary Road
W13836000,2026-09-28 02:00:00,22 HOURS,2026-09-29,902 - 8 Ann Street
W13835644,2026-09-28 02:00:00,22 HOURS,2026-09-29,1491 Robillard Road
W13836396,2026-09-28 02:00:00,22 HOURS,2026-09-29,8 - 640 Rathburn Road E
W13836210,2026-09-28 03:00:00,21 HOURS,2026-09-29,107 - 65 Port Street E
W13836162,2026-09-28 03:00:00,21 HOURS,2026-09-29,2263 Taylor'S Orchard
40867079,2026-09-28 03:00:00,21 HOURS,2026-09-29,1309 Gatehouse Drive
W13835976,2026-09-28 03:00:00,21 HOURS,2026-09-29,1309 Gatehouse Drive
W13835946,2026-09-28 03:00:00,21 HOURS,2026-09-29,410 - 966 Inverhouse Drive
W13836168,2026-09-28 03:00:00,21 HOURS,2026-09-29,1302 Greenoaks Drive
W13836250,2026-09-28 04:00:00,20 HOURS,2026-09-29,6317 Martel Court
W13836608,2026-09-28 04:00:00,20 HOURS,2026-09-29,234 Lech Walesa Drive
W13836590,2026-09-28 04:00:00,20 HOURS,2026-09-29,65 Forest Avenue
W13836840,2026-09-28 04:00:00,20 HOURS,2026-09-29,1876 Bough Beeches Boulevard
W13836938,2026-09-28 05:00:00,19 HOURS,2026-09-29,1503 - 3025 Queen Frederica Drive
40867083,2026-09-28 05:00:00,19 HOURS,2026-09-29,7340 Copenhagen Road Unit# 10
W13836910,2026-09-28 05:00:00,19 HOURS,2026-09-29,10 - 7340 Copenhagen Road
W13837170,2026-09-28 06:00:00,18 HOURS,2026-09-29,3829 Craighurst Avenue
W13837168,2026-09-28 06:00:00,18 HOURS,2026-09-29,2255 Prince John Boulevard
W13837316,2026-09-28 07:00:00,17 HOURS,2026-09-29,2260 Wiseman Court
W13837384,2026-09-28 07:00:00,17 HOURS,2026-09-29,2802 - 208 Enfield Place
W13837630,2026-09-28 10:00:00,14 HOURS,2026-09-29,2304 - 385 Prince Of Wales Drive
W13837662,2026-09-28 10:00:00,14 HOURS,2026-09-29,3107 - 4099 Brickstone Mews
W13837758,2026-09-28 12:00:00,12 HOURS,2026-09-29,44 - 3030 Breakwater Court
W13837856,2026-09-28 13:00:00,11 HOURS,2026-09-29,Tph10 - 25 Kingsbridge Garden
W13837920,2026-09-28 20:00:00,4 HOURS,2026-09-29,79 - 3050 Constitution Boulevard
W13838038,2026-09-28 20:00:00,4 HOURS,2026-09-29,1112 - 3590 Kaneff Crescent
W13837890,2026-09-28 20:00:00,4 HOURS,2026-09-29,53 - 1055 Shawnmarr Road
W13838198,2026-09-28 21:00:00,3 HOURS,2026-09-29,2130 Autumn Breeze Drive N
W13838000,2026-09-28 21:00:00,3 HOURS,2026-09-29,2668 Homelands Drive
W13838218,2026-09-28 21:00:00,3 HOURS,2026-09-29,1380 Granrock Crescent
W13839168,2026-09-28 22:00:00,2 HOURS,2026-09-29,7419 Magistrate Terrace
40863629,2026-09-28 22:00:00,2 HOURS,2026-09-29,1024 Roosevelt Road
W13838182,2026-09-28 22:00:00,2 HOURS,2026-09-29,Ph4 - 4011 Brickstone Mews
W13838232,2026-09-28 22:00:00,2 HOURS,2026-09-29,413 - 1 Hurontario Street
W13838640,2026-09-28 23:00:00,1 HOUR,2026-09-29,83 - 5230 Glen Erin Drive
W13838818,2026-09-28 23:00:00,1 HOUR,2026-09-29,5343 Russell View Road
W13839064,2026-09-28 23:00:00,1 HOUR,2026-09-29,3412 Ellengale Drive
W13839472,2026-09-28 23:00:00,1 HOUR,2026-09-29,10 - 520 Novo Star Drive
W13838826,2026-09-28 23:00:00,1 HOUR,2026-09-29,103 - 49 Queen Street E
W13838866,2026-09-28 23:00:00,1 HOUR,2026-09-29,3362 Bobwhite Mews
W13838614,2026-09-28 23:00:00,1 HOUR,2026-09-29,"4365 Mississauga, On Violet Road"
W13838400,2026-09-28 23:00:00,1 HOUR,2026-09-29,1024 Roosevelt Road
W13838372,2026-09-28 23:00:00,1 HOUR,2026-09-29,3163 Ibbetson Crescent
W13839010,2026-09-28 23:00:00,1 HOUR,2026-09-29,7 - 4020 Parkside Village Drive
W13839006,2026-09-28 23:00:00,1 HOUR,2026-09-29,1009 - 21 Park Street E
W13838992,2026-09-28 23:00:00,1 HOUR,2026-09-29,5301 - 60 Absolute Avenue
W13838530,2026-09-28 23:00:00,1 HOUR,2026-09-29,306 Cossack Court
W13838930,2026-09-28 23:04:00,56 MINUTES,2026-09-29,6781 Gracefield Drive
W13839224,2026-09-28 23:22:00,38 MINUTES,2026-09-29,2420 Edenhurst Drive
40853343,2026-09-28 23:24:00,36 MINUTES,2026-09-29,75 Eglinton Avenue W Unit# 1601
W13839282,2026-09-28 23:34:00,26 MINUTES,2026-09-29,4635 Beaufort Terrace
W13839714,2026-09-28 23:59:00,1 MINUTE,2026-09-29,1601 - 75 Eglinton Avenue W
